feature,feature_type,reference_group,target_group,records,observed_records,missing_rate,mean,standard_deviation,median,p10,p25,p75,p90,p99,reference_records,reference_observed_records,reference_missing_rate,reference_mean,reference_standard_deviation,reference_median,reference_p10,reference_p25,reference_p75,reference_p90,reference_p99,psi,ks_statistic,representation,psi_missing_bin,statistics_exact
Dst Port,numeric,training_benign,validation_Infilteration,68857,68857,0.0,8407.140043859012,18389.23973964969,443.0,53.0,53.0,2604.0,51819.0,56013.44,10885643,10885643,0.0,11224.438556822046,20719.499499004716,443.0,53.0,53.0,3389.0,51847.0,62364.0,0.16430421716080607,0.10173477480251358,cleaned observed native units before imputation; fixed one-hot for Protocol,True,True
Dst Port,numeric,training_benign,test_Infilteration,93040,93040,0.0,8918.056061908856,17641.54069304161,443.0,53.0,53.0,3814.0,51052.100000000006,55555.0,10885643,10885643,0.0,11224.438556822046,20719.499499004716,443.0,53.0,53.0,3389.0,51847.0,62364.0,0.1664013003782798,0.10713290285455579,cleaned observed native units before imputation; fixed one-hot for Protocol,True,True
Dst Port,numeric,training_benign,test_Bot,282310,282310,0.0,8730.173369699975,5294.722335386762,8080.0,8080.0,8080.0,8080.0,8080.0,51054.909999999974,10885643,10885643,0.0,11224.438556822046,20719.499499004716,443.0,53.0,53.0,3389.0,51847.0,62364.0,9.97674886719315,0.7885764516384379,cleaned observed native units before imputation; fixed one-hot for Protocol,True,True
Dst Port,numeric,training_malicious,validation_Infilteration,68857,68857,0.0,8407.140043859012,18389.23973964969,443.0,53.0,53.0,2604.0,51819.0,56013.44,1909493,1909493,0.0,74.61914288243005,16.880567398827242,80.0,80.0,80.0,80.0,80.0,80.0,0.5089038618909936,0.5813352309859564,cleaned observed native units before imputation; fixed one-hot for Protocol,True,True
Dst Port,numeric,training_malicious,test_Infilteration,93040,93040,0.0,8918.056061908856,17641.54069304161,443.0,53.0,53.0,3814.0,51052.100000000006,55555.0,1909493,1909493,0.0,74.61914288243005,16.880567398827242,80.0,80.0,80.0,80.0,80.0,80.0,0.3156364770131871,0.6612424763542563,cleaned observed native units before imputation; fixed one-hot for Protocol,True,True
Dst Port,numeric,training_malicious,test_Bot,282310,282310,0.0,8730.173369699975,5294.722335386762,8080.0,8080.0,8080.0,8080.0,8080.0,51054.909999999974,1909493,1909493,0.0,74.61914288243005,16.880567398827242,80.0,80.0,80.0,80.0,80.0,80.0,0.43018630423156656,0.9990861110127165,cleaned observed native units before imputation; fixed one-hot for Protocol,True,True
Dst Port,numeric,validation_Infilteration,test_Infilteration,93040,93040,0.0,8918.056061908856,17641.54069304161,443.0,53.0,53.0,3814.0,51052.100000000006,55555.0,68857,68857,0.0,8407.140043859012,18389.23973964969,443.0,53.0,53.0,2604.0,51819.0,56013.44,0.2386434650395986,0.18155797616057034,cleaned observed native units before imputation; fixed one-hot for Protocol,True,True
Flow Duration,numeric,training_benign,validation_Infilteration,68857,68857,0.0,12213453.42691375,32350717.571620736,1955.0,9.0,256.0,1395793.0,59563212.20000002,118305742.32000001,10885643,10885643,0.0,13353102.626227684,32563612.05225913,30403.0,76.0,468.0,3867625.0,60790081.80000004,118271025.96000001,0.15160359653361488,0.10748940621350564,cleaned observed native units before imputation; fixed one-hot for Protocol,True,True
Flow Duration,numeric,training_benign,test_Infilteration,93040,93040,0.0,10494114.094937662,30526574.90127997,906.0,13.0,244.0,874411.75,21045150.2,118266533.71000001,10885643,10885643,0.0,13353102.626227684,32563612.05225913,30403.0,76.0,468.0,3867625.0,60790081.80000004,118271025.96000001,0.23898681840304653,0.19940344187900721,cleaned observed native units before imputation; fixed one-hot for Protocol,True,True
Flow Duration,numeric,training_benign,test_Bot,282310,282310,0.0,76327.20050653537,2502237.258035248,9081.0,477.0,506.0,10935.0,11757.0,22959.81999999995,10885643,10885643,0.0,13353102.626227684,32563612.05225913,30403.0,76.0,468.0,3867625.0,60790081.80000004,118271025.96000001,7.000169441806056,0.5086521497555465,cleaned observed native units before imputation; fixed one-hot for Protocol,True,True
Flow Duration,numeric,training_malicious,validation_Infilteration,68857,68857,0.0,12213453.42691375,32350717.571620736,1955.0,9.0,256.0,1395793.0,59563212.20000002,118305742.32000001,1909493,1909493,0.0,4439750.157903695,12785133.587200688,25481.0,1155.0,4312.0,1324395.0,16423290.000000002,58501550.08000013,1.1748427490236242,0.3513965528453248,cleaned observed native units before imputation; fixed one-hot for Protocol,True,True
Flow Duration,numeric,training_malicious,test_Infilteration,93040,93040,0.0,10494114.094937662,30526574.90127997,906.0,13.0,244.0,874411.75,21045150.2,118266533.71000001,1909493,1909493,0.0,4439750.157903695,12785133.587200688,25481.0,1155.0,4312.0,1324395.0,16423290.000000002,58501550.08000013,1.4269940223509194,0.4347800558660446,cleaned observed native units before imputation; fixed one-hot for Protocol,True,True
Flow Duration,numeric,training_malicious,test_Bot,282310,282310,0.0,76327.20050653537,2502237.258035248,9081.0,477.0,506.0,10935.0,11757.0,22959.81999999995,1909493,1909493,0.0,4439750.157903695,12785133.587200688,25481.0,1155.0,4312.0,1324395.0,16423290.000000002,58501550.08000013,6.131477277396167,0.5617170934402124,cleaned observed native units before imputation; fixed one-hot for Protocol,True,True
Flow Duration,numeric,validation_Infilteration,test_Infilteration,93040,93040,0.0,10494114.094937662,30526574.90127997,906.0,13.0,244.0,874411.75,21045150.2,118266533.71000001,68857,68857,0.0,12213453.42691375,32350717.571620736,1955.0,9.0,256.0,1395793.0,59563212.20000002,118305742.32000001,0.12494087711069247,0.09316397007613231,cleaned observed native units before imputation; fixed one-hot for Protocol,True,True
Tot Fwd Pkts,numeric,training_benign,validation_Infilteration,68857,68857,0.0,4.665959887883584,9.972895389651255,2.0,1.0,1.0,5.0,11.0,36.0,10885643,10885643,0.0,5.918459019830064,57.368999619399716,2.0,1.0,1.0,7.0,11.0,34.0,0.1128641190361826,0.12878881874437298,cleaned observed native units before imputation; fixed one-hot for Protocol,True,True
Tot Fwd Pkts,numeric,training_benign,test_Infilteration,93040,93040,0.0,4.961382201203783,57.58337204518922,1.0,1.0,1.0,3.0,9.0,36.0,10885643,10885643,0.0,5.918459019830064,57.368999619399716,2.0,1.0,1.0,7.0,11.0,34.0,0.2932999467536426,0.23732849920866866,cleaned observed native units before imputation; fixed one-hot for Protocol,True,True
Tot Fwd Pkts,numeric,training_benign,test_Bot,282310,282310,0.0,2.573231553965499,1.5347826421618467,3.0,2.0,2.0,3.0,3.0,5.0,10885643,10885643,0.0,5.918459019830064,57.368999619399716,2.0,1.0,1.0,7.0,11.0,34.0,5.579958011803829,0.36649151568777105,cleaned observed native units before imputation; fixed one-hot for Protocol,True,True
Tot Fwd Pkts,numeric,training_malicious,validation_Infilteration,68857,68857,0.0,4.665959887883584,9.972895389651255,2.0,1.0,1.0,5.0,11.0,36.0,1909493,1909493,0.0,156.28639225176525,4428.220999519439,2.0,2.0,2.0,3.0,3.0,24.0,1.3230874336106104,0.38030449412050094,cleaned observed native units before imputation; fixed one-hot for Protocol,True,True
Tot Fwd Pkts,numeric,training_malicious,test_Infilteration,93040,93040,0.0,4.961382201203783,57.58337204518922,1.0,1.0,1.0,3.0,9.0,36.0,1909493,1909493,0.0,156.28639225176525,4428.220999519439,2.0,2.0,2.0,3.0,3.0,24.0,1.8867013586091048,0.4888441745847966,cleaned observed native units before imputation; fixed one-hot for Protocol,True,True
Tot Fwd Pkts,numeric,training_malicious,test_Bot,282310,282310,0.0,2.573231553965499,1.5347826421618467,3.0,2.0,2.0,3.0,3.0,5.0,1909493,1909493,0.0,156.28639225176525,4428.220999519439,2.0,2.0,2.0,3.0,3.0,24.0,0.45388992077545254,0.15354151916895453,cleaned observed native units before imputation; fixed one-hot for Protocol,True,True
Tot Fwd Pkts,numeric,validation_Infilteration,test_Infilteration,93040,93040,0.0,4.961382201203783,57.58337204518922,1.0,1.0,1.0,3.0,9.0,36.0,68857,68857,0.0,4.665959887883584,9.972895389651255,2.0,1.0,1.0,5.0,11.0,36.0,0.06445747537506867,0.10853968046429568,cleaned observed native units before imputation; fixed one-hot for Protocol,True,True
Tot Bwd Pkts,numeric,training_benign,validation_Infilteration,68857,68857,0.0,4.313925962501997,21.27225823514469,1.0,0.0,1.0,4.0,12.0,37.0,10885643,10885643,0.0,6.881105599366064,155.604863401542,1.0,0.0,1.0,5.0,9.0,39.0,0.09580335429842637,0.10751259264127122,cleaned observed native units before imputation; fixed one-hot for Protocol,True,True
Tot Bwd Pkts,numeric,training_benign,test_Infilteration,93040,93040,0.0,4.495808254514188,72.57915582542448,1.0,0.0,1.0,2.0,8.0,36.0,10885643,10885643,0.0,6.881105599366064,155.604863401542,1.0,0.0,1.0,5.0,9.0,39.0,0.2026493132828586,0.15471510351246243,cleaned observed native units before imputation; fixed one-hot for Protocol,True,True
Tot Bwd Pkts,numeric,training_benign,test_Bot,282310,282310,0.0,2.0505189330877402,2.5710556773727586,2.0,0.0,0.0,4.0,4.0,4.0,10885643,10885643,0.0,6.881105599366064,155.604863401542,1.0,0.0,1.0,5.0,9.0,39.0,5.203355261560093,0.30034403833487183,cleaned observed native units before imputation; fixed one-hot for Protocol,True,True
Tot Bwd Pkts,numeric,training_malicious,validation_Infilteration,68857,68857,0.0,4.313925962501997,21.27225823514469,1.0,0.0,1.0,4.0,12.0,37.0,1909493,1909493,0.0,2.1654936676908476,4.749421674009848,0.0,0.0,0.0,4.0,4.0,22.0,0.010521201254164345,0.4542326048962312,cleaned observed native units before imputation; fixed one-hot for Protocol,True,True
Tot Bwd Pkts,numeric,training_malicious,test_Infilteration,93040,93040,0.0,4.495808254514188,72.57915582542448,1.0,0.0,1.0,2.0,8.0,36.0,1909493,1909493,0.0,2.1654936676908476,4.749421674009848,0.0,0.0,0.0,4.0,4.0,22.0,0.03178772698672609,0.5042598792612838,cleaned observed native units before imputation; fixed one-hot for Protocol,True,True
Tot Bwd Pkts,numeric,training_malicious,test_Bot,282310,282310,0.0,2.0505189330877402,2.5710556773727586,2.0,0.0,0.0,4.0,4.0,4.0,1909493,1909493,0.0,2.1654936676908476,4.749421674009848,0.0,0.0,0.0,4.0,4.0,22.0,0.14037001847110744,0.18858178880643173,cleaned observed native units before imputation; fixed one-hot for Protocol,True,True
Tot Bwd Pkts,numeric,validation_Infilteration,test_Infilteration,93040,93040,0.0,4.495808254514188,72.57915582542448,1.0,0.0,1.0,2.0,8.0,36.0,68857,68857,0.0,4.313925962501997,21.27225823514469,1.0,0.0,1.0,4.0,12.0,37.0,0.049123131445205054,0.052050048806397076,cleaned observed native units before imputation; fixed one-hot for Protocol,True,True
TotLen Fwd Pkts,numeric,training_benign,validation_Infilteration,68857,68857,0.0,321.7476654515881,2067.7241039695004,41.0,0.0,0.0,286.0,1132.0,2392.0,10885643,10885643,0.0,431.7162545198295,10477.365678102893,54.0,0.0,31.0,896.0,1148.0,2450.0,0.13748927382195028,0.13410953461840602,cleaned observed native units before imputation; fixed one-hot for Protocol,True,True
TotLen Fwd Pkts,numeric,training_benign,test_Infilteration,93040,93040,0.0,677.3234845227859,46571.59384878949,35.0,0.0,0.0,80.0,1132.0,2360.0,10885643,10885643,0.0,431.7162545198295,10477.365678102893,54.0,0.0,31.0,896.0,1148.0,2450.0,0.214385887384105,0.201555695824846,cleaned observed native units before imputation; fixed one-hot for Protocol,True,True
TotLen Fwd Pkts,numeric,training_benign,test_Bot,282310,282310,0.0,161.45300556126244,162.97170766731026,129.0,0.0,0.0,326.0,326.0,326.0,10885643,10885643,0.0,431.7162545198295,10477.365678102893,54.0,0.0,31.0,896.0,1148.0,2450.0,6.292747368254476,0.33736294531562927,cleaned observed native units before imputation; fixed one-hot for Protocol,True,True
TotLen Fwd Pkts,numeric,training_malicious,validation_Infilteration,68857,68857,0.0,321.7476654515881,2067.7241039695004,41.0,0.0,0.0,286.0,1132.0,2392.0,1909493,1909493,0.0,5040.224996897082,141702.9295444022,0.0,0.0,0.0,20.0,316.0,1960.0,0.678133649823585,0.5509749523123667,cleaned observed native units before imputation; fixed one-hot for Protocol,True,True
TotLen Fwd Pkts,numeric,training_malicious,test_Infilteration,93040,93040,0.0,677.3234845227859,46571.59384878949,35.0,0.0,0.0,80.0,1132.0,2360.0,1909493,1909493,0.0,5040.224996897082,141702.9295444022,0.0,0.0,0.0,20.0,316.0,1960.0,0.2723817370120644,0.406297167876166,cleaned observed native units before imputation; fixed one-hot for Protocol,True,True
TotLen Fwd Pkts,numeric,training_malicious,test_Bot,282310,282310,0.0,161.45300556126244,162.97170766731026,129.0,0.0,0.0,326.0,326.0,326.0,1909493,1909493,0.0,5040.224996897082,141702.9295444022,0.0,0.0,0.0,20.0,316.0,1960.0,1.140229395604408,0.3941854385871941,cleaned observed native units before imputation; fixed one-hot for Protocol,True,True
TotLen Fwd Pkts,numeric,validation_Infilteration,test_Infilteration,93040,93040,0.0,677.3234845227859,46571.59384878949,35.0,0.0,0.0,80.0,1132.0,2360.0,68857,68857,0.0,321.7476654515881,2067.7241039695004,41.0,0.0,0.0,286.0,1132.0,2392.0,0.09686777277150051,0.1450990626442022,cleaned observed native units before imputation; fixed one-hot for Protocol,True,True
TotLen Bwd Pkts,numeric,training_benign,validation_Infilteration,68857,68857,0.0,1896.9571866331673,28134.285495908294,73.0,0.0,0.0,278.0,3773.0,24357.200000000128,10885643,10885643,0.0,5248.793522073064,224801.2067209877,130.0,0.0,0.0,582.0,2118.0,26087.0,0.22797659619717361,0.13825118109764067,cleaned observed native units before imputation; fixed one-hot for Protocol,True,True
TotLen Bwd Pkts,numeric,training_benign,test_Infilteration,93040,93040,0.0,1929.8117476354257,97479.91614676132,47.0,0.0,0.0,172.0,1581.0,17450.050000000003,10885643,10885643,0.0,5248.793522073064,224801.2067209877,130.0,0.0,0.0,582.0,2118.0,26087.0,0.31854721015681403,0.19954796702071564,cleaned observed native units before imputation; fixed one-hot for Protocol,True,True
TotLen Bwd Pkts,numeric,training_benign,test_Bot,282310,282310,0.0,68.24814211327973,71.57329867342834,129.0,0.0,0.0,129.0,129.0,326.0,10885643,10885643,0.0,5248.793522073064,224801.2067209877,130.0,0.0,0.0,582.0,2118.0,26087.0,5.300861789018573,0.48180749321796124,cleaned observed native units before imputation; fixed one-hot for Protocol,True,True
TotLen Bwd Pkts,numeric,training_malicious,validation_Infilteration,68857,68857,0.0,1896.9571866331673,28134.285495908294,73.0,0.0,0.0,278.0,3773.0,24357.200000000128,1909493,1909493,0.0,388.40775692814793,1150.8340548702681,0.0,0.0,0.0,935.0,964.0,2665.0,0.6255757009945017,0.31351636535114524,cleaned observed native units before imputation; fixed one-hot for Protocol,True,True
TotLen Bwd Pkts,numeric,training_malicious,test_Infilteration,93040,93040,0.0,1929.8117476354257,97479.91614676132,47.0,0.0,0.0,172.0,1581.0,17450.050000000003,1909493,1909493,0.0,388.40775692814793,1150.8340548702681,0.0,0.0,0.0,935.0,964.0,2665.0,0.7266283935837519,0.19921161303575874,cleaned observed native units before imputation; fixed one-hot for Protocol,True,True
TotLen Bwd Pkts,numeric,training_malicious,test_Bot,282310,282310,0.0,68.24814211327973,71.57329867342834,129.0,0.0,0.0,129.0,129.0,326.0,1909493,1909493,0.0,388.40775692814793,1150.8340548702681,0.0,0.0,0.0,935.0,964.0,2665.0,3.3388023350832916,0.3139407730485966,cleaned observed native units before imputation; fixed one-hot for Protocol,True,True
TotLen Bwd Pkts,numeric,validation_Infilteration,test_Infilteration,93040,93040,0.0,1929.8117476354257,97479.91614676132,47.0,0.0,0.0,172.0,1581.0,17450.050000000003,68857,68857,0.0,1896.9571866331673,28134.285495908294,73.0,0.0,0.0,278.0,3773.0,24357.200000000128,0.06572502393358552,0.1148786070976835,cleaned observed native units before imputation; fixed one-hot for Protocol,True,True
Fwd Pkt Len Max,numeric,training_benign,validation_Infilteration,68857,68857,0.0,152.53326459183526,263.1529987731169,40.0,0.0,0.0,140.0,619.0,1078.0,10885643,10885643,0.0,234.66186122399935,326.0033571303253,45.0,0.0,30.0,436.0,725.0,944.0,0.14178961923431835,0.1354257350091309,cleaned observed native units before imputation; fixed one-hot for Protocol,True,True
Fwd Pkt Len Max,numeric,training_benign,test_Infilteration,93040,93040,0.0,127.9408856405847,242.859524574602,33.0,0.0,0.0,51.0,661.0,958.0,10885643,10885643,0.0,234.66186122399935,326.0033571303253,45.0,0.0,30.0,436.0,725.0,944.0,0.3274095237674387,0.201555695824846,cleaned observed native units before imputation; fixed one-hot for Protocol,True,True
Fwd Pkt Len Max,numeric,training_benign,test_Bot,282310,282310,0.0,161.18505897771954,162.8876947822298,112.0,0.0,0.0,326.0,326.0,326.0,10885643,10885643,0.0,234.66186122399935,326.0033571303253,45.0,0.0,30.0,436.0,725.0,944.0,6.1187578271276335,0.2749241969173407,cleaned observed native units before imputation; fixed one-hot for Protocol,True,True
Fwd Pkt Len Max,numeric,training_malicious,validation_Infilteration,68857,68857,0.0,152.53326459183526,263.1529987731169,40.0,0.0,0.0,140.0,619.0,1078.0,1909493,1909493,0.0,71.57012515887725,165.17219686922488,0.0,0.0,0.0,20.0,315.0,640.0,0.6857167104543461,0.5507571095367594,cleaned observed native units before imputation; fixed one-hot for Protocol,True,True
Fwd Pkt Len Max,numeric,training_malicious,test_Infilteration,93040,93040,0.0,127.9408856405847,242.859524574602,33.0,0.0,0.0,51.0,661.0,958.0,1909493,1909493,0.0,71.57012515887725,165.17219686922488,0.0,0.0,0.0,20.0,315.0,640.0,0.27237461110184485,0.4056307878245753,cleaned observed native units before imputation; fixed one-hot for Protocol,True,True
Fwd Pkt Len Max,numeric,training_malicious,test_Bot,282310,282310,0.0,161.18505897771954,162.8876947822298,112.0,0.0,0.0,326.0,326.0,326.0,1909493,1909493,0.0,71.57012515887725,165.17219686922488,0.0,0.0,0.0,20.0,315.0,640.0,1.147927403281538,0.39827186362253075,cleaned observed native units before imputation; fixed one-hot for Protocol,True,True
Fwd Pkt Len Max,numeric,validation_Infilteration,test_Infilteration,93040,93040,0.0,127.9408856405847,242.859524574602,33.0,0.0,0.0,51.0,661.0,958.0,68857,68857,0.0,152.53326459183526,263.1529987731169,40.0,0.0,0.0,140.0,619.0,1078.0,0.10543564748668392,0.14575443536070387,cleaned observed native units before imputation; fixed one-hot for Protocol,True,True
Fwd Pkt Len Min,numeric,training_benign,validation_Infilteration,68857,68857,0.0,15.65094325921838,25.909888581163884,0.0,0.0,0.0,36.0,44.0,77.0,10885643,10885643,0.0,13.116457153702358,24.55759464225873,0.0,0.0,0.0,33.0,43.0,66.0,0.013572187532864669,0.05709889158175285,cleaned observed native units before imputation; fixed one-hot for Protocol,True,True
Fwd Pkt Len Min,numeric,training_benign,test_Infilteration,93040,93040,0.0,12.427472055030094,27.10189059835168,0.0,0.0,0.0,32.0,42.0,65.0,10885643,10885643,0.0,13.116457153702358,24.55759464225873,0.0,0.0,0.0,33.0,43.0,66.0,0.003858906053000999,0.025708226538158963,cleaned observed native units before imputation; fixed one-hot for Protocol,True,True
Fwd Pkt Len Min,numeric,training_benign,test_Bot,282310,282310,0.0,0.0007934540044631788,0.29810437589981603,0.0,0.0,0.0,0.0,0.0,0.0,10885643,10885643,0.0,13.116457153702358,24.55759464225873,0.0,0.0,0.0,33.0,43.0,66.0,3.395014082574875,0.311961625200612,cleaned observed native units before imputation; fixed one-hot for Protocol,True,True
Fwd Pkt Len Min,numeric,training_malicious,validation_Infilteration,68857,68857,0.0,15.65094325921838,25.909888581163884,0.0,0.0,0.0,36.0,44.0,77.0,1909493,1909493,0.0,0.06529639019362732,2.093824175989405,0.0,0.0,0.0,0.0,0.0,0.0,0.0,0.36457210685725616,cleaned observed native units before imputation; fixed one-hot for Protocol,True,True
Fwd Pkt Len Min,numeric,training_malicious,test_Infilteration,93040,93040,0.0,12.427472055030094,27.10189059835168,0.0,0.0,0.0,32.0,42.0,65.0,1909493,1909493,0.0,0.06529639019362732,2.093824175989405,0.0,0.0,0.0,0.0,0.0,0.0,0.0,0.2852761923776971,cleaned observed native units before imputation; fixed one-hot for Protocol,True,True
Fwd Pkt Len Min,numeric,training_malicious,test_Bot,282310,282310,0.0,0.0007934540044631788,0.29810437589981603,0.0,0.0,0.0,0.0,0.0,0.0,1909493,1909493,0.0,0.06529639019362732,2.093824175989405,0.0,0.0,0.0,0.0,0.0,0.0,0.0,0.002706201262458574,cleaned observed native units before imputation; fixed one-hot for Protocol,True,True
Fwd Pkt Len Min,numeric,validation_Infilteration,test_Infilteration,93040,93040,0.0,12.427472055030094,27.10189059835168,0.0,0.0,0.0,32.0,42.0,65.0,68857,68857,0.0,15.65094325921838,25.909888581163884,0.0,0.0,0.0,36.0,44.0,77.0,0.02582568312868582,0.08086896456100767,cleaned observed native units before imputation; fixed one-hot for Protocol,True,True
Fwd Pkt Len Mean,numeric,training_benign,validation_Infilteration,68857,68857,0.0,43.37327820323944,52.35152688109559,35.11764706,0.0,0.0,50.0,118.0,227.25,10885643,10885643,0.0,58.30060671553911,62.57969357484665,40.0,0.0,15.5,75.83333333333333,143.5,199.4,0.10197958843409967,0.127729319844888,cleaned observed native units before imputation; fixed one-hot for Protocol,True,True
Fwd Pkt Len Mean,numeric,training_benign,test_Infilteration,93040,93040,0.0,36.05098497787778,53.04561066082983,27.0,0.0,0.0,45.0,114.8,179.1879545490001,10885643,10885643,0.0,58.30060671553911,62.57969357484665,40.0,0.0,15.5,75.83333333333333,143.5,199.4,0.2450099675995137,0.21233818654459194,cleaned observed native units before imputation; fixed one-hot for Protocol,True,True
Fwd Pkt Len Mean,numeric,training_benign,test_Bot,282310,282310,0.0,53.55361232645325,54.38377860984167,25.8,0.0,0.0,108.6666667,108.6666667,108.6666667,10885643,10885643,0.0,58.30060671553911,62.57969357484665,40.0,0.0,15.5,75.83333333333333,143.5,199.4,5.306445035965588,0.2839928083841611,cleaned observed native units before imputation; fixed one-hot for Protocol,True,True
Fwd Pkt Len Mean,numeric,training_malicious,validation_Infilteration,68857,68857,0.0,43.37327820323944,52.35152688109559,35.11764706,0.0,0.0,50.0,118.0,227.25,1909493,1909493,0.0,17.25743231706107,37.012734975932226,0.0,0.0,0.0,6.666666667,89.0,119.0,0.715312133430457,0.5497986013240866,cleaned observed native units before imputation; fixed one-hot for Protocol,True,True
Fwd Pkt Len Mean,numeric,training_malicious,test_Infilteration,93040,93040,0.0,36.05098497787778,53.04561066082983,27.0,0.0,0.0,45.0,114.8,179.1879545490001,1909493,1909493,0.0,17.25743231706107,37.012734975932226,0.0,0.0,0.0,6.666666667,89.0,119.0,0.28635740090796186,0.4046419658125374,cleaned observed native units before imputation; fixed one-hot for Protocol,True,True
Fwd Pkt Len Mean,numeric,training_malicious,test_Bot,282310,282310,0.0,53.55361232645325,54.38377860984167,25.8,0.0,0.0,108.6666667,108.6666667,108.6666667,1909493,1909493,0.0,17.25743231706107,37.012734975932226,0.0,0.0,0.0,6.666666667,89.0,119.0,1.2217287724306587,0.4562959190302982,cleaned observed native units before imputation; fixed one-hot for Protocol,True,True
Fwd Pkt Len Mean,numeric,validation_Infilteration,test_Infilteration,93040,93040,0.0,36.05098497787778,53.04561066082983,27.0,0.0,0.0,45.0,114.8,179.1879545490001,68857,68857,0.0,43.37327820323944,52.35152688109559,35.11764706,0.0,0.0,50.0,118.0,227.25,0.09852279798919115,0.14530947135558553,cleaned observed native units before imputation; fixed one-hot for Protocol,True,True
Fwd Pkt Len Std,numeric,training_benign,validation_Infilteration,68857,68857,0.0,46.71684397489948,88.80164289901877,0.0,0.0,0.0,52.48523602,205.4511296,360.1013570280008,10885643,10885643,0.0,83.23626534306355,128.18210084595188,0.0,0.0,0.0,140.5032751564,229.2132437515579,418.1447118,0.10929435229591289,0.15491791745629202,cleaned observed native units before imputation; fixed one-hot for Protocol,True,True
Fwd Pkt Len Std,numeric,training_benign,test_Infilteration,93040,93040,0.0,39.36245739833838,82.85955417329806,0.0,0.0,0.0,23.45918441,209.0799953,277.7732889,10885643,10885643,0.0,83.23626534306355,128.18210084595188,0.0,0.0,0.0,140.5032751564,229.2132437515579,418.1447118,0.23909506062444355,0.19842014260567298,cleaned observed native units before imputation; fixed one-hot for Protocol,True,True
Fwd Pkt Len Std,numeric,training_benign,test_Bot,282310,282310,0.0,92.81531541605204,94.12772265482384,48.74628191,0.0,0.0,188.2161878,188.2161878,188.2161878,10885643,10885643,0.0,83.23626534306355,128.18210084595188,0.0,0.0,0.0,140.5032751564,229.2132437515579,418.1447118,1.7140817216767061,0.2617369693522973,cleaned observed native units before imputation; fixed one-hot for Protocol,True,True
Fwd Pkt Len Std,numeric,training_malicious,validation_Infilteration,68857,68857,0.0,46.71684397489948,88.80164289901877,0.0,0.0,0.0,52.48523602,205.4511296,360.1013570280008,1909493,1909493,0.0,29.0442840983482,61.88862754476882,0.0,0.0,0.0,11.54700538,150.6884203,205.5366958,0.0168209491808663,0.1870999423370543,cleaned observed native units before imputation; fixed one-hot for Protocol,True,True
Fwd Pkt Len Std,numeric,training_malicious,test_Infilteration,93040,93040,0.0,39.36245739833838,82.85955417329806,0.0,0.0,0.0,23.45918441,209.0799953,277.7732889,1909493,1909493,0.0,29.0442840983482,61.88862754476882,0.0,0.0,0.0,11.54700538,150.6884203,205.5366958,0.024099097500439287,0.12070928160337002,cleaned observed native units before imputation; fixed one-hot for Protocol,True,True
Fwd Pkt Len Std,numeric,training_malicious,test_Bot,282310,282310,0.0,92.81531541605204,94.12772265482384,48.74628191,0.0,0.0,188.2161878,188.2161878,188.2161878,1909493,1909493,0.0,29.0442840983482,61.88862754476882,0.0,0.0,0.0,11.54700538,150.6884203,205.5366958,1.2081999690693639,0.4551110350675164,cleaned observed native units before imputation; fixed one-hot for Protocol,True,True
Fwd Pkt Len Std,numeric,validation_Infilteration,test_Infilteration,93040,93040,0.0,39.36245739833838,82.85955417329806,0.0,0.0,0.0,23.45918441,209.0799953,277.7732889,68857,68857,0.0,46.71684397489948,88.80164289901877,0.0,0.0,0.0,52.48523602,205.4511296,360.1013570280008,0.019249250361558647,0.06679453462133589,cleaned observed native units before imputation; fixed one-hot for Protocol,True,True
Bwd Pkt Len Max,numeric,training_benign,validation_Infilteration,68857,68857,0.0,332.6499557053023,534.7538313959119,68.0,0.0,0.0,189.0,1460.0,1460.0,10885643,10885643,0.0,371.91187980351737,504.2607681712734,113.0,0.0,0.0,488.0,1175.0,1460.0,0.18389747033849912,0.13536380555072425,cleaned observed native units before imputation; fixed one-hot for Protocol,True,True
Bwd Pkt Len Max,numeric,training_benign,test_Infilteration,93040,93040,0.0,264.4940563198624,480.3742011796613,46.0,0.0,0.0,139.0,1173.0,1460.0,10885643,10885643,0.0,371.91187980351737,504.2607681712734,113.0,0.0,0.0,488.0,1175.0,1460.0,0.26414163007972413,0.2012205103966498,cleaned observed native units before imputation; fixed one-hot for Protocol,True,True
Bwd Pkt Len Max,numeric,training_benign,test_Bot,282310,282310,0.0,59.89669866458857,64.64425568615687,112.0,0.0,0.0,112.0,112.0,326.0,10885643,10885643,0.0,371.91187980351737,504.2607681712734,113.0,0.0,0.0,488.0,1175.0,1460.0,5.1350155739924235,0.48362089091987004,cleaned observed native units before imputation; fixed one-hot for Protocol,True,True
Bwd Pkt Len Max,numeric,training_malicious,validation_Infilteration,68857,68857,0.0,332.6499557053023,534.7538313959119,68.0,0.0,0.0,189.0,1460.0,1460.0,1909493,1909493,0.0,299.2065763006201,442.8350936348486,0.0,0.0,0.0,935.0,964.0,976.0,0.6449617965672053,0.31351636535114524,cleaned observed native units before imputation; fixed one-hot for Protocol,True,True
Bwd Pkt Len Max,numeric,training_malicious,test_Infilteration,93040,93040,0.0,264.4940563198624,480.3742011796613,46.0,0.0,0.0,139.0,1173.0,1460.0,1909493,1909493,0.0,299.2065763006201,442.8350936348486,0.0,0.0,0.0,935.0,964.0,976.0,0.6729176411447455,0.19921161303575874,cleaned observed native units before imputation; fixed one-hot for Protocol,True,True
Bwd Pkt Len Max,numeric,training_malicious,test_Bot,282310,282310,0.0,59.89669866458857,64.64425568615687,112.0,0.0,0.0,112.0,112.0,326.0,1909493,1909493,0.0,299.2065763006201,442.8350936348486,0.0,0.0,0.0,935.0,964.0,976.0,3.3387962006930985,0.3139407730485966,cleaned observed native units before imputation; fixed one-hot for Protocol,True,True
Bwd Pkt Len Max,numeric,validation_Infilteration,test_Infilteration,93040,93040,0.0,264.4940563198624,480.3742011796613,46.0,0.0,0.0,139.0,1173.0,1460.0,68857,68857,0.0,332.6499557053023,534.7538313959119,68.0,0.0,0.0,189.0,1460.0,1460.0,0.0974809000558542,0.11488935516303173,cleaned observed native units before imputation; fixed one-hot for Protocol,True,True
Bwd Pkt Len Min,numeric,training_benign,validation_Infilteration,68857,68857,0.0,37.380585851837864,57.114823465436906,0.0,0.0,0.0,67.0,126.0,213.0,10885643,10885643,0.0,31.846112351838105,54.286831168462975,0.0,0.0,0.0,60.0,119.0,211.0,0.011893517327855275,0.05499353838806065,cleaned observed native units before imputation; fixed one-hot for Protocol,True,True
Bwd Pkt Len Min,numeric,training_benign,test_Infilteration,93040,93040,0.0,28.454223989681857,51.1203390994931,0.0,0.0,0.0,56.0,107.0,198.0,10885643,10885643,0.0,31.846112351838105,54.286831168462975,0.0,0.0,0.0,60.0,119.0,211.0,0.004140266333980659,0.026204929368313867,cleaned observed native units before imputation; fixed one-hot for Protocol,True,True
Bwd Pkt Len Min,numeric,training_benign,test_Bot,282310,282310,0.0,0.0,0.0,0.0,0.0,0.0,0.0,0.0,0.0,10885643,10885643,0.0,31.846112351838105,54.286831168462975,0.0,0.0,0.0,60.0,119.0,211.0,3.5706454761756357,0.3121515192074552,cleaned observed native units before imputation; fixed one-hot for Protocol,True,True
Bwd Pkt Len Min,numeric,training_malicious,validation_Infilteration,68857,68857,0.0,37.380585851837864,57.114823465436906,0.0,0.0,0.0,67.0,126.0,213.0,1909493,1909493,0.0,0.0,0.0,0.0,0.0,0.0,0.0,0.0,0.0,4.870318253007943,0.3670069854916711,cleaned observed native units before imputation; fixed one-hot for Protocol,True,True
Bwd Pkt Len Min,numeric,training_malicious,test_Infilteration,93040,93040,0.0,28.454223989681857,51.1203390994931,0.0,0.0,0.0,56.0,107.0,198.0,1909493,1909493,0.0,0.0,0.0,0.0,0.0,0.0,0.0,0.0,0.0,3.729634336321018,0.28880051590713673,cleaned observed native units before imputation; fixed one-hot for Protocol,True,True
Bwd Pkt Len Min,numeric,training_malicious,test_Bot,282310,282310,0.0,0.0,0.0,0.0,0.0,0.0,0.0,0.0,0.0,1909493,1909493,0.0,0.0,0.0,0.0,0.0,0.0,0.0,0.0,0.0,0.0,0.0,cleaned observed native units before imputation; fixed one-hot for Protocol,True,True
Bwd Pkt Len Min,numeric,validation_Infilteration,test_Infilteration,93040,93040,0.0,28.454223989681857,51.1203390994931,0.0,0.0,0.0,56.0,107.0,198.0,68857,68857,0.0,37.380585851837864,57.114823465436906,0.0,0.0,0.0,67.0,126.0,213.0,0.02674875395326365,0.07960354606580511,cleaned observed native units before imputation; fixed one-hot for Protocol,True,True
Bwd Pkt Len Mean,numeric,training_benign,validation_Infilteration,68857,68857,0.0,123.46170599598629,184.6167692189126,62.0,0.0,0.0,156.0,368.8333333,903.5555556,10885643,10885643,0.0,124.8736987840679,168.78755255624776,88.0,0.0,0.0,165.77777777777777,225.8571428571429,887.9306710310976,0.1160442808773949,0.09303177217375097,cleaned observed native units before imputation; fixed one-hot for Protocol,True,True
Bwd Pkt Len Mean,numeric,training_benign,test_Infilteration,93040,93040,0.0,91.82272339574563,162.61998701002926,36.25,0.0,0.0,125.875,225.8571429,851.625,10885643,10885643,0.0,124.8736987840679,168.78755255624776,88.0,0.0,0.0,165.77777777777777,225.8571428571429,887.9306710310976,0.2516208866808187,0.20067307990496197,cleaned observed native units before imputation; fixed one-hot for Protocol,True,True
Bwd Pkt Len Mean,numeric,training_benign,test_Bot,282310,282310,0.0,18.203073413261574,24.004412250252457,32.25,0.0,0.0,32.25,32.25,163.0,10885643,10885643,0.0,124.8736987840679,168.78755255624776,88.0,0.0,0.0,165.77777777777777,225.8571428571429,887.9306710310976,7.140262846815329,0.6860460792327958,cleaned observed native units before imputation; fixed one-hot for Protocol,True,True
Bwd Pkt Len Mean,numeric,training_malicious,validation_Infilteration,68857,68857,0.0,123.46170599598629,184.6167692189126,62.0,0.0,0.0,156.0,368.8333333,903.5555556,1909493,1909493,0.0,69.15878419348151,105.33633986752973,0.0,0.0,0.0,233.75,241.0,243.0,0.45932509116484393,0.31351636535114524,cleaned observed native units before imputation; fixed one-hot for Protocol,True,True
Bwd Pkt Len Mean,numeric,training_malicious,test_Infilteration,93040,93040,0.0,91.82272339574563,162.61998701002926,36.25,0.0,0.0,125.875,225.8571429,851.625,1909493,1909493,0.0,69.15878419348151,105.33633986752973,0.0,0.0,0.0,233.75,241.0,243.0,0.5496692961787841,0.19921161303575874,cleaned observed native units before imputation; fixed one-hot for Protocol,True,True
Bwd Pkt Len Mean,numeric,training_malicious,test_Bot,282310,282310,0.0,18.203073413261574,24.004412250252457,32.25,0.0,0.0,32.25,32.25,163.0,1909493,1909493,0.0,69.15878419348151,105.33633986752973,0.0,0.0,0.0,233.75,241.0,243.0,2.801014983632972,0.29919121935186466,cleaned observed native units before imputation; fixed one-hot for Protocol,True,True
Bwd Pkt Len Mean,numeric,validation_Infilteration,test_Infilteration,93040,93040,0.0,91.82272339574563,162.61998701002926,36.25,0.0,0.0,125.875,225.8571429,851.625,68857,68857,0.0,123.46170599598629,184.6167692189126,62.0,0.0,0.0,156.0,368.8333333,903.5555556,0.08014040007595655,0.11586743035846181,cleaned observed native units before imputation; fixed one-hot for Protocol,True,True
Bwd Pkt Len Std,numeric,training_benign,validation_Infilteration,68857,68857,0.0,117.686893809545,226.21359656315286,0.0,0.0,0.0,61.79805822,539.6978041,704.586888448,10885643,10885643,0.0,137.19481316874413,204.85649027019235,0.0,0.0,0.0,240.4163056,430.09860441974183,694.4402550667285,0.12110738228188034,0.14635154263003147,cleaned observed native units before imputation; fixed one-hot for Protocol,True,True
Bwd Pkt Len Std,numeric,training_benign,test_Infilteration,93040,93040,0.0,91.8087413426578,198.8192867679496,0.0,0.0,0.0,0.0,430.0986044,697.8244956220001,10885643,10885643,0.0,137.19481316874413,204.85649027019235,0.0,0.0,0.0,240.4163056,430.09860441974183,694.4402550667285,0.16716625848639452,0.18166375072523888,cleaned observed native units before imputation; fixed one-hot for Protocol,True,True
Bwd Pkt Len Std,numeric,training_benign,test_Bot,282310,282310,0.0,29.7786988382085,36.4297122541511,53.7672453,0.0,0.0,53.7672453,53.7672453,230.5168107,10885643,10885643,0.0,137.19481316874413,204.85649027019235,0.0,0.0,0.0,240.4163056,430.09860441974183,694.4402550667285,2.258864437629761,0.376276321029261,cleaned observed native units before imputation; fixed one-hot for Protocol,True,True
Bwd Pkt Len Std,numeric,training_malicious,validation_Infilteration,68857,68857,0.0,117.686893809545,226.21359656315286,0.0,0.0,0.0,61.79805822,539.6978041,704.586888448,1909493,1909493,0.0,138.58972225510095,209.69032825374444,0.0,0.0,0.0,467.5,482.0,482.0,0.33438263274806856,0.12614747737976828,cleaned observed native units before imputation; fixed one-hot for Protocol,True,True
Bwd Pkt Len Std,numeric,training_malicious,test_Infilteration,93040,93040,0.0,91.8087413426578,198.8192867679496,0.0,0.0,0.0,0.0,430.0986044,697.8244956220001,1909493,1909493,0.0,138.58972225510095,209.69032825374444,0.0,0.0,0.0,467.5,482.0,482.0,0.46094712126276993,0.18777198449722055,cleaned observed native units before imputation; fixed one-hot for Protocol,True,True
Bwd Pkt Len Std,numeric,training_malicious,test_Bot,282310,282310,0.0,29.7786988382085,36.4297122541511,53.7672453,0.0,0.0,53.7672453,53.7672453,230.5168107,1909493,1909493,0.0,138.58972225510095,209.69032825374444,0.0,0.0,0.0,467.5,482.0,482.0,3.3912312383277223,0.3139392019509283,cleaned observed native units before imputation; fixed one-hot for Protocol,True,True
Bwd Pkt Len Std,numeric,validation_Infilteration,test_Infilteration,93040,93040,0.0,91.8087413426578,198.8192867679496,0.0,0.0,0.0,0.0,430.0986044,697.8244956220001,68857,68857,0.0,117.686893809545,226.21359656315286,0.0,0.0,0.0,61.79805822,539.6978041,704.586888448,0.03510186829170054,0.06219542142811929,cleaned observed native units before imputation; fixed one-hot for Protocol,True,True
Flow Byts/s,numeric,training_benign,validation_Infilteration,68857,68224,0.009192965130633057,314223.52216783096,3658994.8381054206,1607.042275,0.0,0.0,107712.61417500001,311594.2029,1309135.0091400214,10885643,10808750,0.007063707674411113,309739.6852336395,4055479.297737989,1208.4914718530943,0.0,23.0152704217152,110340.04163775156,374358.9743589744,1142721.218,0.06482242254295854,0.06259931945348202,cleaned observed native units before imputation; fixed one-hot for Protocol,True,True
Flow Byts/s,numeric,training_benign,test_Infilteration,93040,92380,0.007093723129836582,237663.18408917537,3052655.203830081,141.6247069,0.0,0.0,46129.05251,260371.9599,923852.4464740093,10885643,10808750,0.007063707674411113,309739.6852336395,4055479.297737989,1208.4914718530943,0.0,23.0152704217152,110340.04163775156,374358.9743589744,1142721.218,0.20081873506449308,0.2031657580290759,cleaned observed native units before imputation; fixed one-hot for Protocol,True,True
Flow Byts/s,numeric,training_benign,test_Bot,282310,282310,0.0,20648.768705258717,20981.834385013026,9495.395238000001,0.0,0.0,41731.6335,44871.79487,49667.06691,10885643,10808750,0.007063707674411113,309739.6852336395,4055479.297737989,1208.4914718530943,0.0,23.0152704217152,110340.04163775156,374358.9743589744,1142721.218,5.794866497903884,0.30876093678031036,cleaned observed native units before imputation; fixed one-hot for Protocol,True,True
Flow Byts/s,numeric,training_malicious,validation_Infilteration,68857,68224,0.009192965130633057,314223.52216783096,3658994.8381054206,1607.042275,0.0,0.0,107712.61417500001,311594.2029,1309135.0091400214,1909493,1909487,3.142195336702791e-06,24079.89294440582,231420.65062847506,0.0,0.0,0.0,676.7286497,14257.306987422637,861977.0581539976,0.6817088700198529,0.40509934717207297,cleaned observed native units before imputation; fixed one-hot for Protocol,True,True
Flow Byts/s,numeric,training_malicious,test_Infilteration,93040,92380,0.007093723129836582,237663.18408917537,3052655.203830081,141.6247069,0.0,0.0,46129.05251,260371.9599,923852.4464740093,1909493,1909487,3.142195336702791e-06,24079.89294440582,231420.65062847506,0.0,0.0,0.0,676.7286497,14257.306987422637,861977.0581539976,0.39905316470408175,0.26836282128201183,cleaned observed native units before imputation; fixed one-hot for Protocol,True,True
Flow Byts/s,numeric,training_malicious,test_Bot,282310,282310,0.0,20648.768705258717,20981.834385013026,9495.395238000001,0.0,0.0,41731.6335,44871.79487,49667.06691,1909493,1909487,3.142195336702791e-06,24079.89294440582,231420.65062847506,0.0,0.0,0.0,676.7286497,14257.306987422637,861977.0581539976,2.095272994028643,0.4019837427936235,cleaned observed native units before imputation; fixed one-hot for Protocol,True,True
Flow Byts/s,numeric,validation_Infilteration,test_Infilteration,93040,92380,0.007093723129836582,237663.18408917537,3052655.203830081,141.6247069,0.0,0.0,46129.05251,260371.9599,923852.4464740093,68857,68224,0.009192965130633057,314223.52216783096,3658994.8381054206,1607.042275,0.0,0.0,107712.61417500001,311594.2029,1309135.0091400214,0.10170927845542142,0.14667310467065026,cleaned observed native units before imputation; fixed one-hot for Protocol,True,True
Flow Pkts/s,numeric,training_benign,validation_Infilteration,68857,68224,0.009192965130633057,115686.81922378644,371704.2102593579,982.8009828,0.441292165,8.955066166249999,8196.721311,142857.1429,2000000.0,10885643,10808750,0.007063707674411113,32521.402531309755,222154.11806056098,108.42459069717012,0.3536204669874148,4.15917496933782,5780.346820809248,24691.358024691355,2000000.0,0.08469526138641206,0.10240255214911484,cleaned observed native units before imputation; fixed one-hot for Protocol,True,True
Flow Pkts/s,numeric,training_benign,test_Infilteration,93040,92380,0.007093723129836582,102795.55805074643,333897.6342459673,2229.654404,0.4757670859,10.681387042499999,8230.452675,117647.0588,2000000.0,10885643,10808750,0.007063707674411113,32521.402531309755,222154.11806056098,108.42459069717012,0.3536204669874148,4.15917496933782,5780.346820809248,24691.358024691355,2000000.0,0.1441920616957727,0.16690523064900586,cleaned observed native units before imputation; fixed one-hot for Protocol,True,True
Flow Pkts/s,numeric,training_benign,test_Bot,282310,282310,0.0,2211.974574224138,1641.0877966234148,776.9145394,596.5570138,640.6736226,3952.56917,4192.872117,4545.454545,10885643,10808750,0.007063707674411113,32521.402531309755,222154.11806056098,108.42459069717012,0.3536204669874148,4.15917496933782,5780.346820809248,24691.358024691355,2000000.0,6.057912006519026,0.5437237393659948,cleaned observed native units before imputation; fixed one-hot for Protocol,True,True
Flow Pkts/s,numeric,training_malicious,validation_Infilteration,68857,68224,0.009192965130633057,115686.81922378644,371704.2102593579,982.8009828,0.441292165,8.955066166249999,8196.721311,142857.1429,2000000.0,1909493,1909487,3.142195336702791e-06,21867.302863150486,147008.94762639207,117.5044197685,0.13147718419999999,5.250668804,632.3967838,2157.497303,666666.666666667,1.3210659379779743,0.33734293484329414,cleaned observed native units before imputation; fixed one-hot for Protocol,True,True
Flow Pkts/s,numeric,training_malicious,test_Infilteration,93040,92380,0.007093723129836582,102795.55805074643,333897.6342459673,2229.654404,0.4757670859,10.681387042499999,8230.452675,117647.0588,2000000.0,1909493,1909487,3.142195336702791e-06,21867.302863150486,147008.94762639207,117.5044197685,0.13147718419999999,5.250668804,632.3967838,2157.497303,666666.666666667,1.5691712923971064,0.42019945662201547,cleaned observed native units before imputation; fixed one-hot for Protocol,True,True
Flow Pkts/s,numeric,training_malicious,test_Bot,282310,282310,0.0,2211.974574224138,1641.0877966234148,776.9145394,596.5570138,640.6736226,3952.56917,4192.872117,4545.454545,1909493,1909487,3.142195336702791e-06,21867.302863150486,147008.94762639207,117.5044197685,0.13147718419999999,5.250668804,632.3967838,2157.497303,666666.666666667,5.082601192825154,0.6797271720165017,cleaned observed native units before imputation; fixed one-hot for Protocol,True,True
Flow Pkts/s,numeric,validation_Infilteration,test_Infilteration,93040,92380,0.007093723129836582,102795.55805074643,333897.6342459673,2229.654404,0.4757670859,10.681387042499999,8230.452675,117647.0588,2000000.0,68857,68224,0.009192965130633057,115686.81922378644,371704.2102593579,982.8009828,0.441292165,8.955066166249999,8196.721311,142857.1429,2000000.0,0.1390065978932413,0.09513490601061692,cleaned observed native units before imputation; fixed one-hot for Protocol,True,True
Flow IAT Mean,numeric,training_benign,validation_Infilteration,68857,68857,0.0,865381.2796062236,4329215.882382006,1867.0,8.43333333320006,219.0,122213.7857,2488925.1672,10800000.0,10885643,10885643,0.0,3029223.3053267933,13010723.254061518,13455.0,68.5,303.0,274402.03125,2971501.164102564,86127555.38,0.08790748375973004,0.10047853030788234,cleaned observed native units before imputation; fixed one-hot for Protocol,True,True
Flow IAT Mean,numeric,training_benign,test_Infilteration,93040,93040,0.0,1025889.4286431797,6109973.376304152,844.6,12.0,240.0,100566.303575,2231090.7996000024,12000000.0,10885643,10885643,0.0,3029223.3053267933,13010723.254061518,13455.0,68.5,303.0,274402.03125,2971501.164102564,86127555.38,0.2508562635513365,0.15838750518183237,cleaned observed native units before imputation; fixed one-hot for Protocol,True,True
Flow IAT Mean,numeric,training_benign,test_Bot,282310,282310,0.0,3362.6816383459745,85850.06828287913,1500.5,476.0,506.0,1820.833333,1955.333333,3686.6366669399913,10885643,10885643,0.0,3029223.3053267933,13010723.254061518,13455.0,68.5,303.0,274402.03125,2971501.164102564,86127555.38,6.718314098043043,0.5416231277686483,cleaned observed native units before imputation; fixed one-hot for Protocol,True,True
Flow IAT Mean,numeric,training_malicious,validation_Infilteration,68857,68857,0.0,865381.2796062236,4329215.882382006,1867.0,8.43333333320006,219.0,122213.7857,2488925.1672,10800000.0,1909493,1909493,0.0,3586021.813088185,10177056.506685924,14982.0,858.0,2529.333333,222591.1667,15100000.0,41200000.0,1.1892169168503832,0.32977697611564893,cleaned observed native units before imputation; fixed one-hot for Protocol,True,True
Flow IAT Mean,numeric,training_malicious,test_Infilteration,93040,93040,0.0,1025889.4286431797,6109973.376304152,844.6,12.0,240.0,100566.303575,2231090.7996000024,12000000.0,1909493,1909493,0.0,3586021.813088185,10177056.506685924,14982.0,858.0,2529.333333,222591.1667,15100000.0,41200000.0,1.467168773921423,0.4141898748641601,cleaned observed native units before imputation; fixed one-hot for Protocol,True,True
Flow IAT Mean,numeric,training_malicious,test_Bot,282310,282310,0.0,3362.6816383459745,85850.06828287913,1500.5,476.0,506.0,1820.833333,1955.333333,3686.6366669399913,1909493,1909493,0.0,3586021.813088185,10177056.506685924,14982.0,858.0,2529.333333,222591.1667,15100000.0,41200000.0,5.230451303735183,0.7272585957486897,cleaned observed native units before imputation; fixed one-hot for Protocol,True,True
Flow IAT Mean,numeric,validation_Infilteration,test_Infilteration,93040,93040,0.0,1025889.4286431797,6109973.376304152,844.6,12.0,240.0,100566.303575,2231090.7996000024,12000000.0,68857,68857,0.0,865381.2796062236,4329215.882382006,1867.0,8.43333333320006,219.0,122213.7857,2488925.1672,10800000.0,0.12087601235722094,0.09271722193306253,cleaned observed native units before imputation; fixed one-hot for Protocol,True,True
Flow IAT Std,numeric,training_benign,validation_Infilteration,68857,68857,0.0,1191423.491335518,3467982.0835185573,0.0,0.0,0.0,194751.2989,4319729.430600001,16500000.0,10885643,10885643,0.0,1161573.7772988111,3790665.9402956828,233.0688024,0.0,0.0,252025.35757228793,2821307.1456158715,18721157.72018402,0.0729765151600683,0.09504542930502963,cleaned observed native units before imputation; fixed one-hot for Protocol,True,True
Flow IAT Std,numeric,training_benign,test_Infilteration,93040,93040,0.0,981083.8513903009,3258617.1410583984,0.0,0.0,0.0,119518.7015,3000847.5689000003,16500000.0,10885643,10885643,0.0,1161573.7772988111,3790665.9402956828,233.0688024,0.0,0.0,252025.35757228793,2821307.1456158715,18721157.72018402,0.10681990606887685,0.16740625548624238,cleaned observed native units before imputation; fixed one-hot for Protocol,True,True
Flow IAT Std,numeric,training_benign,test_Bot,282310,282310,0.0,9131.357129057573,253519.09991057988,3230.2077335000004,0.0,0.0,3996.8592879999997,4314.822556900001,8482.998870599975,10885643,10885643,0.0,1161573.7772988111,3790665.9402956828,233.0688024,0.0,0.0,252025.35757228793,2821307.1456158715,18721157.72018402,3.364401406740783,0.4319120148771872,cleaned observed native units before imputation; fixed one-hot for Protocol,True,True
Flow IAT Std,numeric,training_malicious,validation_Infilteration,68857,68857,0.0,1191423.491335518,3467982.0835185573,0.0,0.0,0.0,194751.2989,4319729.430600001,16500000.0,1909493,1909493,0.0,281354.41138087347,2813535.7864778787,0.0,0.0,0.0,13877.9732155934,534091.74018,2623911.4833178152,0.10437016691686107,0.16182984650330046,cleaned observed native units before imputation; fixed one-hot for Protocol,True,True
Flow IAT Std,numeric,training_malicious,test_Infilteration,93040,93040,0.0,981083.8513903009,3258617.1410583984,0.0,0.0,0.0,119518.7015,3000847.5689000003,16500000.0,1909493,1909493,0.0,281354.41138087347,2813535.7864778787,0.0,0.0,0.0,13877.9732155934,534091.74018,2623911.4833178152,0.09479659080334507,0.11623418909211614,cleaned observed native units before imputation; fixed one-hot for Protocol,True,True
Flow IAT Std,numeric,training_malicious,test_Bot,282310,282310,0.0,9131.357129057573,253519.09991057988,3230.2077335000004,0.0,0.0,3996.8592879999997,4314.822556900001,8482.998870599975,1909493,1909493,0.0,281354.41138087347,2813535.7864778787,0.0,0.0,0.0,13877.9732155934,534091.74018,2623911.4833178152,0.9543120206545683,0.2524657146568553,cleaned observed native units before imputation; fixed one-hot for Protocol,True,True
Flow IAT Std,numeric,validation_Infilteration,test_Infilteration,93040,93040,0.0,981083.8513903009,3258617.1410583984,0.0,0.0,0.0,119518.7015,3000847.5689000003,16500000.0,68857,68857,0.0,1191423.491335518,3467982.0835185573,0.0,0.0,0.0,194751.2989,4319729.430600001,16500000.0,0.031656479103202205,0.07331662291725227,cleaned observed native units before imputation; fixed one-hot for Protocol,True,True
Flow IAT Max,numeric,training_benign,validation_Infilteration,68857,68857,0.0,4368240.081487721,12717043.243488345,1951.0,9.0,245.0,937888.0,10100000.0,58900000.0,10885643,10885643,0.0,6287511.503278309,17169047.007037632,24321.0,72.0,366.0,1419989.5,10090125.600000001,86189640.92,0.09650840195843757,0.10263894920528793,cleaned observed native units before imputation; fixed one-hot for Protocol,True,True
Flow IAT Max,numeric,training_benign,test_Infilteration,93040,93040,0.0,3756975.8037188305,12445632.442483464,903.0,12.0,243.0,501275.25,10000000.0,58900000.0,10885643,10885643,0.0,6287511.503278309,17169047.007037632,24321.0,72.0,366.0,1419989.5,10090125.600000001,86189640.92,0.14411120621408172,0.1749380983046115,cleaned observed native units before imputation; fixed one-hot for Protocol,True,True
Flow IAT Max,numeric,training_benign,test_Bot,282310,282310,0.0,32556.779178916793,977559.8640097311,8131.0,477.0,506.0,9971.0,10752.0,21071.909999999974,10885643,10885643,0.0,6287511.503278309,17169047.007037632,24321.0,72.0,366.0,1419989.5,10090125.600000001,86189640.92,6.917686803754381,0.5077927533649849,cleaned observed native units before imputation; fixed one-hot for Protocol,True,True
Flow IAT Max,numeric,training_malicious,validation_Infilteration,68857,68857,0.0,4368240.081487721,12717043.243488345,1951.0,9.0,245.0,937888.0,10100000.0,58900000.0,1909493,1909493,0.0,4107629.6532048034,11237340.14695143,24460.0,989.0,4216.0,1318166.0,16004666.200000001,44200000.0,1.200573955803582,0.3432253405658803,cleaned observed native units before imputation; fixed one-hot for Protocol,True,True
Flow IAT Max,numeric,training_malicious,test_Infilteration,93040,93040,0.0,3756975.8037188305,12445632.442483464,903.0,12.0,243.0,501275.25,10000000.0,58900000.0,1909493,1909493,0.0,4107629.6532048034,11237340.14695143,24460.0,989.0,4216.0,1318166.0,16004666.200000001,44200000.0,1.548074512224285,0.42359166577046026,cleaned observed native units before imputation; fixed one-hot for Protocol,True,True
Flow IAT Max,numeric,training_malicious,test_Bot,282310,282310,0.0,32556.779178916793,977559.8640097311,8131.0,477.0,506.0,9971.0,10752.0,21071.909999999974,1909493,1909493,0.0,4107629.6532048034,11237340.14695143,24460.0,989.0,4216.0,1318166.0,16004666.200000001,44200000.0,5.77349963413813,0.5664312746080054,cleaned observed native units before imputation; fixed one-hot for Protocol,True,True
Flow IAT Max,numeric,validation_Infilteration,test_Infilteration,93040,93040,0.0,3756975.8037188305,12445632.442483464,903.0,12.0,243.0,501275.25,10000000.0,58900000.0,68857,68857,0.0,4368240.081487721,12717043.243488345,1951.0,9.0,245.0,937888.0,10100000.0,58900000.0,0.12846618847532573,0.09367033948920345,cleaned observed native units before imputation; fixed one-hot for Protocol,True,True
Flow IAT Min,numeric,training_benign,validation_Infilteration,68857,68857,0.0,349932.6162336436,4095820.158802976,42.0,1.0,3.0,544.0,12322.400000000001,4917445.92,10885643,10885643,0.0,2523337.2520480417,12978069.689113114,47.0,1.0,6.0,487.0,16584.0,86127555.38,0.13235268490228705,0.08597967960227673,cleaned observed native units before imputation; fixed one-hot for Protocol,True,True
Flow IAT Min,numeric,training_benign,test_Infilteration,93040,93040,0.0,561677.149011178,5945316.452079087,218.0,1.0,12.0,397.0,2591.2000000000116,4996346.66,10885643,10885643,0.0,2523337.2520480417,12978069.689113114,47.0,1.0,6.0,487.0,16584.0,86127555.38,0.26304817768217015,0.14651463707961176,cleaned observed native units before imputation; fixed one-hot for Protocol,True,True
Flow IAT Min,numeric,training_benign,test_Bot,282310,282310,0.0,270.0373525557012,528.1685814566007,34.0,1.0,15.0,504.0,579.0,729.0,10885643,10885643,0.0,2523337.2520480417,12978069.689113114,47.0,1.0,6.0,487.0,16584.0,86127555.38,4.351298167365467,0.22612772748151022,cleaned observed native units before imputation; fixed one-hot for Protocol,True,True
Flow IAT Min,numeric,training_malicious,validation_Infilteration,68857,68857,0.0,349932.6162336436,4095820.158802976,42.0,1.0,3.0,544.0,12322.400000000001,4917445.92,1909493,1909493,0.0,3444367.4401885737,10080177.62372392,2324.0,3.0,5.0,24063.0,14651480.0,41000000.0,1.493898285789053,0.4118269602955542,cleaned observed native units before imputation; fixed one-hot for Protocol,True,True
Flow IAT Min,numeric,training_malicious,test_Infilteration,93040,93040,0.0,561677.149011178,5945316.452079087,218.0,1.0,12.0,397.0,2591.2000000000116,4996346.66,1909493,1909493,0.0,3444367.4401885737,10080177.62372392,2324.0,3.0,5.0,24063.0,14651480.0,41000000.0,1.6772671829332362,0.4364757120735518,cleaned observed native units before imputation; fixed one-hot for Protocol,True,True
Flow IAT Min,numeric,training_malicious,test_Bot,282310,282310,0.0,270.0373525557012,528.1685814566007,34.0,1.0,15.0,504.0,579.0,729.0,1909493,1909493,0.0,3444367.4401885737,10080177.62372392,2324.0,3.0,5.0,24063.0,14651480.0,41000000.0,7.080981335866819,0.5995558806278173,cleaned observed native units before imputation; fixed one-hot for Protocol,True,True
Flow IAT Min,numeric,validation_Infilteration,test_Infilteration,93040,93040,0.0,561677.149011178,5945316.452079087,218.0,1.0,12.0,397.0,2591.2000000000116,4996346.66,68857,68857,0.0,349932.6162336436,4095820.158802976,42.0,1.0,3.0,544.0,12322.400000000001,4917445.92,0.17231291855675426,0.11375139108127824,cleaned observed native units before imputation; fixed one-hot for Protocol,True,True
Fwd IAT Tot,numeric,training_benign,validation_Infilteration,68857,68857,0.0,11586929.00682574,32307916.651136152,136.0,0.0,0.0,456647.0,58200000.0,118000000.0,10885643,10885643,0.0,13062884.160872169,32473594.159659084,15313.0,0.0,0.0,2992377.5,60544696.0,118231391.54,0.15213024166378403,0.13482893168091464,cleaned observed native units before imputation; fixed one-hot for Protocol,True,True
Fwd IAT Tot,numeric,training_benign,test_Infilteration,93040,93040,0.0,10055024.24799011,30422046.74161918,0.0,0.0,0.0,556781.5,11100000.0,118000000.0,10885643,10885643,0.0,13062884.160872169,32473594.159659084,15313.0,0.0,0.0,2992377.5,60544696.0,118231391.54,0.211654485339405,0.23726058780588533,cleaned observed native units before imputation; fixed one-hot for Protocol,True,True
Fwd IAT Tot,numeric,training_benign,test_Bot,282310,282310,0.0,69883.58198434346,2495154.24296424,529.0,465.0,490.0,595.0,665.0,11897.0,10885643,10885643,0.0,13062884.160872169,32473594.159659084,15313.0,0.0,0.0,2992377.5,60544696.0,118231391.54,9.670289965628685,0.5186038883883534,cleaned observed native units before imputation; fixed one-hot for Protocol,True,True
Fwd IAT Tot,numeric,training_malicious,validation_Infilteration,68857,68857,0.0,11586929.00682574,32307916.651136152,136.0,0.0,0.0,456647.0,58200000.0,118000000.0,1909493,1909493,0.0,4198113.642319716,12835783.094539056,8874.0,346.0,1211.0,59841.0,16400000.0,58000000.0,2.1746282137645516,0.4929234155846839,cleaned observed native units before imputation; fixed one-hot for Protocol,True,True
Fwd IAT Tot,numeric,training_malicious,test_Infilteration,93040,93040,0.0,10055024.24799011,30422046.74161918,0.0,0.0,0.0,556781.5,11100000.0,118000000.0,1909493,1909493,0.0,4198113.642319716,12835783.094539056,8874.0,346.0,1211.0,59841.0,16400000.0,58000000.0,2.423573083058495,0.5545134954304219,cleaned observed native units before imputation; fixed one-hot for Protocol,True,True
Fwd IAT Tot,numeric,training_malicious,test_Bot,282310,282310,0.0,69883.58198434346,2495154.24296424,529.0,465.0,490.0,595.0,665.0,11897.0,1909493,1909493,0.0,4198113.642319716,12835783.094539056,8874.0,346.0,1211.0,59841.0,16400000.0,58000000.0,5.176708859768472,0.7611122326972397,cleaned observed native units before imputation; fixed one-hot for Protocol,True,True
Fwd IAT Tot,numeric,validation_Infilteration,test_Infilteration,93040,93040,0.0,10055024.24799011,30422046.74161918,0.0,0.0,0.0,556781.5,11100000.0,118000000.0,68857,68857,0.0,11586929.00682574,32307916.651136152,136.0,0.0,0.0,456647.0,58200000.0,118000000.0,0.05906350060873754,0.10632540823729902,cleaned observed native units before imputation; fixed one-hot for Protocol,True,True
Fwd IAT Mean,numeric,training_benign,validation_Infilteration,68857,68857,0.0,1203254.8442499635,4840602.71085441,112.0,0.0,0.0,182695.8182,4259363.8998,15600000.0,10885643,10885643,0.0,3414699.5942643974,13178436.581127908,5081.666666666667,0.0,0.0,388574.25,5624967.590476197,86132991.44,0.11621047708667401,0.1351821262206956,cleaned observed native units before imputation; fixed one-hot for Protocol,True,True
Fwd IAT Mean,numeric,training_benign,test_Infilteration,93040,93040,0.0,1311785.1316830977,6470518.403709992,0.0,0.0,0.0,198999.0714,2754583.6750000003,20000000.0,10885643,10885643,0.0,3414699.5942643974,13178436.581127908,5081.666666666667,0.0,0.0,388574.25,5624967.590476197,86132991.44,0.19589744994607758,0.23726058780588533,cleaned observed native units before imputation; fixed one-hot for Protocol,True,True
Fwd IAT Mean,numeric,training_benign,test_Bot,282310,282310,0.0,2510.5354699643312,80014.55147371847,447.0,251.0,279.0,510.0,610.0,2983.7274999999936,10885643,10885643,0.0,3414699.5942643974,13178436.581127908,5081.666666666667,0.0,0.0,388574.25,5624967.590476197,86132991.44,9.624752598489195,0.501992596751782,cleaned observed native units before imputation; fixed one-hot for Protocol,True,True
Fwd IAT Mean,numeric,training_malicious,validation_Infilteration,68857,68857,0.0,1203254.8442499635,4840602.71085441,112.0,0.0,0.0,182695.8182,4259363.8998,15600000.0,1909493,1909493,0.0,3679744.5678038015,10889659.132213859,6697.0,176.0,934.0,29354.0,15300000.0,41700000.0,2.318261164943671,0.4734514430211739,cleaned observed native units before imputation; fixed one-hot for Protocol,True,True
Fwd IAT Mean,numeric,training_malicious,test_Infilteration,93040,93040,0.0,1311785.1316830977,6470518.403709992,0.0,0.0,0.0,198999.0714,2754583.6750000003,20000000.0,1909493,1909493,0.0,3679744.5678038015,10889659.132213859,6697.0,176.0,934.0,29354.0,15300000.0,41700000.0,2.7650941957550126,0.5509558089226405,cleaned observed native units before imputation; fixed one-hot for Protocol,True,True
Fwd IAT Mean,numeric,training_malicious,test_Bot,282310,282310,0.0,2510.5354699643312,80014.55147371847,447.0,251.0,279.0,510.0,610.0,2983.7274999999936,1909493,1909493,0.0,3679744.5678038015,10889659.132213859,6697.0,176.0,934.0,29354.0,15300000.0,41700000.0,5.503593945728424,0.7414041102429672,cleaned observed native units before imputation; fixed one-hot for Protocol,True,True
Fwd IAT Mean,numeric,validation_Infilteration,test_Infilteration,93040,93040,0.0,1311785.1316830977,6470518.403709992,0.0,0.0,0.0,198999.0714,2754583.6750000003,20000000.0,68857,68857,0.0,1203254.8442499635,4840602.71085441,112.0,0.0,0.0,182695.8182,4259363.8998,15600000.0,0.07029232513415291,0.10632540823729902,cleaned observed native units before imputation; fixed one-hot for Protocol,True,True
Fwd IAT Std,numeric,training_benign,validation_Infilteration,68857,68857,0.0,1326431.0539956468,4434305.328939812,0.0,0.0,0.0,43470.10885,4140855.0342,22700000.0,10885643,10885643,0.0,1356955.8563154382,4574787.151107205,0.0,0.0,0.0,381432.6679516167,2977672.4122841572,22880177.980041686,0.086291800636253,0.12052005233581631,cleaned observed native units before imputation; fixed one-hot for Protocol,True,True
Fwd IAT Std,numeric,training_benign,test_Infilteration,93040,93040,0.0,1106590.2303757987,4128128.876262327,0.0,0.0,0.0,26482.384957500002,2121148.4456000007,22600000.0,10885643,10885643,0.0,1356955.8563154382,4574787.151107205,0.0,0.0,0.0,381432.6679516167,2977672.4122841572,22880177.980041686,0.08663669195391624,0.17514811726472657,cleaned observed native units before imputation; fixed one-hot for Protocol,True,True
Fwd IAT Std,numeric,training_benign,test_Bot,282310,282310,0.0,6836.512934636025,241317.54653080623,211.4249276,0.0,0.0,312.5411973,354.9676042,5296.709189219995,10885643,10885643,0.0,1356955.8563154382,4574787.151107205,0.0,0.0,0.0,381432.6679516167,2977672.4122841572,22880177.980041686,2.5614025014173807,0.3979379992661968,cleaned observed native units before imputation; fixed one-hot for Protocol,True,True
Fwd IAT Std,numeric,training_malicious,validation_Infilteration,68857,68857,0.0,1326431.0539956468,4434305.328939812,0.0,0.0,0.0,43470.10885,4140855.0342,22700000.0,1909493,1909493,0.0,105417.88526179123,1266476.3273075756,0.0,0.0,0.0,260.2152955,11830.60356,2659609.51204,0.5080695296874392,0.2291863020171282,cleaned observed native units before imputation; fixed one-hot for Protocol,True,True
Fwd IAT Std,numeric,training_malicious,test_Infilteration,93040,93040,0.0,1106590.2303757987,4128128.876262327,0.0,0.0,0.0,26482.384957500002,2121148.4456000007,22600000.0,1909493,1909493,0.0,105417.88526179123,1266476.3273075756,0.0,0.0,0.0,260.2152955,11830.60356,2659609.51204,0.4625768025179734,0.22391321225251803,cleaned observed native units before imputation; fixed one-hot for Protocol,True,True
Fwd IAT Std,numeric,training_malicious,test_Bot,282310,282310,0.0,6836.512934636025,241317.54653080623,211.4249276,0.0,0.0,312.5411973,354.9676042,5296.709189219995,1909493,1909493,0.0,105417.88526179123,1266476.3273075756,0.0,0.0,0.0,260.2152955,11830.60356,2659609.51204,1.061581880976675,0.21158843476477318,cleaned observed native units before imputation; fixed one-hot for Protocol,True,True
Fwd IAT Std,numeric,validation_Infilteration,test_Infilteration,93040,93040,0.0,1106590.2303757987,4128128.876262327,0.0,0.0,0.0,26482.384957500002,2121148.4456000007,22600000.0,68857,68857,0.0,1326431.0539956468,4434305.328939812,0.0,0.0,0.0,43470.10885,4140855.0342,22700000.0,0.035624107237757274,0.054983154116389876,cleaned observed native units before imputation; fixed one-hot for Protocol,True,True
Fwd IAT Max,numeric,training_benign,validation_Infilteration,68857,68857,0.0,3922569.61402617,12547173.565942151,131.0,0.0,0.0,247226.0,10000000.0,58900000.0,10885643,10885643,0.0,6106745.37844719,17072936.273800477,14982.0,0.0,0.0,1238193.5,10109173.0,86175082.18,0.1045107919993559,0.13494647548089445,cleaned observed native units before imputation; fixed one-hot for Protocol,True,True
Fwd IAT Max,numeric,training_benign,test_Infilteration,93040,93040,0.0,3536920.6442067926,12356521.782429436,0.0,0.0,0.0,250009.0,6015295.3,58900000.0,10885643,10885643,0.0,6106745.37844719,17072936.273800477,14982.0,0.0,0.0,1238193.5,10109173.0,86175082.18,0.17565262543750493,0.23726058780588533,cleaned observed native units before imputation; fixed one-hot for Protocol,True,True
Fwd IAT Max,numeric,training_benign,test_Bot,282310,282310,0.0,26625.875870496973,958951.3156013332,503.0,441.0,472.0,552.0,632.0,10910.0,10885643,10885643,0.0,6106745.37844719,17072936.273800477,14982.0,0.0,0.0,1238193.5,10109173.0,86175082.18,10.077468868111602,0.5168162602794298,cleaned observed native units before imputation; fixed one-hot for Protocol,True,True
Fwd IAT Max,numeric,training_malicious,validation_Infilteration,68857,68857,0.0,3922569.61402617,12547173.565942151,131.0,0.0,0.0,247226.0,10000000.0,58900000.0,1909493,1909493,0.0,3888521.221786621,11297917.298838137,8750.0,327.0,1136.0,44726.0,16004666.200000001,44200000.0,2.230142914513155,0.4962768143526468,cleaned observed native units before imputation; fixed one-hot for Protocol,True,True
Fwd IAT Max,numeric,training_malicious,test_Infilteration,93040,93040,0.0,3536920.6442067926,12356521.782429436,0.0,0.0,0.0,250009.0,6015295.3,58900000.0,1909493,1909493,0.0,3888521.221786621,11297917.298838137,8750.0,327.0,1136.0,44726.0,16004666.200000001,44200000.0,2.5737439897890257,0.5554433795641663,cleaned observed native units before imputation; fixed one-hot for Protocol,True,True
Fwd IAT Max,numeric,training_malicious,test_Bot,282310,282310,0.0,26625.875870496973,958951.3156013332,503.0,441.0,472.0,552.0,632.0,10910.0,1909493,1909493,0.0,3888521.221786621,11297917.298838137,8750.0,327.0,1136.0,44726.0,16004666.200000001,44200000.0,4.911830579214559,0.7505747133009203,cleaned observed native units before imputation; fixed one-hot for Protocol,True,True
Fwd IAT Max,numeric,validation_Infilteration,test_Infilteration,93040,93040,0.0,3536920.6442067926,12356521.782429436,0.0,0.0,0.0,250009.0,6015295.3,58900000.0,68857,68857,0.0,3922569.61402617,12547173.565942151,131.0,0.0,0.0,247226.0,10000000.0,58900000.0,0.07471631003583859,0.10632540823729902,cleaned observed native units before imputation; fixed one-hot for Protocol,True,True
Fwd IAT Min,numeric,training_benign,validation_Infilteration,68857,68857,0.0,406737.0544316482,4249942.48376124,12.0,0.0,0.0,179.0,36944.200000000004,4999076.920000001,10885643,10885643,0.0,2599282.130831408,13084041.335612739,24.0,0.0,0.0,207.0,55231.0,86132991.44,0.06192666234473829,0.1301991535596853,cleaned observed native units before imputation; fixed one-hot for Protocol,True,True
Fwd IAT Min,numeric,training_benign,test_Infilteration,93040,93040,0.0,626389.7040950129,6065937.06464506,0.0,0.0,0.0,87.0,32050.100000000064,6318443.570000021,10885643,10885643,0.0,2599282.130831408,13084041.335612739,24.0,0.0,0.0,207.0,55231.0,86132991.44,0.18203852734863207,0.2342507285517143,cleaned observed native units before imputation; fixed one-hot for Protocol,True,True
Fwd IAT Min,numeric,training_benign,test_Bot,282310,282310,0.0,343.117087598739,4922.787965337581,135.0,50.0,53.0,504.0,580.0,731.0,10885643,10885643,0.0,2599282.130831408,13084041.335612739,24.0,0.0,0.0,207.0,55231.0,86132991.44,3.326346963978614,0.5481444330343651,cleaned observed native units before imputation; fixed one-hot for Protocol,True,True
Fwd IAT Min,numeric,training_malicious,validation_Infilteration,68857,68857,0.0,406737.0544316482,4249942.48376124,12.0,0.0,0.0,179.0,36944.200000000004,4999076.920000001,1909493,1909493,0.0,3622378.515691338,10888329.29963594,2463.0,2.0,274.0,24440.0,15100000.0,41700000.0,2.0979328330436062,0.5672378553533253,cleaned observed native units before imputation; fixed one-hot for Protocol,True,True
Fwd IAT Min,numeric,training_malicious,test_Infilteration,93040,93040,0.0,626389.7040950129,6065937.06464506,0.0,0.0,0.0,87.0,32050.100000000064,6318443.570000021,1909493,1909493,0.0,3622378.515691338,10888329.29963594,2463.0,2.0,274.0,24440.0,15100000.0,41700000.0,2.410653007349981,0.597844792180183,cleaned observed native units before imputation; fixed one-hot for Protocol,True,True
Fwd IAT Min,numeric,training_malicious,test_Bot,282310,282310,0.0,343.117087598739,4922.787965337581,135.0,50.0,53.0,504.0,580.0,731.0,1909493,1909493,0.0,3622378.515691338,10888329.29963594,2463.0,2.0,274.0,24440.0,15100000.0,41700000.0,6.464059920118434,0.6071499510449756,cleaned observed native units before imputation; fixed one-hot for Protocol,True,True
Fwd IAT Min,numeric,validation_Infilteration,test_Infilteration,93040,93040,0.0,626389.7040950129,6065937.06464506,0.0,0.0,0.0,87.0,32050.100000000064,6318443.570000021,68857,68857,0.0,406737.0544316482,4249942.48376124,12.0,0.0,0.0,179.0,36944.200000000004,4999076.920000001,0.05579931746588078,0.10613043068022476,cleaned observed native units before imputation; fixed one-hot for Protocol,True,True
Bwd IAT Tot,numeric,training_benign,validation_Infilteration,68857,68857,0.0,10348286.619094646,29959590.320269894,0.0,0.0,0.0,157655.0,21500000.0,118000000.0,10885643,10885643,0.0,8920236.593368072,27886098.100034263,0.0,0.0,0.0,1034688.5,9859232.000000041,117894252.38,0.09651416074109594,0.11552479523536141,cleaned observed native units before imputation; fixed one-hot for Protocol,True,True
Bwd IAT Tot,numeric,training_benign,test_Infilteration,93040,93040,0.0,8602149.105438521,27863866.330639493,0.0,0.0,0.0,66499.0,10500000.0,118000000.0,10885643,10885643,0.0,8920236.593368072,27886098.100034263,0.0,0.0,0.0,1034688.5,9859232.000000041,117894252.38,0.1134244234837439,0.15519126963805085,cleaned observed native units before imputation; fixed one-hot for Protocol,True,True
Bwd IAT Tot,numeric,training_benign,test_Bot,282310,282310,0.0,6837.562098402465,191080.39871709578,52.0,0.0,0.0,10388.0,11167.0,21374.81999999995,10885643,10885643,0.0,8920236.593368072,27886098.100034263,0.0,0.0,0.0,1034688.5,9859232.000000041,117894252.38,3.1412318570372433,0.35617104080628115,cleaned observed native units before imputation; fixed one-hot for Protocol,True,True
Bwd IAT Tot,numeric,training_malicious,validation_Infilteration,68857,68857,0.0,10348286.619094646,29959590.320269894,0.0,0.0,0.0,157655.0,21500000.0,118000000.0,1909493,1909493,0.0,764440.7507668266,6666074.568488695,0.0,0.0,0.0,16214.0,1295768.2000000002,6955827.280000001,0.18395647533223716,0.1527480806281052,cleaned observed native units before imputation; fixed one-hot for Protocol,True,True
Bwd IAT Tot,numeric,training_malicious,test_Infilteration,93040,93040,0.0,8602149.105438521,27863866.330639493,0.0,0.0,0.0,66499.0,10500000.0,118000000.0,1909493,1909493,0.0,764440.7507668266,6666074.568488695,0.0,0.0,0.0,16214.0,1295768.2000000002,6955827.280000001,0.2085458874681574,0.12487932398922108,cleaned observed native units before imputation; fixed one-hot for Protocol,True,True
Bwd IAT Tot,numeric,training_malicious,test_Bot,282310,282310,0.0,6837.562098402465,191080.39871709578,52.0,0.0,0.0,10388.0,11167.0,21374.81999999995,1909493,1909493,0.0,764440.7507668266,6666074.568488695,0.0,0.0,0.0,16214.0,1295768.2000000002,6955827.280000001,2.0671638135091266,0.22920140060958372,cleaned observed native units before imputation; fixed one-hot for Protocol,True,True
Bwd IAT Tot,numeric,validation_Infilteration,test_Infilteration,93040,93040,0.0,8602149.105438521,27863866.330639493,0.0,0.0,0.0,66499.0,10500000.0,118000000.0,68857,68857,0.0,10348286.619094646,29959590.320269894,0.0,0.0,0.0,157655.0,21500000.0,118000000.0,0.007299223980226151,0.04689666716911822,cleaned observed native units before imputation; fixed one-hot for Protocol,True,True
Bwd IAT Mean,numeric,training_benign,validation_Infilteration,68857,68857,0.0,977956.0561324862,3866216.6900145174,0.0,0.0,0.0,59865.0,3148826.2826000014,10700000.0,10885643,10885643,0.0,960502.7216412396,4635209.796274689,0.0,0.0,0.0,231369.0,1726587.2115942084,10754998.074545456,0.07181072010842496,0.11553078304499775,cleaned observed native units before imputation; fixed one-hot for Protocol,True,True
Bwd IAT Mean,numeric,training_benign,test_Infilteration,93040,93040,0.0,885061.7551016712,3757531.8937101425,0.0,0.0,0.0,32782.875,1427584.8492000022,11700000.0,10885643,10885643,0.0,960502.7216412396,4635209.796274689,0.0,0.0,0.0,231369.0,1726587.2115942084,10754998.074545456,0.1121232228312056,0.15521230637508932,cleaned observed native units before imputation; fixed one-hot for Protocol,True,True
Bwd IAT Mean,numeric,training_benign,test_Bot,282310,282310,0.0,2357.768630341355,64146.65409079358,52.0,0.0,0.0,3458.666667,3714.666667,6862.970000029992,10885643,10885643,0.0,960502.7216412396,4635209.796274689,0.0,0.0,0.0,231369.0,1726587.2115942084,10754998.074545456,2.6622086460612038,0.36554070845515607,cleaned observed native units before imputation; fixed one-hot for Protocol,True,True
Bwd IAT Mean,numeric,training_malicious,validation_Infilteration,68857,68857,0.0,977956.0561324862,3866216.6900145174,0.0,0.0,0.0,59865.0,3148826.2826000014,10700000.0,1909493,1909493,0.0,373914.9978590038,4472040.672808261,0.0,0.0,0.0,5411.0,432114.06664000003,3452380.520000005,0.09832664020787786,0.12853664829106426,cleaned observed native units before imputation; fixed one-hot for Protocol,True,True
Bwd IAT Mean,numeric,training_malicious,test_Infilteration,93040,93040,0.0,885061.7551016712,3757531.8937101425,0.0,0.0,0.0,32782.875,1427584.8492000022,11700000.0,1909493,1909493,0.0,373914.9978590038,4472040.672808261,0.0,0.0,0.0,5411.0,432114.06664000003,3452380.520000005,0.1364011258999554,0.09775898915092396,cleaned observed native units before imputation; fixed one-hot for Protocol,True,True
Bwd IAT Mean,numeric,training_malicious,test_Bot,282310,282310,0.0,2357.768630341355,64146.65409079358,52.0,0.0,0.0,3458.666667,3714.666667,6862.970000029992,1909493,1909493,0.0,373914.9978590038,4472040.672808261,0.0,0.0,0.0,5411.0,432114.06664000003,3452380.520000005,1.5900060368142088,0.2306038127529515,cleaned observed native units before imputation; fixed one-hot for Protocol,True,True
Bwd IAT Mean,numeric,validation_Infilteration,test_Infilteration,93040,93040,0.0,885061.7551016712,3757531.8937101425,0.0,0.0,0.0,32782.875,1427584.8492000022,11700000.0,68857,68857,0.0,977956.0561324862,3866216.6900145174,0.0,0.0,0.0,59865.0,3148826.2826000014,10700000.0,0.00455583936808226,0.04689666716911822,cleaned observed native units before imputation; fixed one-hot for Protocol,True,True
Bwd IAT Std,numeric,training_benign,validation_Infilteration,68857,68857,0.0,1202397.2539970176,3961781.6199286394,0.0,0.0,0.0,12309.51117,4204182.991000001,22000000.0,10885643,10885643,0.0,983054.3156854211,3650508.4531457247,0.0,0.0,0.0,73184.84475,2923359.2407428497,21818962.33505317,0.048805324527763566,0.09382393096540953,cleaned observed native units before imputation; fixed one-hot for Protocol,True,True
Bwd IAT Std,numeric,training_benign,test_Infilteration,93040,93040,0.0,958594.508457325,3712524.0200561644,0.0,0.0,0.0,0.0,1521552.8006000195,21900000.0,10885643,10885643,0.0,983054.3156854211,3650508.4531457247,0.0,0.0,0.0,73184.84475,2923359.2407428497,21818962.33505317,0.06105563139972186,0.12603343858981597,cleaned observed native units before imputation; fixed one-hot for Protocol,True,True
Bwd IAT Std,numeric,training_benign,test_Bot,282310,282310,0.0,3570.3593049705964,110079.11970889794,0.0,0.0,0.0,5595.28462975,6037.7157052,11292.071958899985,10885643,10885643,0.0,983054.3156854211,3650508.4531457247,0.0,0.0,0.0,73184.84475,2923359.2407428497,21818962.33505317,2.3101670069787996,0.2937190337688569,cleaned observed native units before imputation; fixed one-hot for Protocol,True,True
Bwd IAT Std,numeric,training_malicious,validation_Infilteration,68857,68857,0.0,1202397.2539970176,3961781.6199286394,0.0,0.0,0.0,12309.51117,4204182.991000001,22000000.0,1909493,1909493,0.0,267635.3263056842,1870012.9055259381,0.0,0.0,0.0,7545.598209,743959.24788,2889267.774976578,0.07292184174654665,0.12292450111284714,cleaned observed native units before imputation; fixed one-hot for Protocol,True,True
Bwd IAT Std,numeric,training_malicious,test_Infilteration,93040,93040,0.0,958594.508457325,3712524.0200561644,0.0,0.0,0.0,0.0,1521552.8006000195,21900000.0,1909493,1909493,0.0,267635.3263056842,1870012.9055259381,0.0,0.0,0.0,7545.598209,743959.24788,2889267.774976578,0.09217738987658622,0.08264330973844392,cleaned observed native units before imputation; fixed one-hot for Protocol,True,True
Bwd IAT Std,numeric,training_malicious,test_Bot,282310,282310,0.0,3570.3593049705964,110079.11970889794,0.0,0.0,0.0,5595.28462975,6037.7157052,11292.071958899985,1909493,1909493,0.0,267635.3263056842,1870012.9055259381,0.0,0.0,0.0,7545.598209,743959.24788,2889267.774976578,2.0110059284327217,0.22186968162828502,cleaned observed native units before imputation; fixed one-hot for Protocol,True,True
Bwd IAT Std,numeric,validation_Infilteration,test_Infilteration,93040,93040,0.0,958594.508457325,3712524.0200561644,0.0,0.0,0.0,0.0,1521552.8006000195,21900000.0,68857,68857,0.0,1202397.2539970176,3961781.6199286394,0.0,0.0,0.0,12309.51117,4204182.991000001,22000000.0,0.009412923005403081,0.041596533551390036,cleaned observed native units before imputation; fixed one-hot for Protocol,True,True
Bwd IAT Max,numeric,training_benign,validation_Infilteration,68857,68857,0.0,3615235.0458922116,11784456.179008689,0.0,0.0,0.0,111114.0,10000000.0,58900000.0,10885643,10885643,0.0,3059963.948384675,11070219.380102592,0.0,0.0,0.0,393188.0,6288226.00000003,59020432.9,0.07737543093858851,0.1155243359147683,cleaned observed native units before imputation; fixed one-hot for Protocol,True,True
Bwd IAT Max,numeric,training_benign,test_Infilteration,93040,93040,0.0,2882145.355083835,10743708.154570501,0.0,0.0,0.0,60894.5,6015617.3,58900000.0,10885643,10885643,0.0,3059963.948384675,11070219.380102592,0.0,0.0,0.0,393188.0,6288226.00000003,59020432.9,0.09508115715629627,0.15520183397516185,cleaned observed native units before imputation; fixed one-hot for Protocol,True,True
Bwd IAT Max,numeric,training_benign,test_Bot,282310,282310,0.0,6489.189685097942,190872.99004118328,52.0,0.0,0.0,9920.0,10685.0,20199.81999999995,10885643,10885643,0.0,3059963.948384675,11070219.380102592,0.0,0.0,0.0,393188.0,6288226.00000003,59020432.9,3.1298928115316826,0.3532976365416245,cleaned observed native units before imputation; fixed one-hot for Protocol,True,True
Bwd IAT Max,numeric,training_malicious,validation_Infilteration,68857,68857,0.0,3615235.0458922116,11784456.179008689,0.0,0.0,0.0,111114.0,10000000.0,58900000.0,1909493,1909493,0.0,649926.4081324205,5497389.869478621,0.0,0.0,0.0,14001.0,1295076.8,6471243.12000004,0.04477800143383443,0.1363913399454897,cleaned observed native units before imputation; fixed one-hot for Protocol,True,True
Bwd IAT Max,numeric,training_malicious,test_Infilteration,93040,93040,0.0,2882145.355083835,10743708.154570501,0.0,0.0,0.0,60894.5,6015617.3,58900000.0,1909493,1909493,0.0,649926.4081324205,5497389.869478621,0.0,0.0,0.0,14001.0,1295076.8,6471243.12000004,0.03795543030228842,0.09655763412119811,cleaned observed native units before imputation; fixed one-hot for Protocol,True,True
Bwd IAT Max,numeric,training_malicious,test_Bot,282310,282310,0.0,6489.189685097942,190872.99004118328,52.0,0.0,0.0,9920.0,10685.0,20199.81999999995,1909493,1909493,0.0,649926.4081324205,5497389.869478621,0.0,0.0,0.0,14001.0,1295076.8,6471243.12000004,2.0527571859918945,0.22373216686496833,cleaned observed native units before imputation; fixed one-hot for Protocol,True,True
Bwd IAT Max,numeric,validation_Infilteration,test_Infilteration,93040,93040,0.0,2882145.355083835,10743708.154570501,0.0,0.0,0.0,60894.5,6015617.3,58900000.0,68857,68857,0.0,3615235.0458922116,11784456.179008689,0.0,0.0,0.0,111114.0,10000000.0,58900000.0,0.016973365622224807,0.04689666716911822,cleaned observed native units before imputation; fixed one-hot for Protocol,True,True
Bwd IAT Min,numeric,training_benign,validation_Infilteration,68857,68857,0.0,253394.5342666686,3126530.634947873,0.0,0.0,0.0,1.0,65307.000000000015,3015740.24,10885643,10885643,0.0,347553.31911261467,4141395.8362258757,0.0,0.0,0.0,750.0,120868.0,1022360.4800000004,0.13531970754574563,0.1490576862150511,cleaned observed native units before imputation; fixed one-hot for Protocol,True,True
Bwd IAT Min,numeric,training_benign,test_Infilteration,93040,93040,0.0,263649.68041702494,2950664.443846691,0.0,0.0,0.0,1.0,106978.20000000001,6000230.0,10885643,10885643,0.0,347553.31911261467,4141395.8362258757,0.0,0.0,0.0,750.0,120868.0,1022360.4800000004,0.14629313901383773,0.13437207136938,cleaned observed native units before imputation; fixed one-hot for Protocol,True,True
Bwd IAT Min,numeric,training_benign,test_Bot,282310,282310,0.0,177.95318621373667,8976.24111810636,0.0,0.0,0.0,16.0,42.0,89.0,10885643,10885643,0.0,347553.31911261467,4141395.8362258757,0.0,0.0,0.0,750.0,120868.0,1022360.4800000004,2.2145112650198895,0.303847332495201,cleaned observed native units before imputation; fixed one-hot for Protocol,True,True
Bwd IAT Min,numeric,training_malicious,validation_Infilteration,68857,68857,0.0,253394.5342666686,3126530.634947873,0.0,0.0,0.0,1.0,65307.000000000015,3015740.24,1909493,1909493,0.0,200950.68272258659,3891008.1244784202,0.0,0.0,0.0,20.0,28.0,717.0,0.3664690485806252,0.1453916299738034,cleaned observed native units before imputation; fixed one-hot for Protocol,True,True
Bwd IAT Min,numeric,training_malicious,test_Infilteration,93040,93040,0.0,263649.68041702494,2950664.443846691,0.0,0.0,0.0,1.0,106978.20000000001,6000230.0,1909493,1909493,0.0,200950.68272258659,3891008.1244784202,0.0,0.0,0.0,20.0,28.0,717.0,0.5009717517796444,0.17830167595134883,cleaned observed native units before imputation; fixed one-hot for Protocol,True,True
Bwd IAT Min,numeric,training_malicious,test_Bot,282310,282310,0.0,177.95318621373667,8976.24111810636,0.0,0.0,0.0,16.0,42.0,89.0,1909493,1909493,0.0,200950.68272258659,3891008.1244784202,0.0,0.0,0.0,20.0,28.0,717.0,0.09631122080596762,0.16084632070399119,cleaned observed native units before imputation; fixed one-hot for Protocol,True,True
Bwd IAT Min,numeric,validation_Infilteration,test_Infilteration,93040,93040,0.0,263649.68041702494,2950664.443846691,0.0,0.0,0.0,1.0,106978.20000000001,6000230.0,68857,68857,0.0,253394.5342666686,3126530.634947873,0.0,0.0,0.0,1.0,65307.000000000015,3015740.24,0.033148766203679216,0.04036042970708131,cleaned observed native units before imputation; fixed one-hot for Protocol,True,True
Fwd PSH Flags,numeric,training_benign,validation_Infilteration,68857,68857,0.0,0.06811217450658612,0.2519382983799217,0.0,0.0,0.0,0.0,0.0,1.0,10885643,10885643,0.0,0.05282636955850931,0.22368671001598892,0.0,0.0,0.0,0.0,0.0,1.0,0.0,0.015285804948076853,cleaned observed native units before imputation; fixed one-hot for Protocol,True,True
Fwd PSH Flags,numeric,training_benign,test_Infilteration,93040,93040,0.0,0.06251074806534823,0.2420808840897166,0.0,0.0,0.0,0.0,0.0,1.0,10885643,10885643,0.0,0.05282636955850931,0.22368671001598892,0.0,0.0,0.0,0.0,0.0,1.0,0.0,0.009684378506839009,cleaned observed native units before imputation; fixed one-hot for Protocol,True,True
Fwd PSH Flags,numeric,training_benign,test_Bot,282310,282310,0.0,1.0626616131203287e-05,0.0032598317757566706,0.0,0.0,0.0,0.0,0.0,0.0,10885643,10885643,0.0,0.05282636955850931,0.22368671001598892,0.0,0.0,0.0,0.0,0.0,1.0,0.0,0.05281574294237812,cleaned observed native units before imputation; fixed one-hot for Protocol,True,True
Fwd PSH Flags,numeric,training_malicious,validation_Infilteration,68857,68857,0.0,0.06811217450658612,0.2519382983799217,0.0,0.0,0.0,0.0,0.0,1.0,1909493,1909493,0.0,0.0015108722577144823,0.038840565427595806,0.0,0.0,0.0,0.0,0.0,0.0,0.0,0.06660130224887162,cleaned observed native units before imputation; fixed one-hot for Protocol,True,True
Fwd PSH Flags,numeric,training_malicious,test_Infilteration,93040,93040,0.0,0.06251074806534823,0.2420808840897166,0.0,0.0,0.0,0.0,0.0,1.0,1909493,1909493,0.0,0.0015108722577144823,0.038840565427595806,0.0,0.0,0.0,0.0,0.0,0.0,0.0,0.060999875807633774,cleaned observed native units before imputation; fixed one-hot for Protocol,True,True
Fwd PSH Flags,numeric,training_malicious,test_Bot,282310,282310,0.0,1.0626616131203287e-05,0.0032598317757566706,0.0,0.0,0.0,0.0,0.0,0.0,1909493,1909493,0.0,0.0015108722577144823,0.038840565427595806,0.0,0.0,0.0,0.0,0.0,0.0,0.0,0.0015002456415833532,cleaned observed native units before imputation; fixed one-hot for Protocol,True,True
Fwd PSH Flags,numeric,validation_Infilteration,test_Infilteration,93040,93040,0.0,0.06251074806534823,0.2420808840897166,0.0,0.0,0.0,0.0,0.0,1.0,68857,68857,0.0,0.06811217450658612,0.2519382983799217,0.0,0.0,0.0,0.0,0.0,1.0,0.0,0.0056014264412378445,cleaned observed native units before imputation; fixed one-hot for Protocol,True,True
Bwd PSH Flags,numeric,training_benign,validation_Infilteration,68857,68857,0.0,0.0,0.0,0.0,0.0,0.0,0.0,0.0,0.0,10885643,10885643,0.0,0.0,0.0,0.0,0.0,0.0,0.0,0.0,0.0,0.0,0.0,cleaned observed native units before imputation; fixed one-hot for Protocol,True,True
Bwd PSH Flags,numeric,training_benign,test_Infilteration,93040,93040,0.0,0.0,0.0,0.0,0.0,0.0,0.0,0.0,0.0,10885643,10885643,0.0,0.0,0.0,0.0,0.0,0.0,0.0,0.0,0.0,0.0,0.0,cleaned observed native units before imputation; fixed one-hot for Protocol,True,True
Bwd PSH Flags,numeric,training_benign,test_Bot,282310,282310,0.0,0.0,0.0,0.0,0.0,0.0,0.0,0.0,0.0,10885643,10885643,0.0,0.0,0.0,0.0,0.0,0.0,0.0,0.0,0.0,0.0,0.0,cleaned observed native units before imputation; fixed one-hot for Protocol,True,True
Bwd PSH Flags,numeric,training_malicious,validation_Infilteration,68857,68857,0.0,0.0,0.0,0.0,0.0,0.0,0.0,0.0,0.0,1909493,1909493,0.0,0.0,0.0,0.0,0.0,0.0,0.0,0.0,0.0,0.0,0.0,cleaned observed native units before imputation; fixed one-hot for Protocol,True,True
Bwd PSH Flags,numeric,training_malicious,test_Infilteration,93040,93040,0.0,0.0,0.0,0.0,0.0,0.0,0.0,0.0,0.0,1909493,1909493,0.0,0.0,0.0,0.0,0.0,0.0,0.0,0.0,0.0,0.0,0.0,cleaned observed native units before imputation; fixed one-hot for Protocol,True,True
Bwd PSH Flags,numeric,training_malicious,test_Bot,282310,282310,0.0,0.0,0.0,0.0,0.0,0.0,0.0,0.0,0.0,1909493,1909493,0.0,0.0,0.0,0.0,0.0,0.0,0.0,0.0,0.0,0.0,0.0,cleaned observed native units before imputation; fixed one-hot for Protocol,True,True
Bwd PSH Flags,numeric,validation_Infilteration,test_Infilteration,93040,93040,0.0,0.0,0.0,0.0,0.0,0.0,0.0,0.0,0.0,68857,68857,0.0,0.0,0.0,0.0,0.0,0.0,0.0,0.0,0.0,0.0,0.0,cleaned observed native units before imputation; fixed one-hot for Protocol,True,True
Fwd URG Flags,numeric,training_benign,validation_Infilteration,68857,68857,0.0,0.005678435017500036,0.07514113649161866,0.0,0.0,0.0,0.0,0.0,0.0,10885643,10885643,0.0,0.0,0.0,0.0,0.0,0.0,0.0,0.0,0.0,0.04911042758929334,0.005678435017499983,cleaned observed native units before imputation; fixed one-hot for Protocol,True,True
Fwd URG Flags,numeric,training_benign,test_Infilteration,93040,93040,0.0,0.008953138435081685,0.09419649540850204,0.0,0.0,0.0,0.0,0.0,0.0,10885643,10885643,0.0,0.0,0.0,0.0,0.0,0.0,0.0,0.0,0.0,0.08154265360096764,0.00895313843508172,cleaned observed native units before imputation; fixed one-hot for Protocol,True,True
Fwd URG Flags,numeric,training_benign,test_Bot,282310,282310,0.0,0.0,0.0,0.0,0.0,0.0,0.0,0.0,0.0,10885643,10885643,0.0,0.0,0.0,0.0,0.0,0.0,0.0,0.0,0.0,0.0,0.0,cleaned observed native units before imputation; fixed one-hot for Protocol,True,True
Fwd URG Flags,numeric,training_malicious,validation_Infilteration,68857,68857,0.0,0.005678435017500036,0.07514113649161866,0.0,0.0,0.0,0.0,0.0,0.0,1909493,1909493,0.0,0.0,0.0,0.0,0.0,0.0,0.0,0.0,0.0,0.04911042758929334,0.005678435017499983,cleaned observed native units before imputation; fixed one-hot for Protocol,True,True
Fwd URG Flags,numeric,training_malicious,test_Infilteration,93040,93040,0.0,0.008953138435081685,0.09419649540850204,0.0,0.0,0.0,0.0,0.0,0.0,1909493,1909493,0.0,0.0,0.0,0.0,0.0,0.0,0.0,0.0,0.0,0.08154265360096764,0.00895313843508172,cleaned observed native units before imputation; fixed one-hot for Protocol,True,True
Fwd URG Flags,numeric,training_malicious,test_Bot,282310,282310,0.0,0.0,0.0,0.0,0.0,0.0,0.0,0.0,0.0,1909493,1909493,0.0,0.0,0.0,0.0,0.0,0.0,0.0,0.0,0.0,0.0,0.0,cleaned observed native units before imputation; fixed one-hot for Protocol,True,True
Fwd URG Flags,numeric,validation_Infilteration,test_Infilteration,93040,93040,0.0,0.008953138435081685,0.09419649540850204,0.0,0.0,0.0,0.0,0.0,0.0,68857,68857,0.0,0.005678435017500036,0.07514113649161866,0.0,0.0,0.0,0.0,0.0,0.0,0.0,0.003274703417581737,cleaned observed native units before imputation; fixed one-hot for Protocol,True,True
Bwd URG Flags,numeric,training_benign,validation_Infilteration,68857,68857,0.0,0.0,0.0,0.0,0.0,0.0,0.0,0.0,0.0,10885643,10885643,0.0,0.0,0.0,0.0,0.0,0.0,0.0,0.0,0.0,0.0,0.0,cleaned observed native units before imputation; fixed one-hot for Protocol,True,True
Bwd URG Flags,numeric,training_benign,test_Infilteration,93040,93040,0.0,0.0,0.0,0.0,0.0,0.0,0.0,0.0,0.0,10885643,10885643,0.0,0.0,0.0,0.0,0.0,0.0,0.0,0.0,0.0,0.0,0.0,cleaned observed native units before imputation; fixed one-hot for Protocol,True,True
Bwd URG Flags,numeric,training_benign,test_Bot,282310,282310,0.0,0.0,0.0,0.0,0.0,0.0,0.0,0.0,0.0,10885643,10885643,0.0,0.0,0.0,0.0,0.0,0.0,0.0,0.0,0.0,0.0,0.0,cleaned observed native units before imputation; fixed one-hot for Protocol,True,True
Bwd URG Flags,numeric,training_malicious,validation_Infilteration,68857,68857,0.0,0.0,0.0,0.0,0.0,0.0,0.0,0.0,0.0,1909493,1909493,0.0,0.0,0.0,0.0,0.0,0.0,0.0,0.0,0.0,0.0,0.0,cleaned observed native units before imputation; fixed one-hot for Protocol,True,True
Bwd URG Flags,numeric,training_malicious,test_Infilteration,93040,93040,0.0,0.0,0.0,0.0,0.0,0.0,0.0,0.0,0.0,1909493,1909493,0.0,0.0,0.0,0.0,0.0,0.0,0.0,0.0,0.0,0.0,0.0,cleaned observed native units before imputation; fixed one-hot for Protocol,True,True
Bwd URG Flags,numeric,training_malicious,test_Bot,282310,282310,0.0,0.0,0.0,0.0,0.0,0.0,0.0,0.0,0.0,1909493,1909493,0.0,0.0,0.0,0.0,0.0,0.0,0.0,0.0,0.0,0.0,0.0,cleaned observed native units before imputation; fixed one-hot for Protocol,True,True
Bwd URG Flags,numeric,validation_Infilteration,test_Infilteration,93040,93040,0.0,0.0,0.0,0.0,0.0,0.0,0.0,0.0,0.0,68857,68857,0.0,0.0,0.0,0.0,0.0,0.0,0.0,0.0,0.0,0.0,0.0,cleaned observed native units before imputation; fixed one-hot for Protocol,True,True
Fwd Header Len,numeric,training_benign,validation_Infilteration,68857,68857,0.0,86.69915912688616,190.5177721237613,24.0,8.0,8.0,112.0,232.0,560.0,10885643,10885643,0.0,117.58586461084568,1262.9362279184493,40.0,8.0,8.0,168.0,232.0,552.0,0.14259920915502267,0.1357694789074687,cleaned observed native units before imputation; fixed one-hot for Protocol,True,True
Fwd Header Len,numeric,training_benign,test_Infilteration,93040,93040,0.0,91.0737747205503,879.7387380238629,24.0,8.0,16.0,80.0,192.0,560.0,10885643,10885643,0.0,117.58586461084568,1262.9362279184493,40.0,8.0,8.0,168.0,232.0,552.0,0.4097572713230542,0.2236638734500932,cleaned observed native units before imputation; fixed one-hot for Protocol,True,True
Fwd Header Len,numeric,training_benign,test_Bot,282310,282310,0.0,56.95662215295243,18.782134688420047,72.0,40.0,40.0,72.0,72.0,124.0,10885643,10885643,0.0,117.58586461084568,1262.9362279184493,40.0,8.0,8.0,168.0,232.0,552.0,7.811066147374501,0.3678915074081031,cleaned observed native units before imputation; fixed one-hot for Protocol,True,True
Fwd Header Len,numeric,training_malicious,validation_Infilteration,68857,68857,0.0,86.69915912688616,190.5177721237613,24.0,8.0,8.0,112.0,232.0,560.0,1909493,1909493,0.0,1315.3990677106435,35423.81651485011,64.0,40.0,40.0,72.0,96.0,776.0,3.276152139985545,0.5021275977750991,cleaned observed native units before imputation; fixed one-hot for Protocol,True,True
Fwd Header Len,numeric,training_malicious,test_Infilteration,93040,93040,0.0,91.0737747205503,879.7387380238629,24.0,8.0,16.0,80.0,192.0,560.0,1909493,1909493,0.0,1315.3990677106435,35423.81651485011,64.0,40.0,40.0,72.0,96.0,776.0,3.7711684140168624,0.5885855546001719,cleaned observed native units before imputation; fixed one-hot for Protocol,True,True
Fwd Header Len,numeric,training_malicious,test_Bot,282310,282310,0.0,56.95662215295243,18.782134688420047,72.0,40.0,40.0,72.0,72.0,124.0,1909493,1909493,0.0,1315.3990677106435,35423.81651485011,64.0,40.0,40.0,72.0,96.0,776.0,2.7436906077178724,0.15263967526379496,cleaned observed native units before imputation; fixed one-hot for Protocol,True,True
Fwd Header Len,numeric,validation_Infilteration,test_Infilteration,93040,93040,0.0,91.0737747205503,879.7387380238629,24.0,8.0,16.0,80.0,192.0,560.0,68857,68857,0.0,86.69915912688616,190.5177721237613,24.0,8.0,8.0,112.0,232.0,560.0,0.26117904608387876,0.08927690665156723,cleaned observed native units before imputation; fixed one-hot for Protocol,True,True
Bwd Header Len,numeric,training_benign,validation_Infilteration,68857,68857,0.0,89.60460083942083,432.8511594927268,16.0,0.0,8.0,92.0,252.0,792.0,10885643,10885643,0.0,143.57719502651335,3113.2297612678567,20.0,0.0,8.0,132.0,204.0,844.0,0.14797712268545934,0.13058370332154923,cleaned observed native units before imputation; fixed one-hot for Protocol,True,True
Bwd Header Len,numeric,training_benign,test_Infilteration,93040,93040,0.0,90.33529664660361,1383.8970282281375,20.0,0.0,8.0,52.0,172.0,772.0,10885643,10885643,0.0,143.57719502651335,3113.2297612678567,20.0,0.0,8.0,132.0,204.0,844.0,0.3939265853003435,0.16118461403297146,cleaned observed native units before imputation; fixed one-hot for Protocol,True,True
Bwd Header Len,numeric,training_benign,test_Bot,282310,282310,0.0,46.90993588608268,56.26914693173646,40.0,0.0,0.0,92.0,92.0,92.0,10885643,10885643,0.0,143.57719502651335,3113.2297612678567,20.0,0.0,8.0,132.0,204.0,844.0,7.2504614314552365,0.2995535475939941,cleaned observed native units before imputation; fixed one-hot for Protocol,True,True
Bwd Header Len,numeric,training_malicious,validation_Infilteration,68857,68857,0.0,89.60460083942083,432.8511594927268,16.0,0.0,8.0,92.0,252.0,792.0,1909493,1909493,0.0,60.93471932078305,150.07225036836664,0.0,0.0,0.0,92.0,92.0,712.0,0.015371794236214258,0.453404802348923,cleaned observed native units before imputation; fixed one-hot for Protocol,True,True
Bwd Header Len,numeric,training_malicious,test_Infilteration,93040,93040,0.0,90.33529664660361,1383.8970282281375,20.0,0.0,8.0,52.0,172.0,772.0,1909493,1909493,0.0,60.93471932078305,150.07225036836664,0.0,0.0,0.0,92.0,92.0,712.0,0.0405671727390364,0.5029701114194953,cleaned observed native units before imputation; fixed one-hot for Protocol,True,True
Bwd Header Len,numeric,training_malicious,test_Bot,282310,282310,0.0,46.90993588608268,56.26914693173646,40.0,0.0,0.0,92.0,92.0,92.0,1909493,1909493,0.0,60.93471932078305,150.07225036836664,0.0,0.0,0.0,92.0,92.0,712.0,0.12856389440709076,0.1885508905522878,cleaned observed native units before imputation; fixed one-hot for Protocol,True,True
Bwd Header Len,numeric,validation_Infilteration,test_Infilteration,93040,93040,0.0,90.33529664660361,1383.8970282281375,20.0,0.0,8.0,52.0,172.0,772.0,68857,68857,0.0,89.60460083942083,432.8511594927268,16.0,0.0,8.0,92.0,252.0,792.0,0.1632087231077132,0.12862992575201426,cleaned observed native units before imputation; fixed one-hot for Protocol,True,True
Fwd Pkts/s,numeric,training_benign,validation_Infilteration,68857,68857,0.0,71848.09104702504,268581.51162045175,469.4835681,0.2013682032,4.761380443,4739.336493,90909.09091,2000000.0,10885643,10885643,0.0,29066.935105090088,215883.0545700355,53.14908317831518,0.1722981661805402,2.0538077081464894,3174.6031746032,22727.272727272728,1500000.0,0.08776700346229119,0.10152838549611565,cleaned observed native units before imputation; fixed one-hot for Protocol,True,True
Fwd Pkts/s,numeric,training_benign,test_Infilteration,93040,93040,0.0,61350.1737048405,234764.8092814292,1108.64745,0.2318778004,5.728214481749999,4166.666667,76923.07692,1000000.0,10885643,10885643,0.0,29066.935105090088,215883.0545700355,53.14908317831518,0.1722981661805402,2.0538077081464894,3174.6031746032,22727.272727272728,1500000.0,0.13176166689035143,0.1576556871905746,cleaned observed native units before imputation; fixed one-hot for Protocol,True,True
Fwd Pkts/s,numeric,training_benign,test_Bot,282310,282310,0.0,2029.7365007429455,1813.786393048644,432.69438875000003,256.4102564,275.4315094,3952.56917,4192.872117,4535.147392,10885643,10885643,0.0,29066.935105090088,215883.0545700355,53.14908317831518,0.1722981661805402,2.0538077081464894,3174.6031746032,22727.272727272728,1500000.0,5.4589933269149595,0.5412583957428639,cleaned observed native units before imputation; fixed one-hot for Protocol,True,True
Fwd Pkts/s,numeric,training_malicious,validation_Infilteration,68857,68857,0.0,71848.09104702504,268581.51162045175,469.4835681,0.2013682032,4.761380443,4739.336493,90909.09091,2000000.0,1909493,1909493,0.0,11159.538650499422,73618.4678591257,83.54916869,0.12971462920000001,2.263923697,503.2712632,1958.224543,333333.333333333,1.1140711769556453,0.27285213624860183,cleaned observed native units before imputation; fixed one-hot for Protocol,True,True
Fwd Pkts/s,numeric,training_malicious,test_Infilteration,93040,93040,0.0,61350.1737048405,234764.8092814292,1108.64745,0.2318778004,5.728214481749999,4166.666667,76923.07692,1000000.0,1909493,1909493,0.0,11159.538650499422,73618.4678591257,83.54916869,0.12971462920000001,2.263923697,503.2712632,1958.224543,333333.333333333,1.4134599898915274,0.3650496906874109,cleaned observed native units before imputation; fixed one-hot for Protocol,True,True
Fwd Pkts/s,numeric,training_malicious,test_Bot,282310,282310,0.0,2029.7365007429455,1813.786393048644,432.69438875000003,256.4102564,275.4315094,3952.56917,4192.872117,4535.147392,1909493,1909493,0.0,11159.538650499422,73618.4678591257,83.54916869,0.12971462920000001,2.263923697,503.2712632,1958.224543,333333.333333333,5.206509821605629,0.5970463123049806,cleaned observed native units before imputation; fixed one-hot for Protocol,True,True
Fwd Pkts/s,numeric,validation_Infilteration,test_Infilteration,93040,93040,0.0,61350.1737048405,234764.8092814292,1108.64745,0.2318778004,5.728214481749999,4166.666667,76923.07692,1000000.0,68857,68857,0.0,71848.09104702504,268581.51162045175,469.4835681,0.2013682032,4.761380443,4739.336493,90909.09091,2000000.0,0.12962023823954114,0.09428323973253427,cleaned observed native units before imputation; fixed one-hot for Protocol,True,True
Bwd Pkts/s,numeric,training_benign,validation_Infilteration,68857,68857,0.0,42775.223281433384,151227.74104250938,23.37376996,0.0,0.186235812,1644.736842,46511.62791,500000.0,10885643,10885643,0.0,3224.7457455768713,33900.3998849604,4.482604931377722,0.0,0.1752617143965196,896.8609865470851,3571.4285714285716,58823.529411764706,0.12796343644369473,0.09348225310186642,cleaned observed native units before imputation; fixed one-hot for Protocol,True,True
Bwd Pkts/s,numeric,training_benign,test_Infilteration,93040,93040,0.0,40716.18111782473,139187.4570830158,387.4467261,0.0,1.01251972,3759.398496,45454.54545,500000.0,10885643,10885643,0.0,3224.7457455768713,33900.3998849604,4.482604931377722,0.0,0.1752617143965196,896.8609865470851,3571.4285714285716,58823.529411764706,0.30730828106022057,0.21596824449507912,cleaned observed native units before imputation; fixed one-hot for Protocol,True,True
Bwd Pkts/s,numeric,training_benign,test_Bot,282310,282310,0.0,182.23807348076247,205.4457780652524,119.4885915,0.0,0.0,366.703337,394.9057163,440.2377284,10885643,10885643,0.0,3224.7457455768713,33900.3998849604,4.482604931377722,0.0,0.1752617143965196,896.8609865470851,3571.4285714285716,58823.529411764706,5.047867535661532,0.30024886710796317,cleaned observed native units before imputation; fixed one-hot for Protocol,True,True
Bwd Pkts/s,numeric,training_malicious,validation_Infilteration,68857,68857,0.0,42775.223281433384,151227.74104250938,23.37376996,0.0,0.186235812,1644.736842,46511.62791,500000.0,1909493,1909493,0.0,10707.69550121266,73486.04999542137,0.0,0.0,0.0,3.206160959,289.1008962,333333.333333333,0.7063216468328151,0.4555953388612558,cleaned observed native units before imputation; fixed one-hot for Protocol,True,True
Bwd Pkts/s,numeric,training_malicious,test_Infilteration,93040,93040,0.0,40716.18111782473,139187.4570830158,387.4467261,0.0,1.01251972,3759.398496,45454.54545,500000.0,1909493,1909493,0.0,10707.69550121266,73486.04999542137,0.0,0.0,0.0,3.206160959,289.1008962,333333.333333333,1.0841508476199866,0.5063226775838949,cleaned observed native units before imputation; fixed one-hot for Protocol,True,True
Bwd Pkts/s,numeric,training_malicious,test_Bot,282310,282310,0.0,182.23807348076247,205.4457780652524,119.4885915,0.0,0.0,366.703337,394.9057163,440.2377284,1909493,1909493,0.0,10707.69550121266,73486.04999542137,0.0,0.0,0.0,3.206160959,289.1008962,333333.333333333,1.3503231053091098,0.37160452834407676,cleaned observed native units before imputation; fixed one-hot for Protocol,True,True
Bwd Pkts/s,numeric,validation_Infilteration,test_Infilteration,93040,93040,0.0,40716.18111782473,139187.4570830158,387.4467261,0.0,1.01251972,3759.398496,45454.54545,500000.0,68857,68857,0.0,42775.223281433384,151227.74104250938,23.37376996,0.0,0.186235812,1644.736842,46511.62791,500000.0,0.15530807375706182,0.1432423480524163,cleaned observed native units before imputation; fixed one-hot for Protocol,True,True
Pkt Len Min,numeric,training_benign,validation_Infilteration,68857,68857,0.0,15.477903481127553,24.89332736040208,0.0,0.0,0.0,36.0,44.0,76.0,10885643,10885643,0.0,12.970551578808895,22.727196630832704,0.0,0.0,0.0,33.0,43.0,65.0,0.012850274016600344,0.05586782553087222,cleaned observed native units before imputation; fixed one-hot for Protocol,True,True
Pkt Len Min,numeric,training_benign,test_Infilteration,93040,93040,0.0,12.293970335339639,25.553887100211046,0.0,0.0,0.0,32.0,42.0,64.0,10885643,10885643,0.0,12.970551578808895,22.727196630832704,0.0,0.0,0.0,33.0,43.0,65.0,0.003484401361700359,0.025737343408673174,cleaned observed native units before imputation; fixed one-hot for Protocol,True,True
Pkt Len Min,numeric,training_benign,test_Bot,282310,282310,0.0,0.0,0.0,0.0,0.0,0.0,0.0,0.0,0.0,10885643,10885643,0.0,12.970551578808895,22.727196630832704,0.0,0.0,0.0,33.0,43.0,65.0,3.5797984457756296,0.31039810877501683,cleaned observed native units before imputation; fixed one-hot for Protocol,True,True
Pkt Len Min,numeric,training_malicious,validation_Infilteration,68857,68857,0.0,15.477903481127553,24.89332736040208,0.0,0.0,0.0,36.0,44.0,76.0,1909493,1909493,0.0,0.04234841395071885,1.163338238973886,0.0,0.0,0.0,0.0,0.0,0.0,0.0,0.3622271588494068,cleaned observed native units before imputation; fixed one-hot for Protocol,True,True
Pkt Len Min,numeric,training_malicious,test_Infilteration,93040,93040,0.0,12.293970335339639,25.553887100211046,0.0,0.0,0.0,32.0,42.0,64.0,1909493,1909493,0.0,0.04234841395071885,1.163338238973886,0.0,0.0,0.0,0.0,0.0,0.0,0.0,0.28413447964787497,cleaned observed native units before imputation; fixed one-hot for Protocol,True,True
Pkt Len Min,numeric,training_malicious,test_Bot,282310,282310,0.0,0.0,0.0,0.0,0.0,0.0,0.0,0.0,0.0,1909493,1909493,0.0,0.04234841395071885,1.163338238973886,0.0,0.0,0.0,0.0,0.0,0.0,0.0,0.0013233879359599854,cleaned observed native units before imputation; fixed one-hot for Protocol,True,True
Pkt Len Min,numeric,validation_Infilteration,test_Infilteration,93040,93040,0.0,12.293970335339639,25.553887100211046,0.0,0.0,0.0,32.0,42.0,64.0,68857,68857,0.0,15.477903481127553,24.89332736040208,0.0,0.0,0.0,36.0,44.0,76.0,0.025216853693593232,0.07965498121763204,cleaned observed native units before imputation; fixed one-hot for Protocol,True,True
Pkt Len Max,numeric,training_benign,validation_Infilteration,68857,68857,0.0,344.21549007363086,534.9728212932539,71.0,0.0,0.0,212.0,1460.0,1460.0,10885643,10885643,0.0,424.7501054370422,526.456699004503,117.0,0.0,33.0,935.0,1179.0,1460.0,0.22647302601490987,0.13139544541483206,cleaned observed native units before imputation; fixed one-hot for Protocol,True,True
Pkt Len Max,numeric,training_benign,test_Infilteration,93040,93040,0.0,274.352901977644,483.72346953469275,51.0,0.0,0.0,140.0,1173.0,1460.0,10885643,10885643,0.0,424.7501054370422,526.456699004503,117.0,0.0,33.0,935.0,1179.0,1460.0,0.3036924230908688,0.20147246817546105,cleaned observed native units before imputation; fixed one-hot for Protocol,True,True
Pkt Len Max,numeric,training_benign,test_Bot,282310,282310,0.0,164.65722432786652,163.83763500958807,285.0,0.0,0.0,326.0,326.0,326.0,10885643,10885643,0.0,424.7501054370422,526.456699004503,117.0,0.0,33.0,935.0,1179.0,1460.0,6.014809658504244,0.3471737875518791,cleaned observed native units before imputation; fixed one-hot for Protocol,True,True
Pkt Len Max,numeric,training_malicious,validation_Infilteration,68857,68857,0.0,344.21549007363086,534.9728212932539,71.0,0.0,0.0,212.0,1460.0,1460.0,1909493,1909493,0.0,300.0914604033636,442.5167445941134,0.0,0.0,0.0,935.0,964.0,976.0,0.6621972894680306,0.40164959918777565,cleaned observed native units before imputation; fixed one-hot for Protocol,True,True
Pkt Len Max,numeric,training_malicious,test_Infilteration,93040,93040,0.0,274.352901977644,483.72346953469275,51.0,0.0,0.0,140.0,1173.0,1460.0,1909493,1909493,0.0,300.0914604033636,442.5167445941134,0.0,0.0,0.0,935.0,964.0,976.0,0.7019368675701964,0.25747155741113814,cleaned observed native units before imputation; fixed one-hot for Protocol,True,True
Pkt Len Max,numeric,training_malicious,test_Bot,282310,282310,0.0,164.65722432786652,163.83763500958807,285.0,0.0,0.0,326.0,326.0,326.0,1909493,1909493,0.0,300.0914604033636,442.5167445941134,0.0,0.0,0.0,935.0,964.0,976.0,2.4583581586156082,0.3140290704349279,cleaned observed native units before imputation; fixed one-hot for Protocol,True,True
Pkt Len Max,numeric,validation_Infilteration,test_Infilteration,93040,93040,0.0,274.352901977644,483.72346953469275,51.0,0.0,0.0,140.0,1173.0,1460.0,68857,68857,0.0,344.21549007363086,534.9728212932539,71.0,0.0,0.0,212.0,1460.0,1460.0,0.13970591815134137,0.14489850868045084,cleaned observed native units before imputation; fixed one-hot for Protocol,True,True
Pkt Len Mean,numeric,training_benign,validation_Infilteration,68857,68857,0.0,79.44391522686877,109.33398015346178,49.33333333,0.0,0.0,89.66666667,219.24186046000003,510.10666663600097,10885643,10885643,0.0,86.83693615229753,106.22642503577816,59.3333333333,0.0,19.0,141.6666667,170.56250000000003,529.4736842105265,0.14364225279848622,0.10593654866544577,cleaned observed native units before imputation; fixed one-hot for Protocol,True,True
Pkt Len Mean,numeric,training_benign,test_Infilteration,93040,93040,0.0,60.152204466406815,95.36084347000592,34.97222222,0.0,0.0,72.66666667,169.5625,434.8333333670001,10885643,10885643,0.0,86.83693615229753,106.22642503577816,59.3333333333,0.0,19.0,141.6666667,170.56250000000003,529.4736842105265,0.23861985183886908,0.20753144632260412,cleaned observed native units before imputation; fixed one-hot for Protocol,True,True
Pkt Len Mean,numeric,training_benign,test_Bot,282310,282310,0.0,28.652121331915776,28.429357797762453,51.75,0.0,0.0,56.875,56.875,56.875,10885643,10885643,0.0,86.83693615229753,106.22642503577816,59.3333333333,0.0,19.0,141.6666667,170.56250000000003,529.4736842105265,5.813668944339925,0.5041915042945049,cleaned observed native units before imputation; fixed one-hot for Protocol,True,True
Pkt Len Mean,numeric,training_malicious,validation_Infilteration,68857,68857,0.0,79.44391522686877,109.33398015346178,49.33333333,0.0,0.0,89.66666667,219.24186046000003,510.10666663600097,1909493,1909493,0.0,41.44692086500494,61.84377824898793,0.0,0.0,0.0,123.0,147.75,159.5,0.36976835308884526,0.40164959918777565,cleaned observed native units before imputation; fixed one-hot for Protocol,True,True
Pkt Len Mean,numeric,training_malicious,test_Infilteration,93040,93040,0.0,60.152204466406815,95.36084347000592,34.97222222,0.0,0.0,72.66666667,169.5625,434.8333333670001,1909493,1909493,0.0,41.44692086500494,61.84377824898793,0.0,0.0,0.0,123.0,147.75,159.5,0.3615502954090247,0.25747155741113814,cleaned observed native units before imputation; fixed one-hot for Protocol,True,True
Pkt Len Mean,numeric,training_malicious,test_Bot,282310,282310,0.0,28.652121331915776,28.429357797762453,51.75,0.0,0.0,56.875,56.875,56.875,1909493,1909493,0.0,41.44692086500494,61.84377824898793,0.0,0.0,0.0,123.0,147.75,159.5,3.022325340618149,0.3169041474911417,cleaned observed native units before imputation; fixed one-hot for Protocol,True,True
Pkt Len Mean,numeric,validation_Infilteration,test_Infilteration,93040,93040,0.0,60.152204466406815,95.36084347000592,34.97222222,0.0,0.0,72.66666667,169.5625,434.8333333670001,68857,68857,0.0,79.44391522686877,109.33398015346178,49.33333333,0.0,0.0,89.66666667,219.24186046000003,510.10666663600097,0.12096282175545955,0.14451463305929768,cleaned observed native units before imputation; fixed one-hot for Protocol,True,True
Pkt Len Std,numeric,training_benign,validation_Infilteration,68857,68857,0.0,109.54305529100822,174.12282724463992,21.68524844,0.0,0.0,88.91194146,434.89696477999996,657.1017897960003,10885643,10885643,0.0,132.35974249389204,165.96411677871967,43.81780460041329,0.0,9.237604307,298.5202785828,333.9661018,647.5578758801,0.20105664328393463,0.12857605491237845,cleaned observed native units before imputation; fixed one-hot for Protocol,True,True
Pkt Len Std,numeric,training_benign,test_Infilteration,93040,93040,0.0,83.81700263209092,151.60693373387434,9.237604307,0.0,0.0,57.15767665,319.4027173,645.6146864850001,10885643,10885643,0.0,132.35974249389204,165.96411677871967,43.81780460041329,0.0,9.237604307,298.5202785828,333.9661018,647.5578758801,0.3109575755486274,0.2512886122575267,cleaned observed native units before imputation; fixed one-hot for Protocol,True,True
Pkt Len Std,numeric,training_benign,test_Bot,282310,282310,0.0,58.194302576137744,57.72285846299406,101.8637045,0.0,0.0,115.4066568,115.4066568,115.4066568,10885643,10885643,0.0,132.35974249389204,165.96411677871967,43.81780460041329,0.0,9.237604307,298.5202785828,333.9661018,647.5578758801,5.128596533006862,0.340277891999041,cleaned observed native units before imputation; fixed one-hot for Protocol,True,True
Pkt Len Std,numeric,training_malicious,validation_Infilteration,68857,68857,0.0,109.54305529100822,174.12282724463992,21.68524844,0.0,0.0,88.91194146,434.89696477999996,657.1017897960003,1909493,1909493,0.0,99.13879294647326,148.43869525147818,0.0,0.0,0.0,329.6736211,339.8873763,339.8873763,0.17419507737326645,0.3966265009277062,cleaned observed native units before imputation; fixed one-hot for Protocol,True,True
Pkt Len Std,numeric,training_malicious,test_Infilteration,93040,93040,0.0,83.81700263209092,151.60693373387434,9.237604307,0.0,0.0,57.15767665,319.4027173,645.6146864850001,1909493,1909493,0.0,99.13879294647326,148.43869525147818,0.0,0.0,0.0,329.6736211,339.8873763,339.8873763,0.22699041574143244,0.2521526409618875,cleaned observed native units before imputation; fixed one-hot for Protocol,True,True
Pkt Len Std,numeric,training_malicious,test_Bot,282310,282310,0.0,58.194302576137744,57.72285846299406,101.8637045,0.0,0.0,115.4066568,115.4066568,115.4066568,1909493,1909493,0.0,99.13879294647326,148.43869525147818,0.0,0.0,0.0,329.6736211,339.8873763,339.8873763,2.6223764388470445,0.31425730063016055,cleaned observed native units before imputation; fixed one-hot for Protocol,True,True
Pkt Len Std,numeric,validation_Infilteration,test_Infilteration,93040,93040,0.0,83.81700263209092,151.60693373387434,9.237604307,0.0,0.0,57.15767665,319.4027173,645.6146864850001,68857,68857,0.0,109.54305529100822,174.12282724463992,21.68524844,0.0,0.0,88.91194146,434.89696477999996,657.1017897960003,0.11782276422471658,0.14471919282639556,cleaned observed native units before imputation; fixed one-hot for Protocol,True,True
Pkt Len Var,numeric,training_benign,validation_Infilteration,68857,68857,0.0,42318.43992943939,92723.35124989442,470.25,0.0,0.0,7905.333333,189135.37002,431782.76564800035,10885643,10885643,0.0,45063.18949090269,201205.03721074172,1920.0,0.0,85.3333333333,89114.35672514622,111533.3571,419331.202614379,0.21353193582492358,0.1444541750654081,cleaned observed native units before imputation; fixed one-hot for Protocol,True,True
Pkt Len Var,numeric,training_benign,test_Infilteration,93040,93040,0.0,30009.95228503705,77534.73661173257,85.33333333,0.0,0.0,3267.0,102018.0958,416818.32479200006,10885643,10885643,0.0,45063.18949090269,201205.03721074172,1920.0,0.0,85.3333333333,89114.35672514622,111533.3571,419331.202614379,0.3256390366043513,0.2681466885328556,cleaned observed native units before imputation; fixed one-hot for Protocol,True,True
Pkt Len Var,numeric,training_benign,test_Bot,282310,282310,0.0,6718.505239618868,6750.220489905481,10376.21429,0.0,0.0,13318.69643,13318.69643,13318.69643,10885643,10885643,0.0,45063.18949090269,201205.03721074172,1920.0,0.0,85.3333333333,89114.35672514622,111533.3571,419331.202614379,5.120292279979667,0.340277891999041,cleaned observed native units before imputation; fixed one-hot for Protocol,True,True
Pkt Len Var,numeric,training_malicious,validation_Infilteration,68857,68857,0.0,42318.43992943939,92723.35124989442,470.25,0.0,0.0,7905.333333,189135.37002,431782.76564800035,1909493,1909493,0.0,31862.546519644005,49415.24544206864,0.0,0.0,0.0,108684.6964,115523.4286,115523.4286,0.17419507737326645,0.3966265009277062,cleaned observed native units before imputation; fixed one-hot for Protocol,True,True
Pkt Len Var,numeric,training_malicious,test_Infilteration,93040,93040,0.0,30009.95228503705,77534.73661173257,85.33333333,0.0,0.0,3267.0,102018.0958,416818.32479200006,1909493,1909493,0.0,31862.546519644005,49415.24544206864,0.0,0.0,0.0,108684.6964,115523.4286,115523.4286,0.22699041574143244,0.2521526409618875,cleaned observed native units before imputation; fixed one-hot for Protocol,True,True
Pkt Len Var,numeric,training_malicious,test_Bot,282310,282310,0.0,6718.505239618868,6750.220489905481,10376.21429,0.0,0.0,13318.69643,13318.69643,13318.69643,1909493,1909493,0.0,31862.546519644005,49415.24544206864,0.0,0.0,0.0,108684.6964,115523.4286,115523.4286,2.6223764388470445,0.31425730063016055,cleaned observed native units before imputation; fixed one-hot for Protocol,True,True
Pkt Len Var,numeric,validation_Infilteration,test_Infilteration,93040,93040,0.0,30009.95228503705,77534.73661173257,85.33333333,0.0,0.0,3267.0,102018.0958,416818.32479200006,68857,68857,0.0,42318.43992943939,92723.35124989442,470.25,0.0,0.0,7905.333333,189135.37002,431782.76564800035,0.11782276422471658,0.14471919282639556,cleaned observed native units before imputation; fixed one-hot for Protocol,True,True
FIN Flag Cnt,numeric,training_benign,validation_Infilteration,68857,68857,0.0,0.007566405739430995,0.08665538208107619,0.0,0.0,0.0,0.0,0.0,0.0,10885643,10885643,0.0,0.005611887143460428,0.07470203388228122,0.0,0.0,0.0,0.0,0.0,0.0,0.0,0.0019545185959706224,cleaned observed native units before imputation; fixed one-hot for Protocol,True,True
FIN Flag Cnt,numeric,training_benign,test_Infilteration,93040,93040,0.0,0.004868873602751505,0.06960723865081804,0.0,0.0,0.0,0.0,0.0,0.0,10885643,10885643,0.0,0.005611887143460428,0.07470203388228122,0.0,0.0,0.0,0.0,0.0,0.0,0.0,0.0007430135407089367,cleaned observed native units before imputation; fixed one-hot for Protocol,True,True
FIN Flag Cnt,numeric,training_benign,test_Bot,282310,282310,0.0,0.0,0.0,0.0,0.0,0.0,0.0,0.0,0.0,10885643,10885643,0.0,0.005611887143460428,0.07470203388228122,0.0,0.0,0.0,0.0,0.0,0.0,0.0,0.005611887143460392,cleaned observed native units before imputation; fixed one-hot for Protocol,True,True
FIN Flag Cnt,numeric,training_malicious,validation_Infilteration,68857,68857,0.0,0.007566405739430995,0.08665538208107619,0.0,0.0,0.0,0.0,0.0,0.0,1909493,1909493,0.0,0.0007190390328741714,0.02680526097137229,0.0,0.0,0.0,0.0,0.0,0.0,0.0,0.0068473667065568344,cleaned observed native units before imputation; fixed one-hot for Protocol,True,True
FIN Flag Cnt,numeric,training_malicious,test_Infilteration,93040,93040,0.0,0.004868873602751505,0.06960723865081804,0.0,0.0,0.0,0.0,0.0,0.0,1909493,1909493,0.0,0.0007190390328741714,0.02680526097137229,0.0,0.0,0.0,0.0,0.0,0.0,0.0,0.004149834569877275,cleaned observed native units before imputation; fixed one-hot for Protocol,True,True
FIN Flag Cnt,numeric,training_malicious,test_Bot,282310,282310,0.0,0.0,0.0,0.0,0.0,0.0,0.0,0.0,0.0,1909493,1909493,0.0,0.0007190390328741714,0.02680526097137229,0.0,0.0,0.0,0.0,0.0,0.0,0.0,0.0007190390328741803,cleaned observed native units before imputation; fixed one-hot for Protocol,True,True
FIN Flag Cnt,numeric,validation_Infilteration,test_Infilteration,93040,93040,0.0,0.004868873602751505,0.06960723865081804,0.0,0.0,0.0,0.0,0.0,0.0,68857,68857,0.0,0.007566405739430995,0.08665538208107619,0.0,0.0,0.0,0.0,0.0,0.0,0.0,0.002697532136679559,cleaned observed native units before imputation; fixed one-hot for Protocol,True,True
SYN Flag Cnt,numeric,training_benign,validation_Infilteration,68857,68857,0.0,0.06811217450658612,0.2519382983799217,0.0,0.0,0.0,0.0,0.0,1.0,10885643,10885643,0.0,0.05282636955850931,0.22368671001598892,0.0,0.0,0.0,0.0,0.0,1.0,0.0,0.015285804948076853,cleaned observed native units before imputation; fixed one-hot for Protocol,True,True
SYN Flag Cnt,numeric,training_benign,test_Infilteration,93040,93040,0.0,0.06251074806534823,0.2420808840897166,0.0,0.0,0.0,0.0,0.0,1.0,10885643,10885643,0.0,0.05282636955850931,0.22368671001598892,0.0,0.0,0.0,0.0,0.0,1.0,0.0,0.009684378506839009,cleaned observed native units before imputation; fixed one-hot for Protocol,True,True
SYN Flag Cnt,numeric,training_benign,test_Bot,282310,282310,0.0,1.0626616131203287e-05,0.0032598317757566706,0.0,0.0,0.0,0.0,0.0,0.0,10885643,10885643,0.0,0.05282636955850931,0.22368671001598892,0.0,0.0,0.0,0.0,0.0,1.0,0.0,0.05281574294237812,cleaned observed native units before imputation; fixed one-hot for Protocol,True,True
SYN Flag Cnt,numeric,training_malicious,validation_Infilteration,68857,68857,0.0,0.06811217450658612,0.2519382983799217,0.0,0.0,0.0,0.0,0.0,1.0,1909493,1909493,0.0,0.0015108722577144823,0.038840565427595806,0.0,0.0,0.0,0.0,0.0,0.0,0.0,0.06660130224887162,cleaned observed native units before imputation; fixed one-hot for Protocol,True,True
SYN Flag Cnt,numeric,training_malicious,test_Infilteration,93040,93040,0.0,0.06251074806534823,0.2420808840897166,0.0,0.0,0.0,0.0,0.0,1.0,1909493,1909493,0.0,0.0015108722577144823,0.038840565427595806,0.0,0.0,0.0,0.0,0.0,0.0,0.0,0.060999875807633774,cleaned observed native units before imputation; fixed one-hot for Protocol,True,True
SYN Flag Cnt,numeric,training_malicious,test_Bot,282310,282310,0.0,1.0626616131203287e-05,0.0032598317757566706,0.0,0.0,0.0,0.0,0.0,0.0,1909493,1909493,0.0,0.0015108722577144823,0.038840565427595806,0.0,0.0,0.0,0.0,0.0,0.0,0.0,0.0015002456415833532,cleaned observed native units before imputation; fixed one-hot for Protocol,True,True
SYN Flag Cnt,numeric,validation_Infilteration,test_Infilteration,93040,93040,0.0,0.06251074806534823,0.2420808840897166,0.0,0.0,0.0,0.0,0.0,1.0,68857,68857,0.0,0.06811217450658612,0.2519382983799217,0.0,0.0,0.0,0.0,0.0,1.0,0.0,0.0056014264412378445,cleaned observed native units before imputation; fixed one-hot for Protocol,True,True
RST Flag Cnt,numeric,training_benign,validation_Infilteration,68857,68857,0.0,0.23098595640239916,0.421463455529976,0.0,0.0,0.0,0.0,1.0,1.0,10885643,10885643,0.0,0.1822782540268866,0.3860736874429502,0.0,0.0,0.0,0.0,1.0,1.0,0.014526332508382537,0.048707702375512585,cleaned observed native units before imputation; fixed one-hot for Protocol,True,True
RST Flag Cnt,numeric,training_benign,test_Infilteration,93040,93040,0.0,0.17846087704213243,0.3829002381919934,0.0,0.0,0.0,0.0,1.0,1.0,10885643,10885643,0.0,0.1822782540268866,0.3860736874429502,0.0,0.0,0.0,0.0,1.0,1.0,9.857376095061591e-05,0.0038173769847541505,cleaned observed native units before imputation; fixed one-hot for Protocol,True,True
RST Flag Cnt,numeric,training_benign,test_Bot,282310,282310,0.0,0.5065743331798378,0.49995677627495005,1.0,0.0,0.0,1.0,1.0,1.0,10885643,10885643,0.0,0.1822782540268866,0.3860736874429502,0.0,0.0,0.0,0.0,1.0,1.0,0.4952920575704566,0.32429607915295117,cleaned observed native units before imputation; fixed one-hot for Protocol,True,True
RST Flag Cnt,numeric,training_malicious,validation_Infilteration,68857,68857,0.0,0.23098595640239916,0.421463455529976,0.0,0.0,0.0,0.0,1.0,1.0,1909493,1909493,0.0,0.2373645779272299,0.42546754878916193,0.0,0.0,0.0,0.0,1.0,1.0,0.00022688382782035262,0.006378621524830708,cleaned observed native units before imputation; fixed one-hot for Protocol,True,True
RST Flag Cnt,numeric,training_malicious,test_Infilteration,93040,93040,0.0,0.17846087704213243,0.3829002381919934,0.0,0.0,0.0,0.0,1.0,1.0,1909493,1909493,0.0,0.2373645779272299,0.42546754878916193,0.0,0.0,0.0,0.0,1.0,1.0,0.021183338098086466,0.05890370088509744,cleaned observed native units before imputation; fixed one-hot for Protocol,True,True
RST Flag Cnt,numeric,training_malicious,test_Bot,282310,282310,0.0,0.5065743331798378,0.49995677627495005,1.0,0.0,0.0,1.0,1.0,1.0,1909493,1909493,0.0,0.2373645779272299,0.42546754878916193,0.0,0.0,0.0,0.0,1.0,1.0,0.32129626868860034,0.2692097552526079,cleaned observed native units before imputation; fixed one-hot for Protocol,True,True
RST Flag Cnt,numeric,validation_Infilteration,test_Infilteration,93040,93040,0.0,0.17846087704213243,0.3829002381919934,0.0,0.0,0.0,0.0,1.0,1.0,68857,68857,0.0,0.23098595640239916,0.421463455529976,0.0,0.0,0.0,0.0,1.0,1.0,0.017021129803669415,0.052525079360266735,cleaned observed native units before imputation; fixed one-hot for Protocol,True,True
PSH Flag Cnt,numeric,training_benign,validation_Infilteration,68857,68857,0.0,0.37217712069942055,0.48338526200879295,0.0,0.0,0.0,1.0,1.0,1.0,10885643,10885643,0.0,0.38398485050446723,0.4863542793967507,0.0,0.0,0.0,1.0,1.0,1.0,0.0005929801581981205,0.01180772980504663,cleaned observed native units before imputation; fixed one-hot for Protocol,True,True
PSH Flag Cnt,numeric,training_benign,test_Infilteration,93040,93040,0.0,0.519110060189166,0.49963467213511753,1.0,0.0,0.0,1.0,1.0,1.0,10885643,10885643,0.0,0.38398485050446723,0.4863542793967507,0.0,0.0,0.0,1.0,1.0,1.0,0.0742033133310791,0.13512520968469877,cleaned observed native units before imputation; fixed one-hot for Protocol,True,True
PSH Flag Cnt,numeric,training_benign,test_Bot,282310,282310,0.0,0.5065743331798378,0.49995677627495005,1.0,0.0,0.0,1.0,1.0,1.0,10885643,10885643,0.0,0.38398485050446723,0.4863542793967507,0.0,0.0,0.0,1.0,1.0,1.0,0.06116802144836755,0.12258948267537056,cleaned observed native units before imputation; fixed one-hot for Protocol,True,True
PSH Flag Cnt,numeric,training_malicious,validation_Infilteration,68857,68857,0.0,0.37217712069942055,0.48338526200879295,0.0,0.0,0.0,1.0,1.0,1.0,1909493,1909493,0.0,0.3425558512128612,0.47456436867161944,0.0,0.0,0.0,1.0,1.0,1.0,0.00382222874440696,0.0296212694865593,cleaned observed native units before imputation; fixed one-hot for Protocol,True,True
PSH Flag Cnt,numeric,training_malicious,test_Infilteration,93040,93040,0.0,0.519110060189166,0.49963467213511753,1.0,0.0,0.0,1.0,1.0,1.0,1909493,1909493,0.0,0.3425558512128612,0.47456436867161944,0.0,0.0,0.0,1.0,1.0,1.0,0.12860228697230847,0.1765542089763047,cleaned observed native units before imputation; fixed one-hot for Protocol,True,True
PSH Flag Cnt,numeric,training_malicious,test_Bot,282310,282310,0.0,0.5065743331798378,0.49995677627495005,1.0,0.0,0.0,1.0,1.0,1.0,1909493,1909493,0.0,0.3425558512128612,0.47456436867161944,0.0,0.0,0.0,1.0,1.0,1.0,0.11124104028964668,0.1640184819669765,cleaned observed native units before imputation; fixed one-hot for Protocol,True,True
PSH Flag Cnt,numeric,validation_Infilteration,test_Infilteration,93040,93040,0.0,0.519110060189166,0.49963467213511753,1.0,0.0,0.0,1.0,1.0,1.0,68857,68857,0.0,0.37217712069942055,0.48338526200879295,0.0,0.0,0.0,1.0,1.0,1.0,0.08806638941253159,0.1469329394897454,cleaned observed native units before imputation; fixed one-hot for Protocol,True,True
ACK Flag Cnt,numeric,training_benign,validation_Infilteration,68857,68857,0.0,0.24238639499252074,0.4285268142310939,0.0,0.0,0.0,0.0,1.0,1.0,10885643,10885643,0.0,0.285307262051493,0.451560658463702,0.0,0.0,0.0,1.0,1.0,1.0,0.009500702579978024,0.042920867058972245,cleaned observed native units before imputation; fixed one-hot for Protocol,True,True
ACK Flag Cnt,numeric,training_benign,test_Infilteration,93040,93040,0.0,0.17523645743766122,0.3801692273479798,0.0,0.0,0.0,0.0,1.0,1.0,10885643,10885643,0.0,0.285307262051493,0.451560658463702,0.0,0.0,0.0,1.0,1.0,1.0,0.0694187088141712,0.11007080461383167,cleaned observed native units before imputation; fixed one-hot for Protocol,True,True
ACK Flag Cnt,numeric,training_benign,test_Bot,282310,282310,0.0,0.49251177783287875,0.49994392338418886,0.0,0.0,0.0,1.0,1.0,1.0,10885643,10885643,0.0,0.285307262051493,0.451560658463702,0.0,0.0,0.0,1.0,1.0,1.0,0.1840658002257462,0.20720451578138588,cleaned observed native units before imputation; fixed one-hot for Protocol,True,True
ACK Flag Cnt,numeric,training_malicious,validation_Infilteration,68857,68857,0.0,0.24238639499252074,0.4285268142310939,0.0,0.0,0.0,0.0,1.0,1.0,1909493,1909493,0.0,0.6554022455175275,0.47523693258006816,1.0,0.0,0.0,1.0,1.0,1.0,0.7362041250275992,0.4130158505250067,cleaned observed native units before imputation; fixed one-hot for Protocol,True,True
ACK Flag Cnt,numeric,training_malicious,test_Infilteration,93040,93040,0.0,0.17523645743766122,0.3801692273479798,0.0,0.0,0.0,0.0,1.0,1.0,1909493,1909493,0.0,0.6554022455175275,0.47523693258006816,1.0,0.0,0.0,1.0,1.0,1.0,1.0524405567544193,0.48016578807986615,cleaned observed native units before imputation; fixed one-hot for Protocol,True,True
ACK Flag Cnt,numeric,training_malicious,test_Bot,282310,282310,0.0,0.49251177783287875,0.49994392338418886,0.0,0.0,0.0,1.0,1.0,1.0,1909493,1909493,0.0,0.6554022455175275,0.47523693258006816,1.0,0.0,0.0,1.0,1.0,1.0,0.10959680130152444,0.1628904676846486,cleaned observed native units before imputation; fixed one-hot for Protocol,True,True
ACK Flag Cnt,numeric,validation_Infilteration,test_Infilteration,93040,93040,0.0,0.17523645743766122,0.3801692273479798,0.0,0.0,0.0,0.0,1.0,1.0,68857,68857,0.0,0.24238639499252074,0.4285268142310939,0.0,0.0,0.0,0.0,1.0,1.0,0.027485764823383746,0.06714993755485943,cleaned observed native units before imputation; fixed one-hot for Protocol,True,True
URG Flag Cnt,numeric,training_benign,validation_Infilteration,68857,68857,0.0,0.050713798161406975,0.21941264511748418,0.0,0.0,0.0,0.0,0.0,1.0,10885643,10885643,0.0,0.04114942957434853,0.19863573198207368,0.0,0.0,0.0,0.0,0.0,1.0,0.0,0.009564368587058447,cleaned observed native units before imputation; fixed one-hot for Protocol,True,True
URG Flag Cnt,numeric,training_benign,test_Infilteration,93040,93040,0.0,0.045647033533963884,0.208718427225564,0.0,0.0,0.0,0.0,0.0,1.0,10885643,10885643,0.0,0.04114942957434853,0.19863573198207368,0.0,0.0,0.0,0.0,0.0,1.0,0.0,0.004497603959615404,cleaned observed native units before imputation; fixed one-hot for Protocol,True,True
URG Flag Cnt,numeric,training_benign,test_Bot,282310,282310,0.0,1.0626616131203287e-05,0.0032598317757566706,0.0,0.0,0.0,0.0,0.0,0.0,10885643,10885643,0.0,0.04114942957434853,0.19863573198207368,0.0,0.0,0.0,0.0,0.0,1.0,0.0,0.04113880295821737,cleaned observed native units before imputation; fixed one-hot for Protocol,True,True
URG Flag Cnt,numeric,training_malicious,validation_Infilteration,68857,68857,0.0,0.050713798161406975,0.21941264511748418,0.0,0.0,0.0,0.0,0.0,1.0,1909493,1909493,0.0,0.017539210670057443,0.13126913863939532,0.0,0.0,0.0,0.0,0.0,1.0,0.0,0.033174587491349494,cleaned observed native units before imputation; fixed one-hot for Protocol,True,True
URG Flag Cnt,numeric,training_malicious,test_Infilteration,93040,93040,0.0,0.045647033533963884,0.208718427225564,0.0,0.0,0.0,0.0,0.0,1.0,1909493,1909493,0.0,0.017539210670057443,0.13126913863939532,0.0,0.0,0.0,0.0,0.0,1.0,0.0,0.02810782286390645,cleaned observed native units before imputation; fixed one-hot for Protocol,True,True
URG Flag Cnt,numeric,training_malicious,test_Bot,282310,282310,0.0,1.0626616131203287e-05,0.0032598317757566706,0.0,0.0,0.0,0.0,0.0,0.0,1909493,1909493,0.0,0.017539210670057443,0.13126913863939532,0.0,0.0,0.0,0.0,0.0,1.0,0.0,0.01752858405392632,cleaned observed native units before imputation; fixed one-hot for Protocol,True,True
URG Flag Cnt,numeric,validation_Infilteration,test_Infilteration,93040,93040,0.0,0.045647033533963884,0.208718427225564,0.0,0.0,0.0,0.0,0.0,1.0,68857,68857,0.0,0.050713798161406975,0.21941264511748418,0.0,0.0,0.0,0.0,0.0,1.0,0.0,0.005066764627443043,cleaned observed native units before imputation; fixed one-hot for Protocol,True,True
CWE Flag Count,numeric,training_benign,validation_Infilteration,68857,68857,0.0,0.005678435017500036,0.07514113649161866,0.0,0.0,0.0,0.0,0.0,0.0,10885643,10885643,0.0,0.0,0.0,0.0,0.0,0.0,0.0,0.0,0.0,0.04911042758929334,0.005678435017499983,cleaned observed native units before imputation; fixed one-hot for Protocol,True,True
CWE Flag Count,numeric,training_benign,test_Infilteration,93040,93040,0.0,0.008953138435081685,0.09419649540850204,0.0,0.0,0.0,0.0,0.0,0.0,10885643,10885643,0.0,0.0,0.0,0.0,0.0,0.0,0.0,0.0,0.0,0.08154265360096764,0.00895313843508172,cleaned observed native units before imputation; fixed one-hot for Protocol,True,True
CWE Flag Count,numeric,training_benign,test_Bot,282310,282310,0.0,0.0,0.0,0.0,0.0,0.0,0.0,0.0,0.0,10885643,10885643,0.0,0.0,0.0,0.0,0.0,0.0,0.0,0.0,0.0,0.0,0.0,cleaned observed native units before imputation; fixed one-hot for Protocol,True,True
CWE Flag Count,numeric,training_malicious,validation_Infilteration,68857,68857,0.0,0.005678435017500036,0.07514113649161866,0.0,0.0,0.0,0.0,0.0,0.0,1909493,1909493,0.0,0.0,0.0,0.0,0.0,0.0,0.0,0.0,0.0,0.04911042758929334,0.005678435017499983,cleaned observed native units before imputation; fixed one-hot for Protocol,True,True
CWE Flag Count,numeric,training_malicious,test_Infilteration,93040,93040,0.0,0.008953138435081685,0.09419649540850204,0.0,0.0,0.0,0.0,0.0,0.0,1909493,1909493,0.0,0.0,0.0,0.0,0.0,0.0,0.0,0.0,0.0,0.08154265360096764,0.00895313843508172,cleaned observed native units before imputation; fixed one-hot for Protocol,True,True
CWE Flag Count,numeric,training_malicious,test_Bot,282310,282310,0.0,0.0,0.0,0.0,0.0,0.0,0.0,0.0,0.0,1909493,1909493,0.0,0.0,0.0,0.0,0.0,0.0,0.0,0.0,0.0,0.0,0.0,cleaned observed native units before imputation; fixed one-hot for Protocol,True,True
CWE Flag Count,numeric,validation_Infilteration,test_Infilteration,93040,93040,0.0,0.008953138435081685,0.09419649540850204,0.0,0.0,0.0,0.0,0.0,0.0,68857,68857,0.0,0.005678435017500036,0.07514113649161866,0.0,0.0,0.0,0.0,0.0,0.0,0.0,0.003274703417581737,cleaned observed native units before imputation; fixed one-hot for Protocol,True,True
ECE Flag Cnt,numeric,training_benign,validation_Infilteration,68857,68857,0.0,0.23100047925410633,0.4214727249045655,0.0,0.0,0.0,0.0,1.0,1.0,10885643,10885643,0.0,0.18227917266807298,0.38607444344260133,0.0,0.0,0.0,0.0,1.0,1.0,0.014534072757606724,0.04872130658603335,cleaned observed native units before imputation; fixed one-hot for Protocol,True,True
ECE Flag Cnt,numeric,training_benign,test_Infilteration,93040,93040,0.0,0.17846087704213243,0.3829002381919934,0.0,0.0,0.0,0.0,1.0,1.0,10885643,10885643,0.0,0.18227917266807298,0.38607444344260133,0.0,0.0,0.0,0.0,1.0,1.0,9.862101523836671e-05,0.0038182956259406042,cleaned observed native units before imputation; fixed one-hot for Protocol,True,True
ECE Flag Cnt,numeric,training_benign,test_Bot,282310,282310,0.0,0.5065743331798378,0.49995677627495005,1.0,0.0,0.0,1.0,1.0,1.0,10885643,10885643,0.0,0.18227917266807298,0.38607444344260133,0.0,0.0,0.0,0.0,1.0,1.0,0.4952886558603665,0.3242951605117647,cleaned observed native units before imputation; fixed one-hot for Protocol,True,True
ECE Flag Cnt,numeric,training_malicious,validation_Infilteration,68857,68857,0.0,0.23100047925410633,0.4214727249045655,0.0,0.0,0.0,0.0,1.0,1.0,1909493,1909493,0.0,0.2373645779272299,0.42546754878916193,0.0,0.0,0.0,0.0,1.0,1.0,0.00022584695285212555,0.006364098673123486,cleaned observed native units before imputation; fixed one-hot for Protocol,True,True
ECE Flag Cnt,numeric,training_malicious,test_Infilteration,93040,93040,0.0,0.17846087704213243,0.3829002381919934,0.0,0.0,0.0,0.0,1.0,1.0,1909493,1909493,0.0,0.2373645779272299,0.42546754878916193,0.0,0.0,0.0,0.0,1.0,1.0,0.021183338098086466,0.05890370088509744,cleaned observed native units before imputation; fixed one-hot for Protocol,True,True
ECE Flag Cnt,numeric,training_malicious,test_Bot,282310,282310,0.0,0.5065743331798378,0.49995677627495005,1.0,0.0,0.0,1.0,1.0,1.0,1909493,1909493,0.0,0.2373645779272299,0.42546754878916193,0.0,0.0,0.0,0.0,1.0,1.0,0.32129626868860034,0.2692097552526079,cleaned observed native units before imputation; fixed one-hot for Protocol,True,True
ECE Flag Cnt,numeric,validation_Infilteration,test_Infilteration,93040,93040,0.0,0.17846087704213243,0.3829002381919934,0.0,0.0,0.0,0.0,1.0,1.0,68857,68857,0.0,0.23100047925410633,0.4214727249045655,0.0,0.0,0.0,0.0,1.0,1.0,0.01703013148573937,0.05253960221197396,cleaned observed native units before imputation; fixed one-hot for Protocol,True,True
Down/Up Ratio,numeric,training_benign,validation_Infilteration,68857,68857,0.0,0.6563457600534441,0.5903443621024409,1.0,0.0,0.0,1.0,1.0,2.0,10885643,10885643,0.0,0.5033784407590806,1.1044880302693174,0.0,0.0,0.0,1.0,1.0,1.0,0.07873274057820892,0.13905157267111024,cleaned observed native units before imputation; fixed one-hot for Protocol,True,True
Down/Up Ratio,numeric,training_benign,test_Infilteration,93040,93040,0.0,0.7084372312983663,0.6111758043794652,1.0,0.0,0.0,1.0,1.0,3.0,10885643,10885643,0.0,0.5033784407590806,1.1044880302693174,0.0,0.0,0.0,1.0,1.0,1.0,0.13752396926451102,0.18224283100453292,cleaned observed native units before imputation; fixed one-hot for Protocol,True,True
Down/Up Ratio,numeric,training_benign,test_Bot,282310,282310,0.0,0.518766604087705,0.8953614828347317,0.0,0.0,0.0,1.0,1.0,1.0,10885643,10885643,0.0,0.5033784407590806,1.1044880302693174,0.0,0.0,0.0,1.0,1.0,1.0,0.0003014317811893763,0.008677871526540093,cleaned observed native units before imputation; fixed one-hot for Protocol,True,True
Down/Up Ratio,numeric,training_malicious,validation_Infilteration,68857,68857,0.0,0.6563457600534441,0.5903443621024409,1.0,0.0,0.0,1.0,1.0,2.0,1909493,1909493,0.0,0.32893914772141086,0.4699860800034312,0.0,0.0,0.0,1.0,1.0,1.0,0.3544502822827822,0.2928730220035025,cleaned observed native units before imputation; fixed one-hot for Protocol,True,True
Down/Up Ratio,numeric,training_malicious,test_Infilteration,93040,93040,0.0,0.7084372312983663,0.6111758043794652,1.0,0.0,0.0,1.0,1.0,3.0,1909493,1909493,0.0,0.32893914772141086,0.4699860800034312,0.0,0.0,0.0,1.0,1.0,1.0,0.4700394194333036,0.3360642803369252,cleaned observed native units before imputation; fixed one-hot for Protocol,True,True
Down/Up Ratio,numeric,training_malicious,test_Bot,282310,282310,0.0,0.518766604087705,0.8953614828347317,0.0,0.0,0.0,1.0,1.0,1.0,1909493,1909493,0.0,0.32893914772141086,0.4699860800034312,0.0,0.0,0.0,1.0,1.0,1.0,0.11030057118348363,0.16249932085893237,cleaned observed native units before imputation; fixed one-hot for Protocol,True,True
Down/Up Ratio,numeric,validation_Infilteration,test_Infilteration,93040,93040,0.0,0.7084372312983663,0.6111758043794652,1.0,0.0,0.0,1.0,1.0,3.0,68857,68857,0.0,0.6563457600534441,0.5903443621024409,1.0,0.0,0.0,1.0,1.0,2.0,0.008137528926653013,0.04319125833342269,cleaned observed native units before imputation; fixed one-hot for Protocol,True,True
Pkt Size Avg,numeric,training_benign,validation_Infilteration,68857,68857,0.0,93.20106577987731,113.88268354848952,71.0,0.0,0.0,123.5,229.0015151200001,530.004358980002,10885643,10885643,0.0,100.49918668977334,109.71709634230895,80.0,0.0,25.333333333333332,155.375,181.93333333333334,549.7857142857143,0.10376684152778506,0.08898181754108236,cleaned observed native units before imputation; fixed one-hot for Protocol,True,True
Pkt Size Avg,numeric,training_benign,test_Infilteration,93040,93040,0.0,70.81186615595986,101.17425401529012,41.0,0.0,0.0,99.5,180.8666667,467.45734499800005,10885643,10885643,0.0,100.49918668977334,109.71709634230895,80.0,0.0,25.333333333333332,155.375,181.93333333333334,549.7857142857143,0.21863167829389615,0.20779913017415036,cleaned observed native units before imputation; fixed one-hot for Protocol,True,True
Pkt Size Avg,numeric,training_benign,test_Bot,282310,282310,0.0,32.74282948923959,32.49121020142637,59.14285714,0.0,0.0,65.0,65.0,65.0,10885643,10885643,0.0,100.49918668977334,109.71709634230895,80.0,0.0,25.333333333333332,155.375,181.93333333333334,549.7857142857143,5.983496620519286,0.6083581061954522,cleaned observed native units before imputation; fixed one-hot for Protocol,True,True
Pkt Size Avg,numeric,training_malicious,validation_Infilteration,68857,68857,0.0,93.20106577987731,113.88268354848952,71.0,0.0,0.0,123.5,229.0015151200001,530.004358980002,1909493,1909493,0.0,46.662171579123246,69.92643807141715,0.0,0.0,0.0,140.5714286,168.0,182.2857143,0.24001770153751575,0.40164959918777565,cleaned observed native units before imputation; fixed one-hot for Protocol,True,True
Pkt Size Avg,numeric,training_malicious,test_Infilteration,93040,93040,0.0,70.81186615595986,101.17425401529012,41.0,0.0,0.0,99.5,180.8666667,467.45734499800005,1909493,1909493,0.0,46.662171579123246,69.92643807141715,0.0,0.0,0.0,140.5714286,168.0,182.2857143,0.2012943599970115,0.25747155741113814,cleaned observed native units before imputation; fixed one-hot for Protocol,True,True
Pkt Size Avg,numeric,training_malicious,test_Bot,282310,282310,0.0,32.74282948923959,32.49121020142637,59.14285714,0.0,0.0,65.0,65.0,65.0,1909493,1909493,0.0,46.662171579123246,69.92643807141715,0.0,0.0,0.0,140.5714286,168.0,182.2857143,2.99295969772286,0.3169261718009917,cleaned observed native units before imputation; fixed one-hot for Protocol,True,True
Pkt Size Avg,numeric,validation_Infilteration,test_Infilteration,93040,93040,0.0,70.81186615595986,101.17425401529012,41.0,0.0,0.0,99.5,180.8666667,467.45734499800005,68857,68857,0.0,93.20106577987731,113.88268354848952,71.0,0.0,0.0,123.5,229.0015151200001,530.004358980002,0.1140066143115682,0.14451463305929768,cleaned observed native units before imputation; fixed one-hot for Protocol,True,True
Fwd Seg Size Avg,numeric,training_benign,validation_Infilteration,68857,68857,0.0,43.37327820323944,52.35152688109559,35.11764706,0.0,0.0,50.0,118.0,227.25,10885643,10885643,0.0,58.30060671553911,62.57969357484665,40.0,0.0,15.5,75.83333333333333,143.5,199.4,0.10199235318080448,0.127729319844888,cleaned observed native units before imputation; fixed one-hot for Protocol,True,True
Fwd Seg Size Avg,numeric,training_benign,test_Infilteration,93040,93040,0.0,36.05098497787778,53.04561066082983,27.0,0.0,0.0,45.0,114.8,179.1879545490001,10885643,10885643,0.0,58.30060671553911,62.57969357484665,40.0,0.0,15.5,75.83333333333333,143.5,199.4,0.2450260986936726,0.21233818654459194,cleaned observed native units before imputation; fixed one-hot for Protocol,True,True
Fwd Seg Size Avg,numeric,training_benign,test_Bot,282310,282310,0.0,53.55361232645325,54.38377860984167,25.8,0.0,0.0,108.6666667,108.6666667,108.6666667,10885643,10885643,0.0,58.30060671553911,62.57969357484665,40.0,0.0,15.5,75.83333333333333,143.5,199.4,5.306406894091413,0.2839928083841611,cleaned observed native units before imputation; fixed one-hot for Protocol,True,True
Fwd Seg Size Avg,numeric,training_malicious,validation_Infilteration,68857,68857,0.0,43.37327820323944,52.35152688109559,35.11764706,0.0,0.0,50.0,118.0,227.25,1909493,1909493,0.0,17.25743231706107,37.012734975932226,0.0,0.0,0.0,6.666666667,89.0,119.0,0.715312133430457,0.5497986013240866,cleaned observed native units before imputation; fixed one-hot for Protocol,True,True
Fwd Seg Size Avg,numeric,training_malicious,test_Infilteration,93040,93040,0.0,36.05098497787778,53.04561066082983,27.0,0.0,0.0,45.0,114.8,179.1879545490001,1909493,1909493,0.0,17.25743231706107,37.012734975932226,0.0,0.0,0.0,6.666666667,89.0,119.0,0.28635740090796186,0.4046419658125374,cleaned observed native units before imputation; fixed one-hot for Protocol,True,True
Fwd Seg Size Avg,numeric,training_malicious,test_Bot,282310,282310,0.0,53.55361232645325,54.38377860984167,25.8,0.0,0.0,108.6666667,108.6666667,108.6666667,1909493,1909493,0.0,17.25743231706107,37.012734975932226,0.0,0.0,0.0,6.666666667,89.0,119.0,1.2217287724306587,0.4562959190302982,cleaned observed native units before imputation; fixed one-hot for Protocol,True,True
Fwd Seg Size Avg,numeric,validation_Infilteration,test_Infilteration,93040,93040,0.0,36.05098497787778,53.04561066082983,27.0,0.0,0.0,45.0,114.8,179.1879545490001,68857,68857,0.0,43.37327820323944,52.35152688109559,35.11764706,0.0,0.0,50.0,118.0,227.25,0.09852279798919115,0.14530947135558553,cleaned observed native units before imputation; fixed one-hot for Protocol,True,True
Bwd Seg Size Avg,numeric,training_benign,validation_Infilteration,68857,68857,0.0,123.46170599598629,184.6167692189126,62.0,0.0,0.0,156.0,368.8333333,903.5555556,10885643,10885643,0.0,124.8736987840679,168.78755255624776,88.0,0.0,0.0,165.77777777777777,225.85714285714286,887.9306710310975,0.11602957814200687,0.09303177217375097,cleaned observed native units before imputation; fixed one-hot for Protocol,True,True
Bwd Seg Size Avg,numeric,training_benign,test_Infilteration,93040,93040,0.0,91.82272339574563,162.61998701002926,36.25,0.0,0.0,125.875,225.8571429,851.625,10885643,10885643,0.0,124.8736987840679,168.78755255624776,88.0,0.0,0.0,165.77777777777777,225.85714285714286,887.9306710310975,0.25160741122035885,0.20067280431260603,cleaned observed native units before imputation; fixed one-hot for Protocol,True,True
Bwd Seg Size Avg,numeric,training_benign,test_Bot,282310,282310,0.0,18.203073413261574,24.004412250252457,32.25,0.0,0.0,32.25,32.25,163.0,10885643,10885643,0.0,124.8736987840679,168.78755255624776,88.0,0.0,0.0,165.77777777777777,225.85714285714286,887.9306710310975,7.140263536850174,0.6860458036404398,cleaned observed native units before imputation; fixed one-hot for Protocol,True,True
Bwd Seg Size Avg,numeric,training_malicious,validation_Infilteration,68857,68857,0.0,123.46170599598629,184.6167692189126,62.0,0.0,0.0,156.0,368.8333333,903.5555556,1909493,1909493,0.0,69.15878419348151,105.33633986752973,0.0,0.0,0.0,233.75,241.0,243.0,0.45932509116484393,0.31351636535114524,cleaned observed native units before imputation; fixed one-hot for Protocol,True,True
Bwd Seg Size Avg,numeric,training_malicious,test_Infilteration,93040,93040,0.0,91.82272339574563,162.61998701002926,36.25,0.0,0.0,125.875,225.8571429,851.625,1909493,1909493,0.0,69.15878419348151,105.33633986752973,0.0,0.0,0.0,233.75,241.0,243.0,0.5496692961787841,0.19921161303575874,cleaned observed native units before imputation; fixed one-hot for Protocol,True,True
Bwd Seg Size Avg,numeric,training_malicious,test_Bot,282310,282310,0.0,18.203073413261574,24.004412250252457,32.25,0.0,0.0,32.25,32.25,163.0,1909493,1909493,0.0,69.15878419348151,105.33633986752973,0.0,0.0,0.0,233.75,241.0,243.0,2.801014983632972,0.29919121935186466,cleaned observed native units before imputation; fixed one-hot for Protocol,True,True
Bwd Seg Size Avg,numeric,validation_Infilteration,test_Infilteration,93040,93040,0.0,91.82272339574563,162.61998701002926,36.25,0.0,0.0,125.875,225.8571429,851.625,68857,68857,0.0,123.46170599598629,184.6167692189126,62.0,0.0,0.0,156.0,368.8333333,903.5555556,0.08014040007595655,0.11586743035846181,cleaned observed native units before imputation; fixed one-hot for Protocol,True,True
Fwd Byts/b Avg,numeric,training_benign,validation_Infilteration,68857,68857,0.0,0.0,0.0,0.0,0.0,0.0,0.0,0.0,0.0,10885643,10885643,0.0,0.0,0.0,0.0,0.0,0.0,0.0,0.0,0.0,0.0,0.0,cleaned observed native units before imputation; fixed one-hot for Protocol,True,True
Fwd Byts/b Avg,numeric,training_benign,test_Infilteration,93040,93040,0.0,0.0,0.0,0.0,0.0,0.0,0.0,0.0,0.0,10885643,10885643,0.0,0.0,0.0,0.0,0.0,0.0,0.0,0.0,0.0,0.0,0.0,cleaned observed native units before imputation; fixed one-hot for Protocol,True,True
Fwd Byts/b Avg,numeric,training_benign,test_Bot,282310,282310,0.0,0.0,0.0,0.0,0.0,0.0,0.0,0.0,0.0,10885643,10885643,0.0,0.0,0.0,0.0,0.0,0.0,0.0,0.0,0.0,0.0,0.0,cleaned observed native units before imputation; fixed one-hot for Protocol,True,True
Fwd Byts/b Avg,numeric,training_malicious,validation_Infilteration,68857,68857,0.0,0.0,0.0,0.0,0.0,0.0,0.0,0.0,0.0,1909493,1909493,0.0,0.0,0.0,0.0,0.0,0.0,0.0,0.0,0.0,0.0,0.0,cleaned observed native units before imputation; fixed one-hot for Protocol,True,True
Fwd Byts/b Avg,numeric,training_malicious,test_Infilteration,93040,93040,0.0,0.0,0.0,0.0,0.0,0.0,0.0,0.0,0.0,1909493,1909493,0.0,0.0,0.0,0.0,0.0,0.0,0.0,0.0,0.0,0.0,0.0,cleaned observed native units before imputation; fixed one-hot for Protocol,True,True
Fwd Byts/b Avg,numeric,training_malicious,test_Bot,282310,282310,0.0,0.0,0.0,0.0,0.0,0.0,0.0,0.0,0.0,1909493,1909493,0.0,0.0,0.0,0.0,0.0,0.0,0.0,0.0,0.0,0.0,0.0,cleaned observed native units before imputation; fixed one-hot for Protocol,True,True
Fwd Byts/b Avg,numeric,validation_Infilteration,test_Infilteration,93040,93040,0.0,0.0,0.0,0.0,0.0,0.0,0.0,0.0,0.0,68857,68857,0.0,0.0,0.0,0.0,0.0,0.0,0.0,0.0,0.0,0.0,0.0,cleaned observed native units before imputation; fixed one-hot for Protocol,True,True
Fwd Pkts/b Avg,numeric,training_benign,validation_Infilteration,68857,68857,0.0,0.0,0.0,0.0,0.0,0.0,0.0,0.0,0.0,10885643,10885643,0.0,0.0,0.0,0.0,0.0,0.0,0.0,0.0,0.0,0.0,0.0,cleaned observed native units before imputation; fixed one-hot for Protocol,True,True
Fwd Pkts/b Avg,numeric,training_benign,test_Infilteration,93040,93040,0.0,0.0,0.0,0.0,0.0,0.0,0.0,0.0,0.0,10885643,10885643,0.0,0.0,0.0,0.0,0.0,0.0,0.0,0.0,0.0,0.0,0.0,cleaned observed native units before imputation; fixed one-hot for Protocol,True,True
Fwd Pkts/b Avg,numeric,training_benign,test_Bot,282310,282310,0.0,0.0,0.0,0.0,0.0,0.0,0.0,0.0,0.0,10885643,10885643,0.0,0.0,0.0,0.0,0.0,0.0,0.0,0.0,0.0,0.0,0.0,cleaned observed native units before imputation; fixed one-hot for Protocol,True,True
Fwd Pkts/b Avg,numeric,training_malicious,validation_Infilteration,68857,68857,0.0,0.0,0.0,0.0,0.0,0.0,0.0,0.0,0.0,1909493,1909493,0.0,0.0,0.0,0.0,0.0,0.0,0.0,0.0,0.0,0.0,0.0,cleaned observed native units before imputation; fixed one-hot for Protocol,True,True
Fwd Pkts/b Avg,numeric,training_malicious,test_Infilteration,93040,93040,0.0,0.0,0.0,0.0,0.0,0.0,0.0,0.0,0.0,1909493,1909493,0.0,0.0,0.0,0.0,0.0,0.0,0.0,0.0,0.0,0.0,0.0,cleaned observed native units before imputation; fixed one-hot for Protocol,True,True
Fwd Pkts/b Avg,numeric,training_malicious,test_Bot,282310,282310,0.0,0.0,0.0,0.0,0.0,0.0,0.0,0.0,0.0,1909493,1909493,0.0,0.0,0.0,0.0,0.0,0.0,0.0,0.0,0.0,0.0,0.0,cleaned observed native units before imputation; fixed one-hot for Protocol,True,True
Fwd Pkts/b Avg,numeric,validation_Infilteration,test_Infilteration,93040,93040,0.0,0.0,0.0,0.0,0.0,0.0,0.0,0.0,0.0,68857,68857,0.0,0.0,0.0,0.0,0.0,0.0,0.0,0.0,0.0,0.0,0.0,cleaned observed native units before imputation; fixed one-hot for Protocol,True,True
Fwd Blk Rate Avg,numeric,training_benign,validation_Infilteration,68857,68857,0.0,0.0,0.0,0.0,0.0,0.0,0.0,0.0,0.0,10885643,10885643,0.0,0.0,0.0,0.0,0.0,0.0,0.0,0.0,0.0,0.0,0.0,cleaned observed native units before imputation; fixed one-hot for Protocol,True,True
Fwd Blk Rate Avg,numeric,training_benign,test_Infilteration,93040,93040,0.0,0.0,0.0,0.0,0.0,0.0,0.0,0.0,0.0,10885643,10885643,0.0,0.0,0.0,0.0,0.0,0.0,0.0,0.0,0.0,0.0,0.0,cleaned observed native units before imputation; fixed one-hot for Protocol,True,True
Fwd Blk Rate Avg,numeric,training_benign,test_Bot,282310,282310,0.0,0.0,0.0,0.0,0.0,0.0,0.0,0.0,0.0,10885643,10885643,0.0,0.0,0.0,0.0,0.0,0.0,0.0,0.0,0.0,0.0,0.0,cleaned observed native units before imputation; fixed one-hot for Protocol,True,True
Fwd Blk Rate Avg,numeric,training_malicious,validation_Infilteration,68857,68857,0.0,0.0,0.0,0.0,0.0,0.0,0.0,0.0,0.0,1909493,1909493,0.0,0.0,0.0,0.0,0.0,0.0,0.0,0.0,0.0,0.0,0.0,cleaned observed native units before imputation; fixed one-hot for Protocol,True,True
Fwd Blk Rate Avg,numeric,training_malicious,test_Infilteration,93040,93040,0.0,0.0,0.0,0.0,0.0,0.0,0.0,0.0,0.0,1909493,1909493,0.0,0.0,0.0,0.0,0.0,0.0,0.0,0.0,0.0,0.0,0.0,cleaned observed native units before imputation; fixed one-hot for Protocol,True,True
Fwd Blk Rate Avg,numeric,training_malicious,test_Bot,282310,282310,0.0,0.0,0.0,0.0,0.0,0.0,0.0,0.0,0.0,1909493,1909493,0.0,0.0,0.0,0.0,0.0,0.0,0.0,0.0,0.0,0.0,0.0,cleaned observed native units before imputation; fixed one-hot for Protocol,True,True
Fwd Blk Rate Avg,numeric,validation_Infilteration,test_Infilteration,93040,93040,0.0,0.0,0.0,0.0,0.0,0.0,0.0,0.0,0.0,68857,68857,0.0,0.0,0.0,0.0,0.0,0.0,0.0,0.0,0.0,0.0,0.0,cleaned observed native units before imputation; fixed one-hot for Protocol,True,True
Bwd Byts/b Avg,numeric,training_benign,validation_Infilteration,68857,68857,0.0,0.0,0.0,0.0,0.0,0.0,0.0,0.0,0.0,10885643,10885643,0.0,0.0,0.0,0.0,0.0,0.0,0.0,0.0,0.0,0.0,0.0,cleaned observed native units before imputation; fixed one-hot for Protocol,True,True
Bwd Byts/b Avg,numeric,training_benign,test_Infilteration,93040,93040,0.0,0.0,0.0,0.0,0.0,0.0,0.0,0.0,0.0,10885643,10885643,0.0,0.0,0.0,0.0,0.0,0.0,0.0,0.0,0.0,0.0,0.0,cleaned observed native units before imputation; fixed one-hot for Protocol,True,True
Bwd Byts/b Avg,numeric,training_benign,test_Bot,282310,282310,0.0,0.0,0.0,0.0,0.0,0.0,0.0,0.0,0.0,10885643,10885643,0.0,0.0,0.0,0.0,0.0,0.0,0.0,0.0,0.0,0.0,0.0,cleaned observed native units before imputation; fixed one-hot for Protocol,True,True
Bwd Byts/b Avg,numeric,training_malicious,validation_Infilteration,68857,68857,0.0,0.0,0.0,0.0,0.0,0.0,0.0,0.0,0.0,1909493,1909493,0.0,0.0,0.0,0.0,0.0,0.0,0.0,0.0,0.0,0.0,0.0,cleaned observed native units before imputation; fixed one-hot for Protocol,True,True
Bwd Byts/b Avg,numeric,training_malicious,test_Infilteration,93040,93040,0.0,0.0,0.0,0.0,0.0,0.0,0.0,0.0,0.0,1909493,1909493,0.0,0.0,0.0,0.0,0.0,0.0,0.0,0.0,0.0,0.0,0.0,cleaned observed native units before imputation; fixed one-hot for Protocol,True,True
Bwd Byts/b Avg,numeric,training_malicious,test_Bot,282310,282310,0.0,0.0,0.0,0.0,0.0,0.0,0.0,0.0,0.0,1909493,1909493,0.0,0.0,0.0,0.0,0.0,0.0,0.0,0.0,0.0,0.0,0.0,cleaned observed native units before imputation; fixed one-hot for Protocol,True,True
Bwd Byts/b Avg,numeric,validation_Infilteration,test_Infilteration,93040,93040,0.0,0.0,0.0,0.0,0.0,0.0,0.0,0.0,0.0,68857,68857,0.0,0.0,0.0,0.0,0.0,0.0,0.0,0.0,0.0,0.0,0.0,cleaned observed native units before imputation; fixed one-hot for Protocol,True,True
Bwd Pkts/b Avg,numeric,training_benign,validation_Infilteration,68857,68857,0.0,0.0,0.0,0.0,0.0,0.0,0.0,0.0,0.0,10885643,10885643,0.0,0.0,0.0,0.0,0.0,0.0,0.0,0.0,0.0,0.0,0.0,cleaned observed native units before imputation; fixed one-hot for Protocol,True,True
Bwd Pkts/b Avg,numeric,training_benign,test_Infilteration,93040,93040,0.0,0.0,0.0,0.0,0.0,0.0,0.0,0.0,0.0,10885643,10885643,0.0,0.0,0.0,0.0,0.0,0.0,0.0,0.0,0.0,0.0,0.0,cleaned observed native units before imputation; fixed one-hot for Protocol,True,True
Bwd Pkts/b Avg,numeric,training_benign,test_Bot,282310,282310,0.0,0.0,0.0,0.0,0.0,0.0,0.0,0.0,0.0,10885643,10885643,0.0,0.0,0.0,0.0,0.0,0.0,0.0,0.0,0.0,0.0,0.0,cleaned observed native units before imputation; fixed one-hot for Protocol,True,True
Bwd Pkts/b Avg,numeric,training_malicious,validation_Infilteration,68857,68857,0.0,0.0,0.0,0.0,0.0,0.0,0.0,0.0,0.0,1909493,1909493,0.0,0.0,0.0,0.0,0.0,0.0,0.0,0.0,0.0,0.0,0.0,cleaned observed native units before imputation; fixed one-hot for Protocol,True,True
Bwd Pkts/b Avg,numeric,training_malicious,test_Infilteration,93040,93040,0.0,0.0,0.0,0.0,0.0,0.0,0.0,0.0,0.0,1909493,1909493,0.0,0.0,0.0,0.0,0.0,0.0,0.0,0.0,0.0,0.0,0.0,cleaned observed native units before imputation; fixed one-hot for Protocol,True,True
Bwd Pkts/b Avg,numeric,training_malicious,test_Bot,282310,282310,0.0,0.0,0.0,0.0,0.0,0.0,0.0,0.0,0.0,1909493,1909493,0.0,0.0,0.0,0.0,0.0,0.0,0.0,0.0,0.0,0.0,0.0,cleaned observed native units before imputation; fixed one-hot for Protocol,True,True
Bwd Pkts/b Avg,numeric,validation_Infilteration,test_Infilteration,93040,93040,0.0,0.0,0.0,0.0,0.0,0.0,0.0,0.0,0.0,68857,68857,0.0,0.0,0.0,0.0,0.0,0.0,0.0,0.0,0.0,0.0,0.0,cleaned observed native units before imputation; fixed one-hot for Protocol,True,True
Bwd Blk Rate Avg,numeric,training_benign,validation_Infilteration,68857,68857,0.0,0.0,0.0,0.0,0.0,0.0,0.0,0.0,0.0,10885643,10885643,0.0,0.0,0.0,0.0,0.0,0.0,0.0,0.0,0.0,0.0,0.0,cleaned observed native units before imputation; fixed one-hot for Protocol,True,True
Bwd Blk Rate Avg,numeric,training_benign,test_Infilteration,93040,93040,0.0,0.0,0.0,0.0,0.0,0.0,0.0,0.0,0.0,10885643,10885643,0.0,0.0,0.0,0.0,0.0,0.0,0.0,0.0,0.0,0.0,0.0,cleaned observed native units before imputation; fixed one-hot for Protocol,True,True
Bwd Blk Rate Avg,numeric,training_benign,test_Bot,282310,282310,0.0,0.0,0.0,0.0,0.0,0.0,0.0,0.0,0.0,10885643,10885643,0.0,0.0,0.0,0.0,0.0,0.0,0.0,0.0,0.0,0.0,0.0,cleaned observed native units before imputation; fixed one-hot for Protocol,True,True
Bwd Blk Rate Avg,numeric,training_malicious,validation_Infilteration,68857,68857,0.0,0.0,0.0,0.0,0.0,0.0,0.0,0.0,0.0,1909493,1909493,0.0,0.0,0.0,0.0,0.0,0.0,0.0,0.0,0.0,0.0,0.0,cleaned observed native units before imputation; fixed one-hot for Protocol,True,True
Bwd Blk Rate Avg,numeric,training_malicious,test_Infilteration,93040,93040,0.0,0.0,0.0,0.0,0.0,0.0,0.0,0.0,0.0,1909493,1909493,0.0,0.0,0.0,0.0,0.0,0.0,0.0,0.0,0.0,0.0,0.0,cleaned observed native units before imputation; fixed one-hot for Protocol,True,True
Bwd Blk Rate Avg,numeric,training_malicious,test_Bot,282310,282310,0.0,0.0,0.0,0.0,0.0,0.0,0.0,0.0,0.0,1909493,1909493,0.0,0.0,0.0,0.0,0.0,0.0,0.0,0.0,0.0,0.0,0.0,cleaned observed native units before imputation; fixed one-hot for Protocol,True,True
Bwd Blk Rate Avg,numeric,validation_Infilteration,test_Infilteration,93040,93040,0.0,0.0,0.0,0.0,0.0,0.0,0.0,0.0,0.0,68857,68857,0.0,0.0,0.0,0.0,0.0,0.0,0.0,0.0,0.0,0.0,0.0,cleaned observed native units before imputation; fixed one-hot for Protocol,True,True
Subflow Fwd Pkts,numeric,training_benign,validation_Infilteration,68857,68857,0.0,4.665959887883584,9.972895389651255,2.0,1.0,1.0,5.0,11.0,36.0,10885643,10885643,0.0,5.918459019830064,57.368999619399716,2.0,1.0,1.0,7.0,11.0,34.0,0.1128641190361826,0.12878881874437298,cleaned observed native units before imputation; fixed one-hot for Protocol,True,True
Subflow Fwd Pkts,numeric,training_benign,test_Infilteration,93040,93040,0.0,4.961382201203783,57.58337204518922,1.0,1.0,1.0,3.0,9.0,36.0,10885643,10885643,0.0,5.918459019830064,57.368999619399716,2.0,1.0,1.0,7.0,11.0,34.0,0.2932999467536426,0.23732849920866866,cleaned observed native units before imputation; fixed one-hot for Protocol,True,True
Subflow Fwd Pkts,numeric,training_benign,test_Bot,282310,282310,0.0,2.573231553965499,1.5347826421618467,3.0,2.0,2.0,3.0,3.0,5.0,10885643,10885643,0.0,5.918459019830064,57.368999619399716,2.0,1.0,1.0,7.0,11.0,34.0,5.579958011803829,0.36649151568777105,cleaned observed native units before imputation; fixed one-hot for Protocol,True,True
Subflow Fwd Pkts,numeric,training_malicious,validation_Infilteration,68857,68857,0.0,4.665959887883584,9.972895389651255,2.0,1.0,1.0,5.0,11.0,36.0,1909493,1909493,0.0,156.28639225176525,4428.220999519439,2.0,2.0,2.0,3.0,3.0,24.0,1.3230874336106104,0.38030449412050094,cleaned observed native units before imputation; fixed one-hot for Protocol,True,True
Subflow Fwd Pkts,numeric,training_malicious,test_Infilteration,93040,93040,0.0,4.961382201203783,57.58337204518922,1.0,1.0,1.0,3.0,9.0,36.0,1909493,1909493,0.0,156.28639225176525,4428.220999519439,2.0,2.0,2.0,3.0,3.0,24.0,1.8867013586091048,0.4888441745847966,cleaned observed native units before imputation; fixed one-hot for Protocol,True,True
Subflow Fwd Pkts,numeric,training_malicious,test_Bot,282310,282310,0.0,2.573231553965499,1.5347826421618467,3.0,2.0,2.0,3.0,3.0,5.0,1909493,1909493,0.0,156.28639225176525,4428.220999519439,2.0,2.0,2.0,3.0,3.0,24.0,0.45388992077545254,0.15354151916895453,cleaned observed native units before imputation; fixed one-hot for Protocol,True,True
Subflow Fwd Pkts,numeric,validation_Infilteration,test_Infilteration,93040,93040,0.0,4.961382201203783,57.58337204518922,1.0,1.0,1.0,3.0,9.0,36.0,68857,68857,0.0,4.665959887883584,9.972895389651255,2.0,1.0,1.0,5.0,11.0,36.0,0.06445747537506867,0.10853968046429568,cleaned observed native units before imputation; fixed one-hot for Protocol,True,True
Subflow Fwd Byts,numeric,training_benign,validation_Infilteration,68857,68857,0.0,321.7476654515881,2067.7241039695004,41.0,0.0,0.0,286.0,1132.0,2392.0,10885643,10885643,0.0,431.7162545198295,10477.365678102893,54.0,0.0,31.0,896.0,1148.0,2450.0,0.13748927382195028,0.13410953461840602,cleaned observed native units before imputation; fixed one-hot for Protocol,True,True
Subflow Fwd Byts,numeric,training_benign,test_Infilteration,93040,93040,0.0,677.3234845227859,46571.59384878949,35.0,0.0,0.0,80.0,1132.0,2360.0,10885643,10885643,0.0,431.7162545198295,10477.365678102893,54.0,0.0,31.0,896.0,1148.0,2450.0,0.214385887384105,0.201555695824846,cleaned observed native units before imputation; fixed one-hot for Protocol,True,True
Subflow Fwd Byts,numeric,training_benign,test_Bot,282310,282310,0.0,161.45300556126244,162.97170766731026,129.0,0.0,0.0,326.0,326.0,326.0,10885643,10885643,0.0,431.7162545198295,10477.365678102893,54.0,0.0,31.0,896.0,1148.0,2450.0,6.292747368254476,0.33736294531562927,cleaned observed native units before imputation; fixed one-hot for Protocol,True,True
Subflow Fwd Byts,numeric,training_malicious,validation_Infilteration,68857,68857,0.0,321.7476654515881,2067.7241039695004,41.0,0.0,0.0,286.0,1132.0,2392.0,1909493,1909493,0.0,5040.224996897082,141702.9295444022,0.0,0.0,0.0,20.0,316.0,1960.0,0.678133649823585,0.5509749523123667,cleaned observed native units before imputation; fixed one-hot for Protocol,True,True
Subflow Fwd Byts,numeric,training_malicious,test_Infilteration,93040,93040,0.0,677.3234845227859,46571.59384878949,35.0,0.0,0.0,80.0,1132.0,2360.0,1909493,1909493,0.0,5040.224996897082,141702.9295444022,0.0,0.0,0.0,20.0,316.0,1960.0,0.2723817370120644,0.406297167876166,cleaned observed native units before imputation; fixed one-hot for Protocol,True,True
Subflow Fwd Byts,numeric,training_malicious,test_Bot,282310,282310,0.0,161.45300556126244,162.97170766731026,129.0,0.0,0.0,326.0,326.0,326.0,1909493,1909493,0.0,5040.224996897082,141702.9295444022,0.0,0.0,0.0,20.0,316.0,1960.0,1.140229395604408,0.3941854385871941,cleaned observed native units before imputation; fixed one-hot for Protocol,True,True
Subflow Fwd Byts,numeric,validation_Infilteration,test_Infilteration,93040,93040,0.0,677.3234845227859,46571.59384878949,35.0,0.0,0.0,80.0,1132.0,2360.0,68857,68857,0.0,321.7476654515881,2067.7241039695004,41.0,0.0,0.0,286.0,1132.0,2392.0,0.09686777277150051,0.1450990626442022,cleaned observed native units before imputation; fixed one-hot for Protocol,True,True
Subflow Bwd Pkts,numeric,training_benign,validation_Infilteration,68857,68857,0.0,4.313925962501997,21.27225823514469,1.0,0.0,1.0,4.0,12.0,37.0,10885643,10885643,0.0,6.881105599366064,155.604863401542,1.0,0.0,1.0,5.0,9.0,39.0,0.09580335429842637,0.10751259264127122,cleaned observed native units before imputation; fixed one-hot for Protocol,True,True
Subflow Bwd Pkts,numeric,training_benign,test_Infilteration,93040,93040,0.0,4.495808254514188,72.57915582542448,1.0,0.0,1.0,2.0,8.0,36.0,10885643,10885643,0.0,6.881105599366064,155.604863401542,1.0,0.0,1.0,5.0,9.0,39.0,0.2026493132828586,0.15471510351246243,cleaned observed native units before imputation; fixed one-hot for Protocol,True,True
Subflow Bwd Pkts,numeric,training_benign,test_Bot,282310,282310,0.0,2.0505189330877402,2.5710556773727586,2.0,0.0,0.0,4.0,4.0,4.0,10885643,10885643,0.0,6.881105599366064,155.604863401542,1.0,0.0,1.0,5.0,9.0,39.0,5.203355261560093,0.30034403833487183,cleaned observed native units before imputation; fixed one-hot for Protocol,True,True
Subflow Bwd Pkts,numeric,training_malicious,validation_Infilteration,68857,68857,0.0,4.313925962501997,21.27225823514469,1.0,0.0,1.0,4.0,12.0,37.0,1909493,1909493,0.0,2.1654936676908476,4.749421674009848,0.0,0.0,0.0,4.0,4.0,22.0,0.010521201254164345,0.4542326048962312,cleaned observed native units before imputation; fixed one-hot for Protocol,True,True
Subflow Bwd Pkts,numeric,training_malicious,test_Infilteration,93040,93040,0.0,4.495808254514188,72.57915582542448,1.0,0.0,1.0,2.0,8.0,36.0,1909493,1909493,0.0,2.1654936676908476,4.749421674009848,0.0,0.0,0.0,4.0,4.0,22.0,0.03178772698672609,0.5042598792612838,cleaned observed native units before imputation; fixed one-hot for Protocol,True,True
Subflow Bwd Pkts,numeric,training_malicious,test_Bot,282310,282310,0.0,2.0505189330877402,2.5710556773727586,2.0,0.0,0.0,4.0,4.0,4.0,1909493,1909493,0.0,2.1654936676908476,4.749421674009848,0.0,0.0,0.0,4.0,4.0,22.0,0.14037001847110744,0.18858178880643173,cleaned observed native units before imputation; fixed one-hot for Protocol,True,True
Subflow Bwd Pkts,numeric,validation_Infilteration,test_Infilteration,93040,93040,0.0,4.495808254514188,72.57915582542448,1.0,0.0,1.0,2.0,8.0,36.0,68857,68857,0.0,4.313925962501997,21.27225823514469,1.0,0.0,1.0,4.0,12.0,37.0,0.049123131445205054,0.052050048806397076,cleaned observed native units before imputation; fixed one-hot for Protocol,True,True
Subflow Bwd Byts,numeric,training_benign,validation_Infilteration,68857,68857,0.0,1896.9571866331673,28134.285495908294,73.0,0.0,0.0,278.0,3773.0,24357.200000000128,10885643,10885643,0.0,5248.793522073064,224801.2067209877,130.0,0.0,0.0,582.0,2118.0,26087.0,0.22797659619717361,0.13825118109764067,cleaned observed native units before imputation; fixed one-hot for Protocol,True,True
Subflow Bwd Byts,numeric,training_benign,test_Infilteration,93040,93040,0.0,1929.4200988822013,97369.44671355863,47.0,0.0,0.0,172.0,1581.0,17450.050000000003,10885643,10885643,0.0,5248.793522073064,224801.2067209877,130.0,0.0,0.0,582.0,2118.0,26087.0,0.31854721015681403,0.19954796702071564,cleaned observed native units before imputation; fixed one-hot for Protocol,True,True
Subflow Bwd Byts,numeric,training_benign,test_Bot,282310,282310,0.0,68.24814211327973,71.57329867342834,129.0,0.0,0.0,129.0,129.0,326.0,10885643,10885643,0.0,5248.793522073064,224801.2067209877,130.0,0.0,0.0,582.0,2118.0,26087.0,5.300861789018573,0.48180749321796124,cleaned observed native units before imputation; fixed one-hot for Protocol,True,True
Subflow Bwd Byts,numeric,training_malicious,validation_Infilteration,68857,68857,0.0,1896.9571866331673,28134.285495908294,73.0,0.0,0.0,278.0,3773.0,24357.200000000128,1909493,1909493,0.0,388.40775692814793,1150.8340548702681,0.0,0.0,0.0,935.0,964.0,2665.0,0.6255757009945017,0.31351636535114524,cleaned observed native units before imputation; fixed one-hot for Protocol,True,True
Subflow Bwd Byts,numeric,training_malicious,test_Infilteration,93040,93040,0.0,1929.4200988822013,97369.44671355863,47.0,0.0,0.0,172.0,1581.0,17450.050000000003,1909493,1909493,0.0,388.40775692814793,1150.8340548702681,0.0,0.0,0.0,935.0,964.0,2665.0,0.7266283935837519,0.19921161303575874,cleaned observed native units before imputation; fixed one-hot for Protocol,True,True
Subflow Bwd Byts,numeric,training_malicious,test_Bot,282310,282310,0.0,68.24814211327973,71.57329867342834,129.0,0.0,0.0,129.0,129.0,326.0,1909493,1909493,0.0,388.40775692814793,1150.8340548702681,0.0,0.0,0.0,935.0,964.0,2665.0,3.3388023350832916,0.3139407730485966,cleaned observed native units before imputation; fixed one-hot for Protocol,True,True
Subflow Bwd Byts,numeric,validation_Infilteration,test_Infilteration,93040,93040,0.0,1929.4200988822013,97369.44671355863,47.0,0.0,0.0,172.0,1581.0,17450.050000000003,68857,68857,0.0,1896.9571866331673,28134.285495908294,73.0,0.0,0.0,278.0,3773.0,24357.200000000128,0.06572502393358552,0.1148786070976835,cleaned observed native units before imputation; fixed one-hot for Protocol,True,True
Init Fwd Win Byts,numeric,training_benign,validation_Infilteration,68857,68857,0.0,3885.213151894506,9135.417793064456,255.0,-1.0,-1.0,8192.0,8192.0,63959.32000000001,10885643,10885643,0.0,7164.943534341518,15439.220863684212,258.0,-1.0,-1.0,8192.0,8192.0,65535.0,0.07739690943934331,0.10873221514219134,cleaned observed native units before imputation; fixed one-hot for Protocol,True,True
Init Fwd Win Byts,numeric,training_benign,test_Infilteration,93040,93040,0.0,3860.3432502149612,9409.980741040528,1024.0,-1.0,-1.0,8192.0,8192.0,63946.61,10885643,10885643,0.0,7164.943534341518,15439.220863684212,258.0,-1.0,-1.0,8192.0,8192.0,65535.0,0.37068290959329897,0.14098042932156196,cleaned observed native units before imputation; fixed one-hot for Protocol,True,True
Init Fwd Win Byts,numeric,training_benign,test_Bot,282310,282310,0.0,5065.88393964082,3191.8520661245,8192.0,2052.0,2052.0,8192.0,8192.0,8192.0,10885643,10885643,0.0,7164.943534341518,15439.220863684212,258.0,-1.0,-1.0,8192.0,8192.0,65535.0,2.9544762658174317,0.5181936535912302,cleaned observed native units before imputation; fixed one-hot for Protocol,True,True
Init Fwd Win Byts,numeric,training_malicious,validation_Infilteration,68857,68857,0.0,3885.213151894506,9135.417793064456,255.0,-1.0,-1.0,8192.0,8192.0,63959.32000000001,1909493,1909493,0.0,18691.418858304274,19723.92220676259,8192.0,225.0,252.0,32738.0,32738.0,65535.0,3.569504839782615,0.4521457610201486,cleaned observed native units before imputation; fixed one-hot for Protocol,True,True
Init Fwd Win Byts,numeric,training_malicious,test_Infilteration,93040,93040,0.0,3860.3432502149612,9409.980741040528,1024.0,-1.0,-1.0,8192.0,8192.0,63946.61,1909493,1909493,0.0,18691.418858304274,19723.92220676259,8192.0,225.0,252.0,32738.0,32738.0,65535.0,3.03786660348157,0.4610050140771545,cleaned observed native units before imputation; fixed one-hot for Protocol,True,True
Init Fwd Win Byts,numeric,training_malicious,test_Bot,282310,282310,0.0,5065.88393964082,3191.8520661245,8192.0,2052.0,2052.0,8192.0,8192.0,8192.0,1909493,1909493,0.0,18691.418858304274,19723.92220676259,8192.0,225.0,252.0,32738.0,32738.0,65535.0,6.75284588929369,0.4552637794430249,cleaned observed native units before imputation; fixed one-hot for Protocol,True,True
Init Fwd Win Byts,numeric,validation_Infilteration,test_Infilteration,93040,93040,0.0,3860.3432502149612,9409.980741040528,1024.0,-1.0,-1.0,8192.0,8192.0,63946.61,68857,68857,0.0,3885.213151894506,9135.417793064456,255.0,-1.0,-1.0,8192.0,8192.0,63959.32000000001,0.234307822110001,0.14510779352540798,cleaned observed native units before imputation; fixed one-hot for Protocol,True,True
Init Bwd Win Byts,numeric,training_benign,validation_Infilteration,68857,68857,0.0,5182.671013840278,16034.287247923656,-1.0,-1.0,-1.0,180.0,8192.0,63376.0,10885643,10885643,0.0,10244.570916940782,21891.727022277653,0.0,-1.0,-1.0,259.0,62852.0,63957.0,0.15954827793185833,0.1388907920191612,cleaned observed native units before imputation; fixed one-hot for Protocol,True,True
Init Bwd Win Byts,numeric,training_benign,test_Infilteration,93040,93040,0.0,6773.094120808255,18934.17573889155,0.0,-1.0,-1.0,123.0,42780.0,63376.0,10885643,10885643,0.0,10244.570916940782,21891.727022277653,0.0,-1.0,-1.0,259.0,62852.0,63957.0,0.4491593468758927,0.17531405378991494,cleaned observed native units before imputation; fixed one-hot for Protocol,True,True
Init Bwd Win Byts,numeric,training_benign,test_Bot,282310,282310,0.0,144.51151216747547,326.0738990226557,219.0,-1.0,-1.0,219.0,219.0,2053.0,10885643,10885643,0.0,10244.570916940782,21891.727022277653,0.0,-1.0,-1.0,259.0,62852.0,63957.0,3.8573482458770902,0.2809147340875837,cleaned observed native units before imputation; fixed one-hot for Protocol,True,True
Init Bwd Win Byts,numeric,training_malicious,validation_Infilteration,68857,68857,0.0,5182.671013840278,16034.287247923656,-1.0,-1.0,-1.0,180.0,8192.0,63376.0,1909493,1909493,0.0,73.70898714999217,299.7186870681209,-1.0,-1.0,-1.0,211.0,219.0,230.0,0.9032217110804212,0.22883610668862275,cleaned observed native units before imputation; fixed one-hot for Protocol,True,True
Init Bwd Win Byts,numeric,training_malicious,test_Infilteration,93040,93040,0.0,6773.094120808255,18934.17573889155,0.0,-1.0,-1.0,123.0,42780.0,63376.0,1909493,1909493,0.0,73.70898714999217,299.7186870681209,-1.0,-1.0,-1.0,211.0,219.0,230.0,0.7777551271890625,0.22169324125612477,cleaned observed native units before imputation; fixed one-hot for Protocol,True,True
Init Bwd Win Byts,numeric,training_malicious,test_Bot,282310,282310,0.0,144.51151216747547,326.0738990226557,219.0,-1.0,-1.0,219.0,219.0,2053.0,1909493,1909493,0.0,73.70898714999217,299.7186870681209,-1.0,-1.0,-1.0,211.0,219.0,230.0,2.2121662465938874,0.3301177723144365,cleaned observed native units before imputation; fixed one-hot for Protocol,True,True
Init Bwd Win Byts,numeric,validation_Infilteration,test_Infilteration,93040,93040,0.0,6773.094120808255,18934.17573889155,0.0,-1.0,-1.0,123.0,42780.0,63376.0,68857,68857,0.0,5182.671013840278,16034.287247923656,-1.0,-1.0,-1.0,180.0,8192.0,63376.0,0.18278157141811732,0.1276709272526132,cleaned observed native units before imputation; fixed one-hot for Protocol,True,True
Fwd Act Data Pkts,numeric,training_benign,validation_Infilteration,68857,68857,0.0,1.7941240541992827,3.7438798009923557,0.0,0.0,0.0,2.0,5.0,15.0,10885643,10885643,0.0,2.041182316928821,4.657774651789022,1.0,0.0,0.0,3.0,6.0,15.0,0.05221935132021528,0.102417905696849,cleaned observed native units before imputation; fixed one-hot for Protocol,True,True
Fwd Act Data Pkts,numeric,training_benign,test_Infilteration,93040,93040,0.0,2.1266122098022358,46.66712407871575,0.0,0.0,0.0,1.0,5.0,15.0,10885643,10885643,0.0,2.041182316928821,4.657774651789022,1.0,0.0,0.0,3.0,6.0,15.0,0.15059408182350162,0.18171568407765742,cleaned observed native units before imputation; fixed one-hot for Protocol,True,True
Fwd Act Data Pkts,numeric,training_benign,test_Bot,282310,282310,0.0,0.5186390846941306,0.5288376243111277,1.0,0.0,0.0,1.0,1.0,2.0,10885643,10885643,0.0,2.041182316928821,4.657774651789022,1.0,0.0,0.0,3.0,6.0,15.0,2.493397700833996,0.2736516345428561,cleaned observed native units before imputation; fixed one-hot for Protocol,True,True
Fwd Act Data Pkts,numeric,training_malicious,validation_Infilteration,68857,68857,0.0,1.7941240541992827,3.7438798009923557,0.0,0.0,0.0,2.0,5.0,15.0,1909493,1909493,0.0,154.04460608130012,4428.262904499387,0.0,0.0,0.0,1.0,1.0,16.0,0.03198062809897455,0.1994691954815332,cleaned observed native units before imputation; fixed one-hot for Protocol,True,True
Fwd Act Data Pkts,numeric,training_malicious,test_Infilteration,93040,93040,0.0,2.1266122098022358,46.66712407871575,0.0,0.0,0.0,1.0,5.0,15.0,1909493,1909493,0.0,154.04460608130012,4428.262904499387,0.0,0.0,0.0,1.0,1.0,16.0,0.00019422371972004884,0.16303178527611928,cleaned observed native units before imputation; fixed one-hot for Protocol,True,True
Fwd Act Data Pkts,numeric,training_malicious,test_Bot,282310,282310,0.0,0.5186390846941306,0.5288376243111277,1.0,0.0,0.0,1.0,1.0,2.0,1909493,1909493,0.0,154.04460608130012,4428.262904499387,0.0,0.0,0.0,1.0,1.0,16.0,0.1418118400150782,0.18408258725293836,cleaned observed native units before imputation; fixed one-hot for Protocol,True,True
Fwd Act Data Pkts,numeric,validation_Infilteration,test_Infilteration,93040,93040,0.0,2.1266122098022358,46.66712407871575,0.0,0.0,0.0,1.0,5.0,15.0,68857,68857,0.0,1.7941240541992827,3.7438798009923557,0.0,0.0,0.0,2.0,5.0,15.0,0.038123680288734835,0.07929777838080843,cleaned observed native units before imputation; fixed one-hot for Protocol,True,True
Fwd Seg Size Min,numeric,training_benign,validation_Infilteration,68857,68857,0.0,16.052572723179924,7.0937875528121435,20.0,8.0,8.0,20.0,24.0,40.0,10885643,10885643,0.0,16.55059825129301,6.892761026530882,20.0,8.0,8.0,20.0,20.0,32.0,0.01232842915030521,0.05414055189238565,cleaned observed native units before imputation; fixed one-hot for Protocol,True,True
Fwd Seg Size Min,numeric,training_benign,test_Infilteration,93040,93040,0.0,17.949957007738607,7.504443366933139,20.0,8.0,8.0,24.0,24.0,40.0,10885643,10885643,0.0,16.55059825129301,6.892761026530882,20.0,8.0,8.0,20.0,20.0,32.0,0.004816238433033739,0.24381096476382302,cleaned observed native units before imputation; fixed one-hot for Protocol,True,True
Fwd Seg Size Min,numeric,training_benign,test_Bot,282310,282310,0.0,19.98245899897276,0.6092143612422452,20.0,20.0,20.0,20.0,20.0,20.0,10885643,10885643,0.0,16.55059825129301,6.892761026530882,20.0,8.0,8.0,20.0,20.0,32.0,4.090468759218373,0.32609518158392664,cleaned observed native units before imputation; fixed one-hot for Protocol,True,True
Fwd Seg Size Min,numeric,training_malicious,validation_Infilteration,68857,68857,0.0,16.052572723179924,7.0937875528121435,20.0,8.0,8.0,20.0,24.0,40.0,1909493,1909493,0.0,24.396251779922732,6.238980105424106,20.0,20.0,20.0,32.0,32.0,40.0,3.0972376728186553,0.3755591367165808,cleaned observed native units before imputation; fixed one-hot for Protocol,True,True
Fwd Seg Size Min,numeric,training_malicious,test_Infilteration,93040,93040,0.0,17.949957007738607,7.504443366933139,20.0,8.0,8.0,24.0,24.0,40.0,1909493,1909493,0.0,24.396251779922732,6.238980105424106,20.0,20.0,20.0,32.0,32.0,40.0,2.4016146398882006,0.31825590627837097,cleaned observed native units before imputation; fixed one-hot for Protocol,True,True
Fwd Seg Size Min,numeric,training_malicious,test_Bot,282310,282310,0.0,19.98245899897276,0.6092143612422452,20.0,20.0,20.0,20.0,20.0,20.0,1909493,1909493,0.0,24.396251779922732,6.238980105424106,20.0,20.0,20.0,32.0,32.0,40.0,4.565899188816782,0.34636209716401156,cleaned observed native units before imputation; fixed one-hot for Protocol,True,True
Fwd Seg Size Min,numeric,validation_Infilteration,test_Infilteration,93040,93040,0.0,17.949957007738607,7.504443366933139,20.0,8.0,8.0,24.0,24.0,40.0,68857,68857,0.0,16.052572723179924,7.0937875528121435,20.0,8.0,8.0,20.0,24.0,40.0,0.24173603506604951,0.18967041287143738,cleaned observed native units before imputation; fixed one-hot for Protocol,True,True
Active Mean,numeric,training_benign,validation_Infilteration,68857,68857,0.0,321975.4204698418,3450903.031651643,0.0,0.0,0.0,0.0,140362.20000000016,3298512.120000006,10885643,10885643,0.0,208506.93532241732,2798913.212842722,0.0,0.0,0.0,0.0,41166.704761904795,3010464.16,0.017489993383243464,0.046779538386058084,cleaned observed native units before imputation; fixed one-hot for Protocol,True,True
Active Mean,numeric,training_benign,test_Infilteration,93040,93040,0.0,281742.55621597223,2962780.274175825,0.0,0.0,0.0,0.0,60347.62000000002,3403911.3951300047,10885643,10885643,0.0,208506.93532241732,2798913.212842722,0.0,0.0,0.0,0.0,41166.704761904795,3010464.16,0.0003609919258925528,0.019284284775311522,cleaned observed native units before imputation; fixed one-hot for Protocol,True,True
Active Mean,numeric,training_benign,test_Bot,282310,282310,0.0,8.870973988540966,350.0972519757827,0.0,0.0,0.0,0.0,0.0,0.0,10885643,10885643,0.0,208506.93532241732,2798913.212842722,0.0,0.0,0.0,0.0,41166.704761904795,3010464.16,1.1618154747194067,0.11745781380928266,cleaned observed native units before imputation; fixed one-hot for Protocol,True,True
Active Mean,numeric,training_malicious,validation_Infilteration,68857,68857,0.0,321975.4204698418,3450903.031651643,0.0,0.0,0.0,0.0,140362.20000000016,3298512.120000006,1909493,1909493,0.0,17886.71292327335,328938.07463169,0.0,0.0,0.0,0.0,0.0,8.0,0.0,0.15791351708476853,cleaned observed native units before imputation; fixed one-hot for Protocol,True,True
Active Mean,numeric,training_malicious,test_Infilteration,93040,93040,0.0,281742.55621597223,2962780.274175825,0.0,0.0,0.0,0.0,60347.62000000002,3403911.3951300047,1909493,1909493,0.0,17886.71292327335,328938.07463169,0.0,0.0,0.0,0.0,0.0,8.0,0.0,0.11685692940117365,cleaned observed native units before imputation; fixed one-hot for Protocol,True,True
Active Mean,numeric,training_malicious,test_Bot,282310,282310,0.0,8.870973988540966,350.0972519757827,0.0,0.0,0.0,0.0,0.0,0.0,1909493,1909493,0.0,17886.71292327335,328938.07463169,0.0,0.0,0.0,0.0,0.0,8.0,0.0,0.010548118489070779,cleaned observed native units before imputation; fixed one-hot for Protocol,True,True
Active Mean,numeric,validation_Infilteration,test_Infilteration,93040,93040,0.0,281742.55621597223,2962780.274175825,0.0,0.0,0.0,0.0,60347.62000000002,3403911.3951300047,68857,68857,0.0,321975.4204698418,3450903.031651643,0.0,0.0,0.0,0.0,140362.20000000016,3298512.120000006,0.009751128590921705,0.04163877500757329,cleaned observed native units before imputation; fixed one-hot for Protocol,True,True
Active Std,numeric,training_benign,validation_Infilteration,68857,68857,0.0,141452.41701778307,1995308.4227166015,0.0,0.0,0.0,0.0,0.0,1418372.3118000005,10885643,10885643,0.0,105844.34906660313,1698202.070261192,0.0,0.0,0.0,0.0,0.0,1115353.4575519625,0.0,0.01471766220560089,cleaned observed native units before imputation; fixed one-hot for Protocol,True,True
Active Std,numeric,training_benign,test_Infilteration,93040,93040,0.0,111774.93355024127,1767484.659398789,0.0,0.0,0.0,0.0,0.0,1067781.0195900009,10885643,10885643,0.0,105844.34906660313,1698202.070261192,0.0,0.0,0.0,0.0,0.0,1115353.4575519625,0.0,0.006975569624259381,cleaned observed native units before imputation; fixed one-hot for Protocol,True,True
Active Std,numeric,training_benign,test_Bot,282310,282310,0.0,3.261675799317594,200.96663434623693,0.0,0.0,0.0,0.0,0.0,0.0,10885643,10885643,0.0,105844.34906660313,1698202.070261192,0.0,0.0,0.0,0.0,0.0,1115353.4575519625,0.0,0.08156848129694083,cleaned observed native units before imputation; fixed one-hot for Protocol,True,True
Active Std,numeric,training_malicious,validation_Infilteration,68857,68857,0.0,141452.41701778307,1995308.4227166015,0.0,0.0,0.0,0.0,0.0,1418372.3118000005,1909493,1909493,0.0,5790.155008415761,118843.18245848115,0.0,0.0,0.0,0.0,0.0,0.0,0.0,0.09348263728079387,cleaned observed native units before imputation; fixed one-hot for Protocol,True,True
Active Std,numeric,training_malicious,test_Infilteration,93040,93040,0.0,111774.93355024127,1767484.659398789,0.0,0.0,0.0,0.0,0.0,1067781.0195900009,1909493,1909493,0.0,5790.155008415761,118843.18245848115,0.0,0.0,0.0,0.0,0.0,0.0,0.0,0.07305885715881655,cleaned observed native units before imputation; fixed one-hot for Protocol,True,True
Active Std,numeric,training_malicious,test_Bot,282310,282310,0.0,3.261675799317594,200.96663434623693,0.0,0.0,0.0,0.0,0.0,0.0,1909493,1909493,0.0,5790.155008415761,118843.18245848115,0.0,0.0,0.0,0.0,0.0,0.0,0.0,0.0025860267620776423,cleaned observed native units before imputation; fixed one-hot for Protocol,True,True
Active Std,numeric,validation_Infilteration,test_Infilteration,93040,93040,0.0,111774.93355024127,1767484.659398789,0.0,0.0,0.0,0.0,0.0,1067781.0195900009,68857,68857,0.0,141452.41701778307,1995308.4227166015,0.0,0.0,0.0,0.0,0.0,1418372.3118000005,0.0,0.0209580143982524,cleaned observed native units before imputation; fixed one-hot for Protocol,True,True
Active Max,numeric,training_benign,validation_Infilteration,68857,68857,0.0,464462.21397969703,4525746.654532269,0.0,0.0,0.0,0.0,223699.2,5088202.8000000045,10885643,10885643,0.0,316538.22328823386,3705391.0533897914,0.0,0.0,0.0,0.0,91533.0,4261519.14000001,0.019346039905212234,0.046777149918973526,cleaned observed native units before imputation; fixed one-hot for Protocol,True,True
Active Max,numeric,training_benign,test_Infilteration,93040,93040,0.0,394618.9344582975,3919285.009003996,0.0,0.0,0.0,0.0,112802.40000000008,4968405.71,10885643,10885643,0.0,316538.22328823386,3705391.0533897914,0.0,0.0,0.0,0.0,91533.0,4261519.14000001,0.0003663116951032185,0.018156181744611755,cleaned observed native units before imputation; fixed one-hot for Protocol,True,True
Active Max,numeric,training_benign,test_Bot,282310,282310,0.0,12.341610286564414,541.00431049682,0.0,0.0,0.0,0.0,0.0,0.0,10885643,10885643,0.0,316538.22328823386,3705391.0533897914,0.0,0.0,0.0,0.0,91533.0,4261519.14000001,1.161816644091017,0.11745781380928266,cleaned observed native units before imputation; fixed one-hot for Protocol,True,True
Active Max,numeric,training_malicious,validation_Infilteration,68857,68857,0.0,464462.21397969703,4525746.654532269,0.0,0.0,0.0,0.0,223699.2,5088202.8000000045,1909493,1909493,0.0,21985.724291736078,404255.8279913726,0.0,0.0,0.0,0.0,0.0,8.0,0.0,0.1579581330383355,cleaned observed native units before imputation; fixed one-hot for Protocol,True,True
Active Max,numeric,training_malicious,test_Infilteration,93040,93040,0.0,394618.9344582975,3919285.009003996,0.0,0.0,0.0,0.0,112802.40000000008,4968405.71,1909493,1909493,0.0,21985.724291736078,404255.8279913726,0.0,0.0,0.0,0.0,0.0,8.0,0.0,0.1168682011657447,cleaned observed native units before imputation; fixed one-hot for Protocol,True,True
Active Max,numeric,training_malicious,test_Bot,282310,282310,0.0,12.341610286564414,541.00431049682,0.0,0.0,0.0,0.0,0.0,0.0,1909493,1909493,0.0,21985.724291736078,404255.8279913726,0.0,0.0,0.0,0.0,0.0,8.0,0.0,0.010548118489070779,cleaned observed native units before imputation; fixed one-hot for Protocol,True,True
Active Max,numeric,validation_Infilteration,test_Infilteration,93040,93040,0.0,394618.9344582975,3919285.009003996,0.0,0.0,0.0,0.0,112802.40000000008,4968405.71,68857,68857,0.0,464462.21397969703,4525746.654532269,0.0,0.0,0.0,0.0,223699.2,5088202.8000000045,0.004844670328100673,0.04178789381949766,cleaned observed native units before imputation; fixed one-hot for Protocol,True,True
Active Min,numeric,training_benign,validation_Infilteration,68857,68857,0.0,227631.9033504219,2955046.5876742164,0.0,0.0,0.0,0.0,77463.20000000001,3134399.880000003,10885643,10885643,0.0,138086.3166918114,2358798.241352395,0.0,0.0,0.0,0.0,11790.0,3000978.58,0.016829140798146847,0.04700311068793517,cleaned observed native units before imputation; fixed one-hot for Protocol,True,True
Active Min,numeric,training_benign,test_Infilteration,93040,93040,0.0,206185.74400257954,2524041.6288581616,0.0,0.0,0.0,0.0,20848.0,3090050.35,10885643,10885643,0.0,138086.3166918114,2358798.241352395,0.0,0.0,0.0,0.0,11790.0,3000978.58,0.00038572909979526897,0.018905352117485452,cleaned observed native units before imputation; fixed one-hot for Protocol,True,True
Active Min,numeric,training_benign,test_Bot,282310,282310,0.0,6.337313591442032,245.27766857524153,0.0,0.0,0.0,0.0,0.0,0.0,10885643,10885643,0.0,138086.3166918114,2358798.241352395,0.0,0.0,0.0,0.0,11790.0,3000978.58,0.6880437060909796,0.11745781380928266,cleaned observed native units before imputation; fixed one-hot for Protocol,True,True
Active Min,numeric,training_malicious,validation_Infilteration,68857,68857,0.0,227631.9033504219,2955046.5876742164,0.0,0.0,0.0,0.0,77463.20000000001,3134399.880000003,1909493,1909493,0.0,13782.944121292929,259144.38146325434,0.0,0.0,0.0,0.0,0.0,8.0,0.0,0.15744149324792012,cleaned observed native units before imputation; fixed one-hot for Protocol,True,True
Active Min,numeric,training_malicious,test_Infilteration,93040,93040,0.0,206185.74400257954,2524041.6288581616,0.0,0.0,0.0,0.0,20848.0,3090050.35,1909493,1909493,0.0,13782.944121292929,259144.38146325434,0.0,0.0,0.0,0.0,0.0,8.0,0.0,0.11660730609525527,cleaned observed native units before imputation; fixed one-hot for Protocol,True,True
Active Min,numeric,training_malicious,test_Bot,282310,282310,0.0,6.337313591442032,245.27766857524153,0.0,0.0,0.0,0.0,0.0,0.0,1909493,1909493,0.0,13782.944121292929,259144.38146325434,0.0,0.0,0.0,0.0,0.0,8.0,0.0,0.010548118489070779,cleaned observed native units before imputation; fixed one-hot for Protocol,True,True
Active Min,numeric,validation_Infilteration,test_Infilteration,93040,93040,0.0,206185.74400257954,2524041.6288581616,0.0,0.0,0.0,0.0,20848.0,3090050.35,68857,68857,0.0,227631.9033504219,2955046.5876742164,0.0,0.0,0.0,0.0,77463.20000000001,3134399.880000003,0.009685541077464136,0.04172720971526089,cleaned observed native units before imputation; fixed one-hot for Protocol,True,True
Idle Mean,numeric,training_benign,validation_Infilteration,68857,68857,0.0,3955588.180301422,12274071.115210984,0.0,0.0,0.0,0.0,9999626.4,58600000.0,10885643,10885643,0.0,4730220.87848552,15681473.77166282,0.0,0.0,0.0,0.0,9997876.163636364,86154352.74,0.00019922046664458992,0.027112541943170143,cleaned observed native units before imputation; fixed one-hot for Protocol,True,True
Idle Mean,numeric,training_benign,test_Infilteration,93040,93040,0.0,3347813.526492455,12037984.737245722,0.0,0.0,0.0,0.0,9015619.25,58700000.0,10885643,10885643,0.0,4730220.87848552,15681473.77166282,0.0,0.0,0.0,0.0,9997876.163636364,86154352.74,0.005208720015955214,0.034857865309775304,cleaned observed native units before imputation; fixed one-hot for Protocol,True,True
Idle Mean,numeric,training_benign,test_Bot,282310,282310,0.0,25766.35613332861,912210.0501630483,0.0,0.0,0.0,0.0,0.0,0.0,10885643,10885643,0.0,4730220.87848552,15681473.77166282,0.0,0.0,0.0,0.0,9997876.163636364,86154352.74,0.48701157869545814,0.14602452318970238,cleaned observed native units before imputation; fixed one-hot for Protocol,True,True
Idle Mean,numeric,training_malicious,validation_Infilteration,68857,68857,0.0,3955588.180301422,12274071.115210984,0.0,0.0,0.0,0.0,9999626.4,58600000.0,1909493,1909493,0.0,3716768.9973458922,11067831.553658579,0.0,0.0,0.0,0.0,16000000.0,42000000.0,0.01872517405159608,0.048464625802534744,cleaned observed native units before imputation; fixed one-hot for Protocol,True,True
Idle Mean,numeric,training_malicious,test_Infilteration,93040,93040,0.0,3347813.526492455,12037984.737245722,0.0,0.0,0.0,0.0,9015619.25,58700000.0,1909493,1909493,0.0,3716768.9973458922,11067831.553658579,0.0,0.0,0.0,0.0,16000000.0,42000000.0,0.0383257077695071,0.06528867157968377,cleaned observed native units before imputation; fixed one-hot for Protocol,True,True
Idle Mean,numeric,training_malicious,test_Bot,282310,282310,0.0,25766.35613332861,912210.0501630483,0.0,0.0,0.0,0.0,0.0,0.0,1909493,1909493,0.0,3716768.9973458922,11067831.553658579,0.0,0.0,0.0,0.0,16000000.0,42000000.0,0.48857554208708587,0.14667744705953423,cleaned observed native units before imputation; fixed one-hot for Protocol,True,True
Idle Mean,numeric,validation_Infilteration,test_Infilteration,93040,93040,0.0,3347813.526492455,12037984.737245722,0.0,0.0,0.0,0.0,9015619.25,58700000.0,68857,68857,0.0,3955588.180301422,12274071.115210984,0.0,0.0,0.0,0.0,9999626.4,58600000.0,0.007359731235944647,0.03857398876590612,cleaned observed native units before imputation; fixed one-hot for Protocol,True,True
Idle Std,numeric,training_benign,validation_Infilteration,68857,68857,0.0,253289.6573266549,2028524.5875442491,0.0,0.0,0.0,0.0,7876.671461600001,5656824.07024,10885643,10885643,0.0,171348.59649002764,1787468.2875440367,0.0,0.0,0.0,0.0,0.0,3425824.040232086,0.0,0.02302323229088643,cleaned observed native units before imputation; fixed one-hot for Protocol,True,True
Idle Std,numeric,training_benign,test_Infilteration,93040,93040,0.0,243101.4453785572,1833340.1664331777,0.0,0.0,0.0,0.0,0.0,5656883.67227,10885643,10885643,0.0,171348.59649002764,1787468.2875440367,0.0,0.0,0.0,0.0,0.0,3425824.040232086,0.0,0.015146468605139685,cleaned observed native units before imputation; fixed one-hot for Protocol,True,True
Idle Std,numeric,training_benign,test_Bot,282310,282310,0.0,1280.2811294990613,211252.8898823399,0.0,0.0,0.0,0.0,0.0,0.0,10885643,10885643,0.0,171348.59649002764,1787468.2875440367,0.0,0.0,0.0,0.0,0.0,3425824.040232086,0.0,0.09287429024180516,cleaned observed native units before imputation; fixed one-hot for Protocol,True,True
Idle Std,numeric,training_malicious,validation_Infilteration,68857,68857,0.0,253289.6573266549,2028524.5875442491,0.0,0.0,0.0,0.0,7876.671461600001,5656824.07024,1909493,1909493,0.0,50874.35326033443,1013394.1703255115,0.0,0.0,0.0,0.0,0.0,0.0,0.0,0.10913704408923774,cleaned observed native units before imputation; fixed one-hot for Protocol,True,True
Idle Std,numeric,training_malicious,test_Infilteration,93040,93040,0.0,243101.4453785572,1833340.1664331777,0.0,0.0,0.0,0.0,0.0,5656883.67227,1909493,1909493,0.0,50874.35326033443,1013394.1703255115,0.0,0.0,0.0,0.0,0.0,0.0,0.0,0.09448114626487958,cleaned observed native units before imputation; fixed one-hot for Protocol,True,True
Idle Std,numeric,training_malicious,test_Bot,282310,282310,0.0,1280.2811294990613,211252.8898823399,0.0,0.0,0.0,0.0,0.0,0.0,1909493,1909493,0.0,50874.35326033443,1013394.1703255115,0.0,0.0,0.0,0.0,0.0,0.0,0.0,0.00258871106238745,cleaned observed native units before imputation; fixed one-hot for Protocol,True,True
Idle Std,numeric,validation_Infilteration,test_Infilteration,93040,93040,0.0,243101.4453785572,1833340.1664331777,0.0,0.0,0.0,0.0,0.0,5656883.67227,68857,68857,0.0,253289.6573266549,2028524.5875442491,0.0,0.0,0.0,0.0,7876.671461600001,5656824.07024,0.0020100256303397296,0.0152530648742778,cleaned observed native units before imputation; fixed one-hot for Protocol,True,True
Idle Max,numeric,training_benign,validation_Infilteration,68857,68857,0.0,4153617.9295351235,12752600.174823403,0.0,0.0,0.0,0.0,10000000.0,58900000.0,10885643,10885643,0.0,4871164.874779193,15962957.54059044,0.0,0.0,0.0,0.0,10012614.0,86156272.32,2.5128111133734817e-06,0.02719484320544263,cleaned observed native units before imputation; fixed one-hot for Protocol,True,True
Idle Max,numeric,training_benign,test_Infilteration,93040,93040,0.0,3549318.2914660363,12479289.821565062,0.0,0.0,0.0,0.0,10000000.0,58900000.0,10885643,10885643,0.0,4871164.874779193,15962957.54059044,0.0,0.0,0.0,0.0,10012614.0,86156272.32,0.004738514583523394,0.04129328619823536,cleaned observed native units before imputation; fixed one-hot for Protocol,True,True
Idle Max,numeric,training_benign,test_Bot,282310,282310,0.0,26706.103219864686,977659.58111481,0.0,0.0,0.0,0.0,0.0,0.0,10885643,10885643,0.0,4871164.874779193,15962957.54059044,0.0,0.0,0.0,0.0,10012614.0,86156272.32,0.4870121310109217,0.14602452318970238,cleaned observed native units before imputation; fixed one-hot for Protocol,True,True
Idle Max,numeric,training_malicious,validation_Infilteration,68857,68857,0.0,4153617.9295351235,12752600.174823403,0.0,0.0,0.0,0.0,10000000.0,58900000.0,1909493,1909493,0.0,3788526.5423460575,11288550.33856533,0.0,0.0,0.0,0.0,16000000.0,44100000.0,0.01636533871929187,0.04417664170083968,cleaned observed native units before imputation; fixed one-hot for Protocol,True,True
Idle Max,numeric,training_malicious,test_Infilteration,93040,93040,0.0,3549318.2914660363,12479289.821565062,0.0,0.0,0.0,0.0,10000000.0,58900000.0,1909493,1909493,0.0,3788526.5423460575,11288550.33856533,0.0,0.0,0.0,0.0,16000000.0,44100000.0,0.03256442796415908,0.05864997616544865,cleaned observed native units before imputation; fixed one-hot for Protocol,True,True
Idle Max,numeric,training_malicious,test_Bot,282310,282310,0.0,26706.103219864686,977659.58111481,0.0,0.0,0.0,0.0,0.0,0.0,1909493,1909493,0.0,3788526.5423460575,11288550.33856533,0.0,0.0,0.0,0.0,16000000.0,44100000.0,0.4892623952321114,0.14667744705953423,cleaned observed native units before imputation; fixed one-hot for Protocol,True,True
Idle Max,numeric,validation_Infilteration,test_Infilteration,93040,93040,0.0,3549318.2914660363,12479289.821565062,0.0,0.0,0.0,0.0,10000000.0,58900000.0,68857,68857,0.0,4153617.9295351235,12752600.174823403,0.0,0.0,0.0,0.0,10000000.0,58900000.0,0.007539755121890405,0.03857398876590612,cleaned observed native units before imputation; fixed one-hot for Protocol,True,True
Idle Min,numeric,training_benign,validation_Infilteration,68857,68857,0.0,3726453.4142062534,11992613.685271727,0.0,0.0,0.0,0.0,9917721.4,58400000.0,10885643,10885643,0.0,4569016.436354012,15534998.002064593,0.0,0.0,0.0,0.0,9890465.0,86154352.74,8.914143182147964e-05,0.025908091541150924,cleaned observed native units before imputation; fixed one-hot for Protocol,True,True
Idle Min,numeric,training_benign,test_Infilteration,93040,93040,0.0,3129524.36544497,11787388.171473095,0.0,0.0,0.0,0.0,6015472.0,58500000.0,10885643,10885643,0.0,4569016.436354012,15534998.002064593,0.0,0.0,0.0,0.0,9890465.0,86154352.74,0.007689915101576676,0.029874128913591758,cleaned observed native units before imputation; fixed one-hot for Protocol,True,True
Idle Min,numeric,training_benign,test_Bot,282310,282310,0.0,24822.71262087776,867704.5559835901,0.0,0.0,0.0,0.0,0.0,0.0,10885643,10885643,0.0,4569016.436354012,15534998.002064593,0.0,0.0,0.0,0.0,9890465.0,86154352.74,0.48701489258981295,0.14602452318970238,cleaned observed native units before imputation; fixed one-hot for Protocol,True,True
Idle Min,numeric,training_malicious,validation_Infilteration,68857,68857,0.0,3726453.4142062534,11992613.685271727,0.0,0.0,0.0,0.0,9917721.4,58400000.0,1909493,1909493,0.0,3674229.522339176,11023835.360891463,0.0,0.0,0.0,0.0,15400000.0,42000000.0,0.023449434187473722,0.051973663397890224,cleaned observed native units before imputation; fixed one-hot for Protocol,True,True
Idle Min,numeric,training_malicious,test_Infilteration,93040,93040,0.0,3129524.36544497,11787388.171473095,0.0,0.0,0.0,0.0,6015472.0,58500000.0,1909493,1909493,0.0,3674229.522339176,11023835.360891463,0.0,0.0,0.0,0.0,15400000.0,42000000.0,0.04750418933952892,0.06995043336918971,cleaned observed native units before imputation; fixed one-hot for Protocol,True,True
Idle Min,numeric,training_malicious,test_Bot,282310,282310,0.0,24822.71262087776,867704.5559835901,0.0,0.0,0.0,0.0,0.0,0.0,1909493,1909493,0.0,3674229.522339176,11023835.360891463,0.0,0.0,0.0,0.0,15400000.0,42000000.0,0.4872243628671091,0.14667744705953423,cleaned observed native units before imputation; fixed one-hot for Protocol,True,True
Idle Min,numeric,validation_Infilteration,test_Infilteration,93040,93040,0.0,3129524.36544497,11787388.171473095,0.0,0.0,0.0,0.0,6015472.0,58500000.0,68857,68857,0.0,3726453.4142062534,11992613.685271727,0.0,0.0,0.0,0.0,9917721.4,58400000.0,0.008910723259501851,0.038632810217634095,cleaned observed native units before imputation; fixed one-hot for Protocol,True,True
Protocol=0,frozen_one_hot,training_benign,validation_Infilteration,68857,68857,0.0,0.015176380033983474,0.12225406955618116,0.0,0.0,0.0,0.0,0.0,1.0,10885643,10885643,0.0,0.017537687025010833,0.13126353857345005,0.0,0.0,0.0,0.0,0.0,1.0,0.0,0.0023613069910273232,cleaned observed native units before imputation; fixed one-hot for Protocol,True,True
Protocol=0,frozen_one_hot,training_benign,test_Infilteration,93040,93040,0.0,0.013005159071367154,0.11329618223442303,0.0,0.0,0.0,0.0,0.0,1.0,10885643,10885643,0.0,0.017537687025010833,0.13126353857345005,0.0,0.0,0.0,0.0,0.0,1.0,0.0,0.0045325279536436724,cleaned observed native units before imputation; fixed one-hot for Protocol,True,True
Protocol=0,frozen_one_hot,training_benign,test_Bot,282310,282310,0.0,0.0009138889872834827,0.030216780010490933,0.0,0.0,0.0,0.0,0.0,0.0,10885643,10885643,0.0,0.017537687025010833,0.13126353857345005,0.0,0.0,0.0,0.0,0.0,1.0,0.0,0.01662379803772729,cleaned observed native units before imputation; fixed one-hot for Protocol,True,True
Protocol=0,frozen_one_hot,training_malicious,validation_Infilteration,68857,68857,0.0,0.015176380033983474,0.12225406955618116,0.0,0.0,0.0,0.0,0.0,1.0,1909493,1909493,0.0,0.0,0.0,0.0,0.0,0.0,0.0,0.0,0.0,0.14633268397349014,0.015176380033983472,cleaned observed native units before imputation; fixed one-hot for Protocol,True,True
Protocol=0,frozen_one_hot,training_malicious,test_Infilteration,93040,93040,0.0,0.013005159071367154,0.11329618223442303,0.0,0.0,0.0,0.0,0.0,1.0,1909493,1909493,0.0,0.0,0.0,0.0,0.0,0.0,0.0,0.0,0.0,0.12335970142644148,0.013005159071367123,cleaned observed native units before imputation; fixed one-hot for Protocol,True,True
Protocol=0,frozen_one_hot,training_malicious,test_Bot,282310,282310,0.0,0.0009138889872834827,0.030216780010490933,0.0,0.0,0.0,0.0,0.0,0.0,1909493,1909493,0.0,0.0,0.0,0.0,0.0,0.0,0.0,0.0,0.0,0.006224633779532759,0.0009138889872835065,cleaned observed native units before imputation; fixed one-hot for Protocol,True,True
Protocol=0,frozen_one_hot,validation_Infilteration,test_Infilteration,93040,93040,0.0,0.013005159071367154,0.11329618223442303,0.0,0.0,0.0,0.0,0.0,1.0,68857,68857,0.0,0.015176380033983474,0.12225406955618116,0.0,0.0,0.0,0.0,0.0,1.0,0.0,0.0021712209626163492,cleaned observed native units before imputation; fixed one-hot for Protocol,True,True
Protocol=17,frozen_one_hot,training_benign,validation_Infilteration,68857,68857,0.0,0.3617061446185573,0.48049433874265013,0.0,0.0,0.0,1.0,1.0,1.0,10885643,10885643,0.0,0.30947138354619935,0.46227572541957945,0.0,0.0,0.0,1.0,1.0,1.0,0.012255564077991679,0.05223476107235803,cleaned observed native units before imputation; fixed one-hot for Protocol,True,True
Protocol=17,frozen_one_hot,training_benign,test_Infilteration,93040,93040,0.0,0.28413585554600174,0.45100185270034465,0.0,0.0,0.0,1.0,1.0,1.0,10885643,10885643,0.0,0.30947138354619935,0.46227572541957945,0.0,0.0,0.0,1.0,1.0,1.0,0.0030768956908969565,0.02533552800019756,cleaned observed native units before imputation; fixed one-hot for Protocol,True,True
Protocol=17,frozen_one_hot,training_benign,test_Bot,282310,282310,0.0,0.0,0.0,0.0,0.0,0.0,0.0,0.0,0.0,10885643,10885643,0.0,0.30947138354619935,0.46227572541957945,0.0,0.0,0.0,1.0,1.0,1.0,4.027104908754539,0.3094713835461993,cleaned observed native units before imputation; fixed one-hot for Protocol,True,True
Protocol=17,frozen_one_hot,training_malicious,validation_Infilteration,68857,68857,0.0,0.3617061446185573,0.48049433874265013,0.0,0.0,0.0,1.0,1.0,1.0,1909493,1909493,0.0,0.0013233879359599641,0.03635431996793394,0.0,0.0,0.0,0.0,0.0,0.0,0.0,0.36038275668259734,cleaned observed native units before imputation; fixed one-hot for Protocol,True,True
Protocol=17,frozen_one_hot,training_malicious,test_Infilteration,93040,93040,0.0,0.28413585554600174,0.45100185270034465,0.0,0.0,0.0,1.0,1.0,1.0,1909493,1909493,0.0,0.0013233879359599641,0.03635431996793394,0.0,0.0,0.0,0.0,0.0,0.0,0.0,0.28281246761004175,cleaned observed native units before imputation; fixed one-hot for Protocol,True,True
Protocol=17,frozen_one_hot,training_malicious,test_Bot,282310,282310,0.0,0.0,0.0,0.0,0.0,0.0,0.0,0.0,0.0,1909493,1909493,0.0,0.0013233879359599641,0.03635431996793394,0.0,0.0,0.0,0.0,0.0,0.0,0.0,0.0013233879359599854,cleaned observed native units before imputation; fixed one-hot for Protocol,True,True
Protocol=17,frozen_one_hot,validation_Infilteration,test_Infilteration,93040,93040,0.0,0.28413585554600174,0.45100185270034465,0.0,0.0,0.0,1.0,1.0,1.0,68857,68857,0.0,0.3617061446185573,0.48049433874265013,0.0,0.0,0.0,1.0,1.0,1.0,0.027620496839691915,0.07757028907255559,cleaned observed native units before imputation; fixed one-hot for Protocol,True,True
Protocol=6,frozen_one_hot,training_benign,validation_Infilteration,68857,68857,0.0,0.6231174753474592,0.4846050838198746,1.0,0.0,0.0,1.0,1.0,1.0,10885643,10885643,0.0,0.6729909294287898,0.4691206010562347,1.0,0.0,0.0,1.0,1.0,1.0,0.010919392427443643,0.04987345408133065,cleaned observed native units before imputation; fixed one-hot for Protocol,True,True
Protocol=6,frozen_one_hot,training_benign,test_Infilteration,93040,93040,0.0,0.7028589853826311,0.4569991597908354,1.0,0.0,0.0,1.0,1.0,1.0,10885643,10885643,0.0,0.6729909294287898,0.4691206010562347,1.0,0.0,0.0,1.0,1.0,1.0,0.004157789843883909,0.029868055953841288,cleaned observed native units before imputation; fixed one-hot for Protocol,True,True
Protocol=6,frozen_one_hot,training_benign,test_Bot,282310,282310,0.0,0.9990861110127165,0.030216780010490912,1.0,1.0,1.0,1.0,1.0,1.0,10885643,10885643,0.0,0.6729909294287898,0.4691206010562347,1.0,0.0,0.0,1.0,1.0,1.0,2.046289869566193,0.32609518158392664,cleaned observed native units before imputation; fixed one-hot for Protocol,True,True
Protocol=6,frozen_one_hot,training_malicious,validation_Infilteration,68857,68857,0.0,0.6231174753474592,0.4846050838198746,1.0,0.0,0.0,1.0,1.0,1.0,1909493,1909493,0.0,0.99867661206404,0.03635431996793361,1.0,1.0,1.0,1.0,1.0,1.0,2.2997094433811576,0.3755591367165808,cleaned observed native units before imputation; fixed one-hot for Protocol,True,True
Protocol=6,frozen_one_hot,training_malicious,test_Infilteration,93040,93040,0.0,0.7028589853826311,0.4569991597908354,1.0,0.0,0.0,1.0,1.0,1.0,1909493,1909493,0.0,0.99867661206404,0.03635431996793361,1.0,1.0,1.0,1.0,1.0,1.0,1.7054716608106133,0.2958176266814089,cleaned observed native units before imputation; fixed one-hot for Protocol,True,True
Protocol=6,frozen_one_hot,training_malicious,test_Bot,282310,282310,0.0,0.9990861110127165,0.030216780010490912,1.0,1.0,1.0,1.0,1.0,1.0,1909493,1909493,0.0,0.99867661206404,0.03635431996793361,1.0,1.0,1.0,1.0,1.0,1.0,0.00015178112378899937,0.00040949894867648145,cleaned observed native units before imputation; fixed one-hot for Protocol,True,True
Protocol=6,frozen_one_hot,validation_Infilteration,test_Infilteration,93040,93040,0.0,0.7028589853826311,0.4569991597908354,1.0,0.0,0.0,1.0,1.0,1.0,68857,68857,0.0,0.6231174753474592,0.4846050838198746,1.0,0.0,0.0,1.0,1.0,1.0,0.028559199421557938,0.07974151003517194,cleaned observed native units before imputation; fixed one-hot for Protocol,True,True
