path,sha256,bytes,verification,historical_sources
configs/baseline.json,9044f33821376d64b4b2e657de99b6e9c0b178d08fb22fe3fab6b68df28e31ec,1055,historical_match,results/baseline_v1/diagnostics/input_integrity_manifest.json;results/baseline_v1/metrics/frozen_input_guard.json;results/fusion_v1/input_integrity_manifest.json;results/temporal_v1/metrics/baseline_snapshot.json
configs/phase4_seed42.json,5e83fb814608a0104a29e6d35669bad0ef1477d64a3e04ee4b8c47d0e7402681,1110,historical_match,results/baseline_v1/diagnostics/input_integrity_manifest.json;results/fusion_v1/input_integrity_manifest.json;results/temporal_v1/metrics/baseline_snapshot.json
data/anomaly_v1/benign_train_ids.npy,57c051e352942b48a6edeb0ad0c8ea36cfa60e6d11a5ca9d2fd48001ace478a4,87085272,historical_match,results/anomaly_v1/anomaly_training_manifest.json;results/fusion_v1/input_integrity_manifest.json
data/anomaly_v1/benign_validation_features.npy,e14932d20d653d82ef57186c41351c2f3a4761e101078df4536e05a30b266cf3,506726528,historical_match,results/anomaly_v1/anomaly_training_manifest.json;results/fusion_v1/input_integrity_manifest.json
data/anomaly_v1/isolation_train_ids.npy,6d7613befc31bdf01566515e16ee594cfa6e69833feae83020746b991856d906,2000128,historical_match,results/anomaly_v1/anomaly_training_manifest.json;results/fusion_v1/input_integrity_manifest.json
data/baseline_v1/cleaned/Friday-02-03-2018_TrafficForML_CICFlowMeter.parquet,bf8b4e4f5264fa362d3f59737717977cf7e960e03c1f34125c52034b631b4cd6,109318473,historical_match,results/baseline_v1/metrics/frozen_input_guard.json;results/baseline_v1/source_manifest.json;results/baseline_v1/split_plan.json;results/fusion_v1/input_integrity_manifest.json
data/baseline_v1/cleaned/Friday-16-02-2018_TrafficForML_CICFlowMeter.parquet,118d1d5604994e5a9c643f3fd041135245a82a090096c8b597cfa1964db581e1,86518748,historical_match,results/baseline_v1/metrics/frozen_input_guard.json;results/baseline_v1/source_manifest.json;results/baseline_v1/split_plan.json;results/fusion_v1/input_integrity_manifest.json
data/baseline_v1/cleaned/Friday-23-02-2018_TrafficForML_CICFlowMeter.parquet,50098b4f1562d49685c4e8b1d56da9626f70cddc0cfbf5b5b3710d4c6d6ad2f8,128863811,historical_match,results/baseline_v1/metrics/frozen_input_guard.json;results/baseline_v1/source_manifest.json;results/baseline_v1/split_plan.json;results/fusion_v1/input_integrity_manifest.json
data/baseline_v1/cleaned/Thuesday-20-02-2018_TrafficForML_CICFlowMeter.parquet,13f86441342466c1e4bf0a01cf5d7b04b22f6138b392bda114eb7b52fe24cd93,948151902,historical_match,results/baseline_v1/metrics/frozen_input_guard.json;results/baseline_v1/source_manifest.json;results/baseline_v1/split_plan.json;results/fusion_v1/input_integrity_manifest.json;results/graph_temporal_v1/metrics/phase6_hash_verification.json;results/graph_v1/pre_split/proposed_split.json
data/baseline_v1/cleaned/Thursday-01-03-2018_TrafficForML_CICFlowMeter.parquet,802cedc1871324f3003cd85f63d8c3b1b4003869fe97ef76ef9abfe253d4ea48,34950599,historical_match,results/baseline_v1/metrics/frozen_input_guard.json;results/baseline_v1/source_manifest.json;results/baseline_v1/split_plan.json;results/fusion_v1/input_integrity_manifest.json
data/baseline_v1/cleaned/Thursday-15-02-2018_TrafficForML_CICFlowMeter.parquet,f412998558ac29e6e063e831158b8c75a65f5116cd3d7047450929200fd55acc,124460832,historical_match,results/baseline_v1/metrics/frozen_input_guard.json;results/baseline_v1/source_manifest.json;results/baseline_v1/split_plan.json;results/fusion_v1/input_integrity_manifest.json
data/baseline_v1/cleaned/Thursday-22-02-2018_TrafficForML_CICFlowMeter.non_temporal.parquet,ad4bda5d7c3593a10987803178f31d3443755e03da29b64599b296868f63aa5f,27605,historical_match,results/baseline_v1/metrics/frozen_input_guard.json;results/baseline_v1/source_manifest.json;results/fusion_v1/input_integrity_manifest.json
data/baseline_v1/cleaned/Thursday-22-02-2018_TrafficForML_CICFlowMeter.parquet,a51c836af9ba68783318a4097851d1d9080ffe1b4c5cb0c39c96c98b6951b52e,128932293,historical_match,results/baseline_v1/metrics/frozen_input_guard.json;results/baseline_v1/source_manifest.json;results/baseline_v1/split_plan.json;results/fusion_v1/input_integrity_manifest.json
data/baseline_v1/cleaned/Wednesday-14-02-2018_TrafficForML_CICFlowMeter.non_temporal.parquet,b85b2dc8970b97f5b139d4ce8002b162102a0bf47bcbcb1cb2242bb44b7d71a5,26876,historical_match,results/baseline_v1/metrics/frozen_input_guard.json;results/baseline_v1/source_manifest.json;results/fusion_v1/input_integrity_manifest.json
data/baseline_v1/cleaned/Wednesday-14-02-2018_TrafficForML_CICFlowMeter.parquet,d6fc7e25cdcc99c11835395317ce7195bc453905a69d4a5e3ae2369c41b0670d,95462633,historical_match,results/baseline_v1/metrics/frozen_input_guard.json;results/baseline_v1/source_manifest.json;results/baseline_v1/split_plan.json;results/fusion_v1/input_integrity_manifest.json
data/baseline_v1/cleaned/Wednesday-21-02-2018_TrafficForML_CICFlowMeter.parquet,d289537700c0b6b8d78a7b06acd89dcdf3e34732316d2d1ffbf33ccf816a9204,68042483,historical_match,results/baseline_v1/metrics/frozen_input_guard.json;results/baseline_v1/source_manifest.json;results/baseline_v1/split_plan.json;results/fusion_v1/input_integrity_manifest.json
data/baseline_v1/cleaned/Wednesday-28-02-2018_TrafficForML_CICFlowMeter.parquet,f1634b9f95e837d851ea18e9810122b116d8eddc9b5caeb9c13c6c0c54f2781b,63378864,historical_match,results/baseline_v1/metrics/frozen_input_guard.json;results/baseline_v1/source_manifest.json;results/baseline_v1/split_plan.json;results/fusion_v1/input_integrity_manifest.json
data/baseline_v1/membership/test.parquet,c51988409cf084b0656f7985a2a51c44aac5944f357c01356e5c21b5999eb95b,6680503,historical_match,results/baseline_v1/metrics/frozen_input_guard.json;results/baseline_v1/split_plan.json;results/fusion_v1/input_integrity_manifest.json
data/baseline_v1/membership/train.parquet,3478533e80f58c092372361051d9f7b83199f284a5d57af2549f6d74051e9ecd,57142759,historical_match,results/baseline_v1/metrics/frozen_input_guard.json;results/baseline_v1/split_plan.json;results/fusion_v1/input_integrity_manifest.json
data/baseline_v1/membership/validation.parquet,2bdd932fb3155c492619faf9a01af18e6862b13e8b72225f61cc6ead36084f28,8267922,historical_match,results/baseline_v1/metrics/frozen_input_guard.json;results/baseline_v1/split_plan.json;results/fusion_v1/input_integrity_manifest.json
data/graph_v1/history_features.npy,065ffffe3816094046465b15da7864291b63cebd01ea83e2c4aab79cabc07e17,286154984,historical_match,results/graph_temporal_v1/metrics/phase6_hash_verification.json;results/graph_v1/metrics/data_manifest.json
data/graph_v1/metadata.parquet,c077ccf78e4e5d2310e4d47920b0585690a6f0099be66c77868ba8d063cc39f6,100517998,historical_match,results/graph_temporal_v1/metrics/phase6_hash_verification.json;results/graph_v1/metrics/data_manifest.json
data/graph_v1/target_features.npy,0ac3c12a3ced48033569d3e5929202b45d080478965be08704bca4ddc2be7021,151794368,historical_match,results/graph_temporal_v1/metrics/phase6_hash_verification.json;results/graph_v1/metrics/data_manifest.json
data/graph_v1/target_groups.json,7c6314fbae4fc768add0b9a52aa5e02b4eabe6f0b98541a62aa98cedfa8c4df5,89306,historical_match,results/graph_temporal_v1/metrics/phase6_hash_verification.json;results/graph_v1/metrics/data_manifest.json
data/graph_v1/target_ids.npy,06000e0c4b80de292acb824703ca446b1b71e8ac5a789c0d836a9038160c9664,3794984,historical_match,results/graph_temporal_v1/metrics/phase6_hash_verification.json;results/graph_v1/metrics/data_manifest.json
data/phase4_cache/test_diagnostics.npz,8a2c77bc8588e802b5ce18d9cce490e1ffe5096c69a8c19f2f6bd19731a650f0,132507,phase10_snapshot,
data/phase4_cache/train_float32.dat,37a9e9899647b0e61c2f4db4846f1b03a80fe67d8931af078ffcc5a556599d38,4094443520,phase10_snapshot,
data/phase4_cache/train_y_uint8.dat,bc36529299436f0c31eaf979f5419a401b8d7e7593f5ff95aed46290150e5ced,12795136,phase10_snapshot,
data/phase4_cache/training_cache.json,3fb437a0ac9667bc32babd5d3a06b615fff501c08d395f65082778d904e0d076,792,historical_match,results/temporal_v1/metrics/baseline_snapshot.json
data/phase4_cache/validation_diagnostics.npz,d8ee8050ca1f6cff4dc189a8cee430406763815e5d7142130d1df06d98e82a81,33629,phase10_snapshot,
data/raw/Processed Traffic Data for ML Algorithms/Friday-02-03-2018_TrafficForML_CICFlowMeter.csv,d96f38e7496aba83475031e6fb8c6fdf1abf6aa1b71325a917798f3c7de93de1,352368373,historical_match,results/baseline_v1/metrics/frozen_input_guard.json;results/baseline_v1/source_manifest.json;results/fusion_v1/input_integrity_manifest.json
data/raw/Processed Traffic Data for ML Algorithms/Friday-16-02-2018_TrafficForML_CICFlowMeter.csv,1a4919faa0c49c7af97230b0c2d076eba23ee6dd81103a3801d51ac316355d8b,333723605,historical_match,results/baseline_v1/metrics/frozen_input_guard.json;results/baseline_v1/source_manifest.json;results/fusion_v1/input_integrity_manifest.json
data/raw/Processed Traffic Data for ML Algorithms/Friday-23-02-2018_TrafficForML_CICFlowMeter.csv,d0a7f5059d9823b6e9b392b759e306481a3502d190dea7a1b5502ae079ea069b,382840456,historical_match,results/baseline_v1/metrics/frozen_input_guard.json;results/baseline_v1/source_manifest.json;results/fusion_v1/input_integrity_manifest.json
data/raw/Processed Traffic Data for ML Algorithms/Thuesday-20-02-2018_TrafficForML_CICFlowMeter.csv,7287a4d7740a1dddbf330ceb2beb6a4889d33ba63674558a68b5eb50d16711df,4054925350,historical_match,results/baseline_v1/metrics/frozen_input_guard.json;results/baseline_v1/source_manifest.json;results/fusion_v1/input_integrity_manifest.json;results/graph_temporal_v1/metrics/phase6_hash_verification.json;results/graph_v1/pre_split/proposed_split.json
data/raw/Processed Traffic Data for ML Algorithms/Thursday-01-03-2018_TrafficForML_CICFlowMeter.csv,b0534c5d7d8b41e03df71c6966c995d116a8ed28e61f377c8b14cdf5d28f4edf,107842858,historical_match,results/baseline_v1/metrics/frozen_input_guard.json;results/baseline_v1/source_manifest.json;results/fusion_v1/input_integrity_manifest.json
data/raw/Processed Traffic Data for ML Algorithms/Thursday-15-02-2018_TrafficForML_CICFlowMeter.csv,fa2947a8256d81ee9103ae16139d62d0e17aa23e696ee80d9e76fb51c01c9c4b,375945899,historical_match,results/baseline_v1/metrics/frozen_input_guard.json;results/baseline_v1/source_manifest.json;results/fusion_v1/input_integrity_manifest.json
data/raw/Processed Traffic Data for ML Algorithms/Thursday-22-02-2018_TrafficForML_CICFlowMeter.csv,da33c927018274f9d49b145baa00e4ce0526c25b3b890b34c489e247b5e24544,382636202,historical_match,results/baseline_v1/metrics/frozen_input_guard.json;results/baseline_v1/source_manifest.json;results/fusion_v1/input_integrity_manifest.json
data/raw/Processed Traffic Data for ML Algorithms/Wednesday-14-02-2018_TrafficForML_CICFlowMeter.csv,acff8bc61376ee031d80878ee6099e0b1a87a1bd711d8068298421418c9f8147,358223333,historical_match,results/baseline_v1/metrics/frozen_input_guard.json;results/baseline_v1/source_manifest.json;results/fusion_v1/input_integrity_manifest.json
data/raw/Processed Traffic Data for ML Algorithms/Wednesday-21-02-2018_TrafficForML_CICFlowMeter.csv,a5f4a1c2689e0aa6566c03a58466de9c407c0be0cbd3cc69306544026611be04,328893673,historical_match,results/baseline_v1/metrics/frozen_input_guard.json;results/baseline_v1/source_manifest.json;results/fusion_v1/input_integrity_manifest.json
data/raw/Processed Traffic Data for ML Algorithms/Wednesday-28-02-2018_TrafficForML_CICFlowMeter.csv,f15e2a12304446058a0186c8ad67de2bd15735a9ba5c70c9a1f4c4242ab06771,209249758,historical_match,results/baseline_v1/metrics/frozen_input_guard.json;results/baseline_v1/source_manifest.json;results/fusion_v1/input_integrity_manifest.json
docs/BASELINE_PIPELINE.md,8000d7ed45eb4d66999abf09ba2b7f02dea2b17c26e6753384d81c5888ba24f2,10538,phase10_snapshot,
docs/phase1_audit_history.md,f5d586968ab6f5324434afa6a85907ed66d061c3b2e323b439699e63b82b9c7c,31169,phase10_snapshot,
docs/phase4_seed42.md,f45fd2df574cffc2e86a9e8d06253cec83a0f4fd8a2b7e39dedf873103a70233,4628,phase10_snapshot,
docs/phase4a_diagnostics.md,24d136cf698bce91d51c02ee0e091b131a4354edf5681d2b156fda9084877642,2389,phase10_snapshot,
docs/phase5_temporal.md,75fe00894de9683ba17d1f92436fd57ed011ba7bf75813c5c744ad75938bcb89,1752,phase10_snapshot,
docs/phase6_graph.md,fc12bb0961b918d6ab65212be851018db7d0b7fd68e1177c70f75cf91448920d,3128,phase10_snapshot,
docs/phase7_anomaly.md,795b5e6a811911f9c039879840a848325551ac8ee69fa9e8541b69158197bdca,2700,phase10_snapshot,
docs/phase8_fusion.md,edbb70bce3fbc79b85ea5811c623be24c7cf9e62b0fd2343c1b0e092a2538947,1215,phase10_snapshot,
docs/phase9_graph_temporal.md,dcda1cd217b098c409c052b9352d7d6e640642bdbf0034a8a30bc7cacae6b963,2054,phase10_snapshot,
requirements-baseline.txt,641917b3799e77a071a0b4f1b22a9910f897c69fb3ef12b137862767fa0caf26,141,phase10_snapshot,
requirements-phase4.txt,0173addad40b539787f434595e95e0a4ad6f176931f6e350f349dca3f0359464,233,phase10_snapshot,
requirements.txt,27e6e0966a92d5014000a0b319ec31a515e76c8014614f863c32c9548ae32af9,92,phase10_snapshot,
results/anomaly_v1/anomaly_score_summary.csv,c4ef6f066ad418db57d59e851c5071765c042c04e4930110e130d9f035f4be90,2167,historical_match,results/fusion_v1/input_integrity_manifest.json;results/graph_temporal_v1/metrics/protected_artifacts.json
results/anomaly_v1/anomaly_training_manifest.json,4ec35d2b3e78ea32a356d7e78b70232b180aef6925ecf4499cb83bef01e5569a,2457,historical_match,results/fusion_v1/input_integrity_manifest.json;results/graph_temporal_v1/metrics/protected_artifacts.json
results/anomaly_v1/attack_family_diagnostics.csv,b4e711f806fc61e025ae00b094e7216020c74036072cf31c7ac67a0df60c9a87,11244,historical_match,results/fusion_v1/input_integrity_manifest.json;results/graph_temporal_v1/metrics/protected_artifacts.json
results/anomaly_v1/benign_only_thresholds.csv,8a2ac8543cb16bf3e707188c544d6a16eeec83a43e2e289f4139d5bd79839b74,1096,historical_match,results/fusion_v1/input_integrity_manifest.json;results/graph_temporal_v1/metrics/protected_artifacts.json
results/anomaly_v1/configs/autoencoder_A.json,f5831a3b1a386bdb7930cfa9bcc96eb69350fd386768241948ae5dd46846f9b1,182,historical_match,results/fusion_v1/input_integrity_manifest.json;results/graph_temporal_v1/metrics/protected_artifacts.json
results/anomaly_v1/configs/autoencoder_B.json,9d002b4ec0b2c5b07b40b61e1ff782d5bcc51d1587d17c76fb80d69a614d8ba3,164,historical_match,results/fusion_v1/input_integrity_manifest.json;results/graph_temporal_v1/metrics/protected_artifacts.json
results/anomaly_v1/configs/benign_only_threshold_lock.json,246097f2eb8aa5cb49e408fc9df6bce8f6fe96c753df89aee25322d4e56e7329,4132,historical_match,results/fusion_v1/input_integrity_manifest.json;results/graph_temporal_v1/metrics/protected_artifacts.json
results/anomaly_v1/configs/isolation_forest.json,e1a7f8f0be98f03411e5182d07a13ec4607bee5c9e62c6f6fa30180b9d61fad2,431,historical_match,results/fusion_v1/input_integrity_manifest.json;results/graph_temporal_v1/metrics/protected_artifacts.json
results/anomaly_v1/configs/label_aware_threshold_lock.json,9ac4b467336953713b516e12ab981b80b7f1610bf4296e09b7d3a20cdffbde09,1226,historical_match,results/fusion_v1/input_integrity_manifest.json;results/graph_temporal_v1/metrics/protected_artifacts.json
results/anomaly_v1/configs/protocol.json,923a58291ca8ad9ebfedfacec03caf08b0fec98d811730c03a6073bfe3295b83,1631,historical_match,results/anomaly_v1/anomaly_training_manifest.json;results/anomaly_v1/metrics/autoencoder_A_training.json;results/anomaly_v1/metrics/autoencoder_B_training.json;results/anomaly_v1/metrics/isolation_forest_training.json;results/fusion_v1/input_integrity_manifest.json;results/graph_temporal_v1/metrics/protected_artifacts.json
results/anomaly_v1/development_search.csv,e4f5deaa7a19740bdefc83a18caf45b6b6d09be0620300d31a85f83579253b18,306,historical_match,results/fusion_v1/input_integrity_manifest.json;results/graph_temporal_v1/metrics/protected_artifacts.json
results/anomaly_v1/figures/autoencoder_B_score_ecdf.png,75c68a74c12bdc559bc51c834163e5aa2d9b71e400e41cccdb643f9df229a984,50898,historical_match,results/fusion_v1/input_integrity_manifest.json;results/graph_temporal_v1/metrics/protected_artifacts.json
results/anomaly_v1/figures/autoencoder_B_score_histograms.png,d3477386f2ae05da49c6eaaddb797e50faadf69890e6bcd4673a1cb8e79239b4,60685,historical_match,results/fusion_v1/input_integrity_manifest.json;results/graph_temporal_v1/metrics/protected_artifacts.json
results/anomaly_v1/figures/isolation_forest_score_ecdf.png,267c6ac915ee64fefa618d08a7d1f31863c12b894b2ccf5e833f1342b409e5de,97199,historical_match,results/fusion_v1/input_integrity_manifest.json;results/graph_temporal_v1/metrics/protected_artifacts.json
results/anomaly_v1/figures/isolation_forest_score_histograms.png,c17eb8859e3149e9783e856a1fe00a3d60220f2128dfdf8bc92445fdcd346313,70269,historical_match,results/fusion_v1/input_integrity_manifest.json;results/graph_temporal_v1/metrics/protected_artifacts.json
results/anomaly_v1/figures/supervised_vs_anomaly.png,0c662ea2e89a360d3e4de0f015ed150dbed3c7d08d11848769e8eaf4f3d978e4,51648,historical_match,results/fusion_v1/input_integrity_manifest.json;results/graph_temporal_v1/metrics/protected_artifacts.json
results/anomaly_v1/integrity_report.md,9e40a62226d2a67b830aaa17db0871eb30a046772812644278ded1f58fda9c8d,925,historical_match,results/fusion_v1/input_integrity_manifest.json;results/graph_temporal_v1/metrics/protected_artifacts.json
results/anomaly_v1/label_aware_thresholds.csv,7bf18d2a98a3d753e8109f8a571efb13c46239dafc718859da69fb33a5cea3ec,307,historical_match,results/fusion_v1/input_integrity_manifest.json;results/graph_temporal_v1/metrics/protected_artifacts.json
results/anomaly_v1/metrics/autoencoder_A_benign_validation.npy,9a73d031110b3dd1332bd7bbb3f53bea45c6c3716bfb9722fc0d0416046e0447,12668288,historical_match,results/fusion_v1/input_integrity_manifest.json;results/graph_temporal_v1/metrics/protected_artifacts.json
results/anomaly_v1/metrics/autoencoder_A_history.json,a7c33b3e12d7b234d160c17b5e3d8923ca8220c3b291b25be01fcc40fcfd6831,706,historical_match,results/fusion_v1/input_integrity_manifest.json;results/graph_temporal_v1/metrics/protected_artifacts.json
results/anomaly_v1/metrics/autoencoder_A_training.json,f627620ef51af053b6f203ae1e2ec12c379db792ed03d4e815b6452ea83aa74c,1132,historical_match,results/fusion_v1/input_integrity_manifest.json;results/graph_temporal_v1/metrics/protected_artifacts.json
results/anomaly_v1/metrics/autoencoder_B_benign_validation.npy,92130e6e154f3af735de14a42a967e111659b92fc6edc524e75f3da302b806ee,12668288,historical_match,results/fusion_v1/input_integrity_manifest.json;results/graph_temporal_v1/metrics/protected_artifacts.json
results/anomaly_v1/metrics/autoencoder_B_history.json,7948596205972b5ea31d3faf3aaa261139bad3abf3cc1808b2279d7cdcc4091f,707,historical_match,results/fusion_v1/input_integrity_manifest.json;results/graph_temporal_v1/metrics/protected_artifacts.json
results/anomaly_v1/metrics/autoencoder_B_scoring.json,00f930eced030c11902f3972c24a2ffe43ba461103e25cfbcbfd6f9409793b6c,1765,historical_match,results/fusion_v1/input_integrity_manifest.json;results/graph_temporal_v1/metrics/protected_artifacts.json
results/anomaly_v1/metrics/autoencoder_B_test_scores.npy,c5d69e0690a4c1d80a46d62bda1e09105aba6d2a6521bf641fd1b57e2151ab9b,10993272,historical_match,results/anomaly_v1/metrics/autoencoder_B_scoring.json;results/fusion_v1/input_integrity_manifest.json;results/graph_temporal_v1/metrics/protected_artifacts.json
results/anomaly_v1/metrics/autoencoder_B_train_benign_scores.npy,bf718a436a5a6d7ae6ab4828d34c04da41cc04422e200cebc93545d704d060ff,87085272,historical_match,results/anomaly_v1/metrics/autoencoder_B_scoring.json;results/fusion_v1/input_integrity_manifest.json;results/graph_temporal_v1/metrics/protected_artifacts.json
results/anomaly_v1/metrics/autoencoder_B_training.json,9c74b45806a96998d68161391fb118e33ff6d00646f03b83024e9a76295170ff,1111,historical_match,results/fusion_v1/input_integrity_manifest.json;results/graph_temporal_v1/metrics/protected_artifacts.json
results/anomaly_v1/metrics/autoencoder_B_validation_scores.npy,01b23efe6f9d70e341205c6933fd8bbf8c829495d11c4540c1d7653cff921dee,13223672,historical_match,results/anomaly_v1/metrics/autoencoder_B_scoring.json;results/fusion_v1/input_integrity_manifest.json;results/graph_temporal_v1/metrics/protected_artifacts.json
results/anomaly_v1/metrics/frozen_artifacts.json,79100f9f0b03bc642c7b1290c5c7d05cf6fb855db5391dbdaa629997d97cd36d,84711,historical_match,results/fusion_v1/input_integrity_manifest.json;results/graph_temporal_v1/metrics/protected_artifacts.json
results/anomaly_v1/metrics/integrity_verification.json,648425c0b2f8a9a25cc90b6269031d0c8c5fd840ea118d77e12c0355180dd76a,1706,historical_match,results/fusion_v1/input_integrity_manifest.json;results/graph_temporal_v1/metrics/protected_artifacts.json
results/anomaly_v1/metrics/isolation_forest_benign_validation.npy,b2f479159fc222e8cd71a3ea6da5a31ce147d0428be190fce8f2c0d0c49def47,12668288,historical_match,results/fusion_v1/input_integrity_manifest.json;results/graph_temporal_v1/metrics/protected_artifacts.json
results/anomaly_v1/metrics/isolation_forest_scoring.json,17880515e2dc69b1c2d8bcc9e6caceff8627f483a1f7e5739d3f4389daa8b478,1757,historical_match,results/fusion_v1/input_integrity_manifest.json;results/graph_temporal_v1/metrics/protected_artifacts.json
results/anomaly_v1/metrics/isolation_forest_test_scores.npy,cdfead530ad7f30cafd8e085e3e03a2a3b107b5cea08644f7fe029a6f4a62f85,10993272,historical_match,results/anomaly_v1/metrics/isolation_forest_scoring.json;results/fusion_v1/input_integrity_manifest.json;results/graph_temporal_v1/metrics/protected_artifacts.json
results/anomaly_v1/metrics/isolation_forest_train_benign_scores.npy,ebfeba75e217d86a1b9b81f4f60f33335560808fb79f423fd8f0abfa4f62d795,87085272,historical_match,results/anomaly_v1/metrics/isolation_forest_scoring.json;results/fusion_v1/input_integrity_manifest.json;results/graph_temporal_v1/metrics/protected_artifacts.json
results/anomaly_v1/metrics/isolation_forest_training.json,6c6448717ef087b627a4b2baba4a14dbf127067aee6623c647464d451932c8f8,1354,historical_match,results/fusion_v1/input_integrity_manifest.json;results/graph_temporal_v1/metrics/protected_artifacts.json
results/anomaly_v1/metrics/isolation_forest_validation_scores.npy,5051bcf5d2e131e87b1ac2d57b68efe31e3f216da4536bfcde2c32caba37bf98,13223672,historical_match,results/anomaly_v1/metrics/isolation_forest_scoring.json;results/fusion_v1/input_integrity_manifest.json;results/graph_temporal_v1/metrics/protected_artifacts.json
results/anomaly_v1/models/autoencoder_A.pt,292f49dd1cde3a278836da34a81af20de032a51020475286c58af2aed0f49de3,170386,historical_match,results/anomaly_v1/metrics/autoencoder_A_training.json;results/fusion_v1/input_integrity_manifest.json;results/graph_temporal_v1/metrics/protected_artifacts.json
results/anomaly_v1/models/autoencoder_B.pt,1886ff61e1814b51ffc0a47e71ed9bdc9c41b814f0cbeea74e7344b0ec871993,119496,historical_match,results/anomaly_v1/configs/benign_only_threshold_lock.json;results/anomaly_v1/metrics/autoencoder_B_training.json;results/fusion_v1/input_integrity_manifest.json;results/graph_temporal_v1/metrics/protected_artifacts.json
results/anomaly_v1/models/isolation_forest.joblib,0dc81905ed4fbde1e172acaaf39e4612f23cafa9ad080d54a48194da12efa1b1,921101,historical_match,results/anomaly_v1/configs/benign_only_threshold_lock.json;results/anomaly_v1/metrics/isolation_forest_training.json;results/fusion_v1/input_integrity_manifest.json;results/graph_temporal_v1/metrics/protected_artifacts.json
results/anomaly_v1/phase7_results_summary.md,c8047e9c4f106554a3c111c21ca58fb68b598933dcb90e8c8ac1598ea6c93aca,11600,historical_match,results/fusion_v1/input_integrity_manifest.json;results/graph_temporal_v1/metrics/protected_artifacts.json
results/anomaly_v1/runtime_metrics.csv,fd59eee6149cd5eefe3ecab24c2aa3212bcec4e4faf915c28cf97e508b5799c4,1224,historical_match,results/fusion_v1/input_integrity_manifest.json;results/graph_temporal_v1/metrics/protected_artifacts.json
results/anomaly_v1/selected_autoencoder.json,68dca28e0b847c8d84d61e6f7865a7e5987063f52aa182db10edacfbee6b4e89,419,historical_match,results/fusion_v1/input_integrity_manifest.json;results/graph_temporal_v1/metrics/protected_artifacts.json
results/anomaly_v1/supervised_vs_anomaly_comparison.csv,45ece62bd23bff3dbf3051814e9ebd66943dcfff42ad49d40321db269e1a064f,1532,historical_match,results/fusion_v1/input_integrity_manifest.json;results/graph_temporal_v1/metrics/protected_artifacts.json
results/anomaly_v1/test_metrics.csv,2867027fe81955826e022b603712731879356b1f92f277a93b62d3a57e79b343,4473,historical_match,results/fusion_v1/input_integrity_manifest.json;results/graph_temporal_v1/metrics/protected_artifacts.json
results/anomaly_v1/validation_metrics.csv,f1146ce6519aba23b6184b0b91280911d4fc11fdf03ceb8119735dafc58f8ee0,4549,historical_match,results/fusion_v1/input_integrity_manifest.json;results/graph_temporal_v1/metrics/protected_artifacts.json
results/baseline_v1/baseline_preparation_report.md,8dc800df3b7bc8c6e8c58d000a4afc0920b8db38c07ff30e810c3dbeda27ae22,4798,historical_match,results/anomaly_v1/metrics/frozen_artifacts.json;results/baseline_v1/diagnostics/input_integrity_manifest.json;results/baseline_v1/metrics/frozen_input_guard.json;results/fusion_v1/input_integrity_manifest.json;results/graph_temporal_v1/metrics/protected_artifacts.json;results/graph_v1/metrics/frozen_artifacts.json;results/temporal_v1/metrics/baseline_snapshot.json
results/baseline_v1/baseline_results_summary.md,18cca4fee3a6bdfa3f19dbe16b753b547c58b72c3757f86d7dbd22fadeef5e26,7708,historical_match,results/anomaly_v1/metrics/frozen_artifacts.json;results/baseline_v1/diagnostics/input_integrity_manifest.json;results/fusion_v1/input_integrity_manifest.json;results/graph_temporal_v1/metrics/protected_artifacts.json;results/graph_v1/metrics/frozen_artifacts.json;results/temporal_v1/metrics/baseline_snapshot.json
results/baseline_v1/cleaning_audit.csv,46e39ad4996440f14a141132ff0bac8e9d71c9739958672cb04a36d4f70f14b3,62245339,historical_match,results/anomaly_v1/metrics/frozen_artifacts.json;results/baseline_v1/diagnostics/input_integrity_manifest.json;results/baseline_v1/metrics/frozen_input_guard.json;results/fusion_v1/input_integrity_manifest.json;results/graph_temporal_v1/metrics/protected_artifacts.json;results/graph_v1/metrics/frozen_artifacts.json;results/temporal_v1/metrics/baseline_snapshot.json
results/baseline_v1/cleaning_cell_audit.csv,1e5c8e0796044229b4ed2e853e492bdf24ecd84efb87a3fd4ac140d78cf0afcd,72751,historical_match,results/anomaly_v1/metrics/frozen_artifacts.json;results/baseline_v1/diagnostics/input_integrity_manifest.json;results/baseline_v1/metrics/frozen_input_guard.json;results/fusion_v1/input_integrity_manifest.json;results/graph_temporal_v1/metrics/protected_artifacts.json;results/graph_v1/metrics/frozen_artifacts.json;results/temporal_v1/metrics/baseline_snapshot.json
results/baseline_v1/cleaning_summary.csv,7f0bf6f8523c1c0fd35c2b63c9884c4486c56c27c7d04879fe6bd596a27ad747,1153,historical_match,results/anomaly_v1/metrics/frozen_artifacts.json;results/baseline_v1/diagnostics/input_integrity_manifest.json;results/baseline_v1/metrics/frozen_input_guard.json;results/fusion_v1/input_integrity_manifest.json;results/graph_temporal_v1/metrics/protected_artifacts.json;results/graph_v1/metrics/frozen_artifacts.json;results/temporal_v1/metrics/baseline_snapshot.json
results/baseline_v1/diagnostics/bot_analysis.csv,f6e21e711dbf94228de19b395feaa87abd37911ea33570457eedbc73393a938d,5557,historical_match,results/anomaly_v1/metrics/frozen_artifacts.json;results/fusion_v1/input_integrity_manifest.json;results/graph_temporal_v1/metrics/protected_artifacts.json;results/graph_v1/metrics/frozen_artifacts.json;results/temporal_v1/metrics/baseline_snapshot.json
results/baseline_v1/diagnostics/calibration_bins.csv,6df7e3310e5c2a25d743c00e6886dd1f2496a0d4b410f5ace59bc818896063b8,5488,historical_match,results/anomaly_v1/metrics/frozen_artifacts.json;results/fusion_v1/input_integrity_manifest.json;results/graph_temporal_v1/metrics/protected_artifacts.json;results/graph_v1/metrics/frozen_artifacts.json;results/temporal_v1/metrics/baseline_snapshot.json
results/baseline_v1/diagnostics/calibration_metrics.csv,8854cb20b3881fb6eef3a47559100bf818dc2835586d303273fa1bc4288ed3aa,956,historical_match,results/anomaly_v1/metrics/frozen_artifacts.json;results/fusion_v1/input_integrity_manifest.json;results/graph_temporal_v1/metrics/protected_artifacts.json;results/graph_v1/metrics/frozen_artifacts.json;results/temporal_v1/metrics/baseline_snapshot.json
results/baseline_v1/diagnostics/family_feature_shift.csv,9bcb80de53de89cf7198de612965b972b61e560494c55928544adbaff091e990,202287,historical_match,results/anomaly_v1/metrics/frozen_artifacts.json;results/fusion_v1/input_integrity_manifest.json;results/graph_temporal_v1/metrics/protected_artifacts.json;results/graph_v1/metrics/frozen_artifacts.json;results/temporal_v1/metrics/baseline_snapshot.json
results/baseline_v1/diagnostics/family_ranking_diagnostics.csv,45893e83e431f64a9817803bc9cc90c8c60f00cbcaf1894c19875e8b0e73f976,1284,historical_match,results/anomaly_v1/metrics/frozen_artifacts.json;results/fusion_v1/input_integrity_manifest.json;results/graph_temporal_v1/metrics/protected_artifacts.json;results/graph_v1/metrics/frozen_artifacts.json;results/temporal_v1/metrics/baseline_snapshot.json
results/baseline_v1/diagnostics/family_shift_against_both_rankings.csv,d8619d93348a6357fe1b6419b9f3fda77a9004e386f306d6317e2af36935ba16,29188,historical_match,results/anomaly_v1/metrics/frozen_artifacts.json;results/fusion_v1/input_integrity_manifest.json;results/graph_temporal_v1/metrics/protected_artifacts.json;results/graph_v1/metrics/frozen_artifacts.json;results/temporal_v1/metrics/baseline_snapshot.json
results/baseline_v1/diagnostics/feature_checkpoints/000.json,486bf54c3797327e8132c470c81db44cd96ccfab6a31f48d48077649bf793e28,14451,historical_match,results/anomaly_v1/metrics/frozen_artifacts.json;results/fusion_v1/input_integrity_manifest.json;results/graph_temporal_v1/metrics/protected_artifacts.json;results/graph_v1/metrics/frozen_artifacts.json;results/temporal_v1/metrics/baseline_snapshot.json
results/baseline_v1/diagnostics/feature_checkpoints/001.json,00d8b492a073674ba9f7f1be07c6f45831ef8c3fa60a8102f03427f1a99d719c,15034,historical_match,results/anomaly_v1/metrics/frozen_artifacts.json;results/fusion_v1/input_integrity_manifest.json;results/graph_temporal_v1/metrics/protected_artifacts.json;results/graph_v1/metrics/frozen_artifacts.json;results/temporal_v1/metrics/baseline_snapshot.json
results/baseline_v1/diagnostics/feature_checkpoints/002.json,a330916c5020faa11917aa3a4f32e2107c35a9ed995c8c142ce1e190f8c18487,14086,historical_match,results/anomaly_v1/metrics/frozen_artifacts.json;results/fusion_v1/input_integrity_manifest.json;results/graph_temporal_v1/metrics/protected_artifacts.json;results/graph_v1/metrics/frozen_artifacts.json;results/temporal_v1/metrics/baseline_snapshot.json
results/baseline_v1/diagnostics/feature_checkpoints/003.json,f19cfad55beed8fc2a438cffb36b08477250b7920f7b90c5d9c862eec6a6b1d4,14062,historical_match,results/anomaly_v1/metrics/frozen_artifacts.json;results/fusion_v1/input_integrity_manifest.json;results/graph_temporal_v1/metrics/protected_artifacts.json;results/graph_v1/metrics/frozen_artifacts.json;results/temporal_v1/metrics/baseline_snapshot.json
results/baseline_v1/diagnostics/feature_checkpoints/004.json,ccb5eb7e415f5830cd153d0c6ca992faad068bb6d96f8e046ac0baf2b574aa5a,14384,historical_match,results/anomaly_v1/metrics/frozen_artifacts.json;results/fusion_v1/input_integrity_manifest.json;results/graph_temporal_v1/metrics/protected_artifacts.json;results/graph_v1/metrics/frozen_artifacts.json;results/temporal_v1/metrics/baseline_snapshot.json
results/baseline_v1/diagnostics/feature_checkpoints/005.json,322b8a1e56bdf6d43f0cc2ac2a95c88592c07589c7b807b00513c2a809b4d8ed,14499,historical_match,results/anomaly_v1/metrics/frozen_artifacts.json;results/fusion_v1/input_integrity_manifest.json;results/graph_temporal_v1/metrics/protected_artifacts.json;results/graph_v1/metrics/frozen_artifacts.json;results/temporal_v1/metrics/baseline_snapshot.json
results/baseline_v1/diagnostics/feature_checkpoints/006.json,1a79c7ab875a9fb2fa6c587cf82f23aec7a4730c8b580f93bc8b9c42148c23b7,14284,historical_match,results/anomaly_v1/metrics/frozen_artifacts.json;results/fusion_v1/input_integrity_manifest.json;results/graph_temporal_v1/metrics/protected_artifacts.json;results/graph_v1/metrics/frozen_artifacts.json;results/temporal_v1/metrics/baseline_snapshot.json
results/baseline_v1/diagnostics/feature_checkpoints/007.json,b2d08398ad48ba13b000fc627681fb82b27ae02ffe806b6a0027d3e5a66d006c,14150,historical_match,results/anomaly_v1/metrics/frozen_artifacts.json;results/fusion_v1/input_integrity_manifest.json;results/graph_temporal_v1/metrics/protected_artifacts.json;results/graph_v1/metrics/frozen_artifacts.json;results/temporal_v1/metrics/baseline_snapshot.json
results/baseline_v1/diagnostics/feature_checkpoints/008.json,d08bef7eb9a7904222b1cbff8e678b91ff0e12a6f98897c63e708a89e4c216a1,14644,historical_match,results/anomaly_v1/metrics/frozen_artifacts.json;results/fusion_v1/input_integrity_manifest.json;results/graph_temporal_v1/metrics/protected_artifacts.json;results/graph_v1/metrics/frozen_artifacts.json;results/temporal_v1/metrics/baseline_snapshot.json
results/baseline_v1/diagnostics/feature_checkpoints/009.json,fbd0bca5f042de9012ab2d05bb9b9ee54cf5744fbd2d325786878279f4981e31,14922,historical_match,results/anomaly_v1/metrics/frozen_artifacts.json;results/fusion_v1/input_integrity_manifest.json;results/graph_temporal_v1/metrics/protected_artifacts.json;results/graph_v1/metrics/frozen_artifacts.json;results/temporal_v1/metrics/baseline_snapshot.json
results/baseline_v1/diagnostics/feature_checkpoints/010.json,2002489a62f94a6d5f95448c955cbe9d44615fcbb0bb14dcc0fc4658ab1f6bc4,14333,historical_match,results/anomaly_v1/metrics/frozen_artifacts.json;results/fusion_v1/input_integrity_manifest.json;results/graph_temporal_v1/metrics/protected_artifacts.json;results/graph_v1/metrics/frozen_artifacts.json;results/temporal_v1/metrics/baseline_snapshot.json
results/baseline_v1/diagnostics/feature_checkpoints/011.json,a4ab6f470e23a25d5ab7d9813a323f5cdfc07b74a8bb1e33c87e15178458afcd,13977,historical_match,results/anomaly_v1/metrics/frozen_artifacts.json;results/fusion_v1/input_integrity_manifest.json;results/graph_temporal_v1/metrics/protected_artifacts.json;results/graph_v1/metrics/frozen_artifacts.json;results/temporal_v1/metrics/baseline_snapshot.json
results/baseline_v1/diagnostics/feature_checkpoints/012.json,0f458a9a8a343f2a9e36e2fb65ec4dc3d6eb370634acbbcb1ee7ef1cc143b512,14647,historical_match,results/anomaly_v1/metrics/frozen_artifacts.json;results/fusion_v1/input_integrity_manifest.json;results/graph_temporal_v1/metrics/protected_artifacts.json;results/graph_v1/metrics/frozen_artifacts.json;results/temporal_v1/metrics/baseline_snapshot.json
results/baseline_v1/diagnostics/feature_checkpoints/013.json,a42f6dcc484abec77084d023597934ff8ce104221abb529f3de6a7f7bf8a0066,14762,historical_match,results/anomaly_v1/metrics/frozen_artifacts.json;results/fusion_v1/input_integrity_manifest.json;results/graph_temporal_v1/metrics/protected_artifacts.json;results/graph_v1/metrics/frozen_artifacts.json;results/temporal_v1/metrics/baseline_snapshot.json
results/baseline_v1/diagnostics/feature_checkpoints/014.json,2256f22a8f24d7b8cdef13ebe928d15c864620373bc290a87610b2caaeb13a48,15729,historical_match,results/anomaly_v1/metrics/frozen_artifacts.json;results/fusion_v1/input_integrity_manifest.json;results/graph_temporal_v1/metrics/protected_artifacts.json;results/graph_v1/metrics/frozen_artifacts.json;results/temporal_v1/metrics/baseline_snapshot.json
results/baseline_v1/diagnostics/feature_checkpoints/015.json,dfd477047de6565428962f6ab26e44c13ea73268e296157c694737d9e3b2ef5a,16175,historical_match,results/anomaly_v1/metrics/frozen_artifacts.json;results/fusion_v1/input_integrity_manifest.json;results/graph_temporal_v1/metrics/protected_artifacts.json;results/graph_v1/metrics/frozen_artifacts.json;results/temporal_v1/metrics/baseline_snapshot.json
results/baseline_v1/diagnostics/feature_checkpoints/016.json,7a9d4514351172b7a7ad42ce76aeda6c01c36c65d35cf901ead2a159eb64d27d,15180,historical_match,results/anomaly_v1/metrics/frozen_artifacts.json;results/fusion_v1/input_integrity_manifest.json;results/graph_temporal_v1/metrics/protected_artifacts.json;results/graph_v1/metrics/frozen_artifacts.json;results/temporal_v1/metrics/baseline_snapshot.json
results/baseline_v1/diagnostics/feature_checkpoints/017.json,08b3f681f9b3b80ef0183649638d52dc2b414e4225a1d4e63721f52e48542924,15304,historical_match,results/anomaly_v1/metrics/frozen_artifacts.json;results/fusion_v1/input_integrity_manifest.json;results/graph_temporal_v1/metrics/protected_artifacts.json;results/graph_v1/metrics/frozen_artifacts.json;results/temporal_v1/metrics/baseline_snapshot.json
results/baseline_v1/diagnostics/feature_checkpoints/018.json,3596d8f8db7f40517957ec063d787a8d3463d5effccb3f7366e956bbec64d3ac,14874,historical_match,results/anomaly_v1/metrics/frozen_artifacts.json;results/fusion_v1/input_integrity_manifest.json;results/graph_temporal_v1/metrics/protected_artifacts.json;results/graph_v1/metrics/frozen_artifacts.json;results/temporal_v1/metrics/baseline_snapshot.json
results/baseline_v1/diagnostics/feature_checkpoints/019.json,d151b2423f09f269300a8bbe1ce537e759a5282a2e5b43627854e3bb141d60c0,14603,historical_match,results/anomaly_v1/metrics/frozen_artifacts.json;results/fusion_v1/input_integrity_manifest.json;results/graph_temporal_v1/metrics/protected_artifacts.json;results/graph_v1/metrics/frozen_artifacts.json;results/temporal_v1/metrics/baseline_snapshot.json
results/baseline_v1/diagnostics/feature_checkpoints/020.json,fe522a2becb4ae342f4cf8888a08e695ee150eec04de442bbc30e35ea9186f29,14652,historical_match,results/anomaly_v1/metrics/frozen_artifacts.json;results/fusion_v1/input_integrity_manifest.json;results/graph_temporal_v1/metrics/protected_artifacts.json;results/graph_v1/metrics/frozen_artifacts.json;results/temporal_v1/metrics/baseline_snapshot.json
results/baseline_v1/diagnostics/feature_checkpoints/021.json,af281e84b44a808c20d827b3fe38899064f2e86b8870eff6605d7c5881d4dd55,14986,historical_match,results/anomaly_v1/metrics/frozen_artifacts.json;results/fusion_v1/input_integrity_manifest.json;results/graph_temporal_v1/metrics/protected_artifacts.json;results/graph_v1/metrics/frozen_artifacts.json;results/temporal_v1/metrics/baseline_snapshot.json
results/baseline_v1/diagnostics/feature_checkpoints/022.json,d993e5048c284ad14442731f224c21fcaef9170401bce4784ffd8bc56d34b859,15041,historical_match,results/anomaly_v1/metrics/frozen_artifacts.json;results/fusion_v1/input_integrity_manifest.json;results/graph_temporal_v1/metrics/protected_artifacts.json;results/graph_v1/metrics/frozen_artifacts.json;results/temporal_v1/metrics/baseline_snapshot.json
results/baseline_v1/diagnostics/feature_checkpoints/023.json,e5ee53b5a559f39e3ce373f4fb2b822fc042734dfc977dd8f129b39c3ea6ab1a,14672,historical_match,results/anomaly_v1/metrics/frozen_artifacts.json;results/fusion_v1/input_integrity_manifest.json;results/graph_temporal_v1/metrics/protected_artifacts.json;results/graph_v1/metrics/frozen_artifacts.json;results/temporal_v1/metrics/baseline_snapshot.json
results/baseline_v1/diagnostics/feature_checkpoints/024.json,f8ce7921c034612b3ed7c344ea11a2a17329b507b225cacf205ffe639def298f,14610,historical_match,results/anomaly_v1/metrics/frozen_artifacts.json;results/fusion_v1/input_integrity_manifest.json;results/graph_temporal_v1/metrics/protected_artifacts.json;results/graph_v1/metrics/frozen_artifacts.json;results/temporal_v1/metrics/baseline_snapshot.json
results/baseline_v1/diagnostics/feature_checkpoints/025.json,5da8d13dd99f366cda0387c5acf27ba07a82597c422eac47b3520967c3f3b371,14749,historical_match,results/anomaly_v1/metrics/frozen_artifacts.json;results/fusion_v1/input_integrity_manifest.json;results/graph_temporal_v1/metrics/protected_artifacts.json;results/graph_v1/metrics/frozen_artifacts.json;results/temporal_v1/metrics/baseline_snapshot.json
results/baseline_v1/diagnostics/feature_checkpoints/026.json,65a98636afda68781d4d07ab90ba6569c1a392b50fe301d6bf7bd8d8858ac619,14929,historical_match,results/anomaly_v1/metrics/frozen_artifacts.json;results/fusion_v1/input_integrity_manifest.json;results/graph_temporal_v1/metrics/protected_artifacts.json;results/graph_v1/metrics/frozen_artifacts.json;results/temporal_v1/metrics/baseline_snapshot.json
results/baseline_v1/diagnostics/feature_checkpoints/027.json,2e2bc44d1fc5f45f3a4e896523e91512ce91d70cefb843b6bebdcd30ada25563,14987,historical_match,results/anomaly_v1/metrics/frozen_artifacts.json;results/fusion_v1/input_integrity_manifest.json;results/graph_temporal_v1/metrics/protected_artifacts.json;results/graph_v1/metrics/frozen_artifacts.json;results/temporal_v1/metrics/baseline_snapshot.json
results/baseline_v1/diagnostics/feature_checkpoints/028.json,807c0551406517286ab638e899c4092eb1de42d86eec3a978e792c0886d5bb1e,14690,historical_match,results/anomaly_v1/metrics/frozen_artifacts.json;results/fusion_v1/input_integrity_manifest.json;results/graph_temporal_v1/metrics/protected_artifacts.json;results/graph_v1/metrics/frozen_artifacts.json;results/temporal_v1/metrics/baseline_snapshot.json
results/baseline_v1/diagnostics/feature_checkpoints/029.json,633d99c4f92ab081e33041d359c6f70b52aa69ca66945af011cdd373aaf5f4d0,14478,historical_match,results/anomaly_v1/metrics/frozen_artifacts.json;results/fusion_v1/input_integrity_manifest.json;results/graph_temporal_v1/metrics/protected_artifacts.json;results/graph_v1/metrics/frozen_artifacts.json;results/temporal_v1/metrics/baseline_snapshot.json
results/baseline_v1/diagnostics/feature_checkpoints/030.json,c53cf267a4264acd048718b3287265c91d657ba2df330b7050d2fa47b53e5887,14037,historical_match,results/anomaly_v1/metrics/frozen_artifacts.json;results/fusion_v1/input_integrity_manifest.json;results/graph_temporal_v1/metrics/protected_artifacts.json;results/graph_v1/metrics/frozen_artifacts.json;results/temporal_v1/metrics/baseline_snapshot.json
results/baseline_v1/diagnostics/feature_checkpoints/031.json,149343c9db8c7c5b6aaa137dbb46e2076d41ec7806fd4e1c27e339043e6030f9,12971,historical_match,results/anomaly_v1/metrics/frozen_artifacts.json;results/fusion_v1/input_integrity_manifest.json;results/graph_temporal_v1/metrics/protected_artifacts.json;results/graph_v1/metrics/frozen_artifacts.json;results/temporal_v1/metrics/baseline_snapshot.json
results/baseline_v1/diagnostics/feature_checkpoints/032.json,ef6180dbbc6a13c8b5974f90c7cdb86c4de2e69b38c30251bc7f38ad5d477826,13586,historical_match,results/anomaly_v1/metrics/frozen_artifacts.json;results/fusion_v1/input_integrity_manifest.json;results/graph_temporal_v1/metrics/protected_artifacts.json;results/graph_v1/metrics/frozen_artifacts.json;results/temporal_v1/metrics/baseline_snapshot.json
results/baseline_v1/diagnostics/feature_checkpoints/033.json,0222c116038f009b6ce078be858aa87ffc74836c38455dbacb4751bcbf161efe,12971,historical_match,results/anomaly_v1/metrics/frozen_artifacts.json;results/fusion_v1/input_integrity_manifest.json;results/graph_temporal_v1/metrics/protected_artifacts.json;results/graph_v1/metrics/frozen_artifacts.json;results/temporal_v1/metrics/baseline_snapshot.json
results/baseline_v1/diagnostics/feature_checkpoints/034.json,9ad45b24b31bb7f48f3bdd44fdf4ed9974f04d0c220c9d9b941cae1fec1ab11a,14282,historical_match,results/anomaly_v1/metrics/frozen_artifacts.json;results/fusion_v1/input_integrity_manifest.json;results/graph_temporal_v1/metrics/protected_artifacts.json;results/graph_v1/metrics/frozen_artifacts.json;results/temporal_v1/metrics/baseline_snapshot.json
results/baseline_v1/diagnostics/feature_checkpoints/035.json,9b175366f8b7dfe6ab5180d511d0a634764623f29e97957344558f313dbaa0eb,14253,historical_match,results/anomaly_v1/metrics/frozen_artifacts.json;results/fusion_v1/input_integrity_manifest.json;results/graph_temporal_v1/metrics/protected_artifacts.json;results/graph_v1/metrics/frozen_artifacts.json;results/temporal_v1/metrics/baseline_snapshot.json
results/baseline_v1/diagnostics/feature_checkpoints/036.json,c1ce0d19d503f33ca51de3556bf66381182ec295a1df54c07eec670b15f531af,15738,historical_match,results/anomaly_v1/metrics/frozen_artifacts.json;results/fusion_v1/input_integrity_manifest.json;results/graph_temporal_v1/metrics/protected_artifacts.json;results/graph_v1/metrics/frozen_artifacts.json;results/temporal_v1/metrics/baseline_snapshot.json
results/baseline_v1/diagnostics/feature_checkpoints/037.json,ba2ef624f3116e86ad77a480262c2a9f4e700c8758f7d3ed756783137a6f5722,15221,historical_match,results/anomaly_v1/metrics/frozen_artifacts.json;results/fusion_v1/input_integrity_manifest.json;results/graph_temporal_v1/metrics/protected_artifacts.json;results/graph_v1/metrics/frozen_artifacts.json;results/temporal_v1/metrics/baseline_snapshot.json
results/baseline_v1/diagnostics/feature_checkpoints/038.json,03ba53c7191547c0c155ddda52d421fa91a62ced8c221ee51b05cbbcffa926b3,13985,historical_match,results/anomaly_v1/metrics/frozen_artifacts.json;results/fusion_v1/input_integrity_manifest.json;results/graph_temporal_v1/metrics/protected_artifacts.json;results/graph_v1/metrics/frozen_artifacts.json;results/temporal_v1/metrics/baseline_snapshot.json
results/baseline_v1/diagnostics/feature_checkpoints/039.json,e451fe19b793c5c78bf697529e727553ac6103109d8140f99a4444004a196409,14261,historical_match,results/anomaly_v1/metrics/frozen_artifacts.json;results/fusion_v1/input_integrity_manifest.json;results/graph_temporal_v1/metrics/protected_artifacts.json;results/graph_v1/metrics/frozen_artifacts.json;results/temporal_v1/metrics/baseline_snapshot.json
results/baseline_v1/diagnostics/feature_checkpoints/040.json,27954db3b1c90d4fc2878233e38b89d0660ebbfd751964e8bc7c2fd53dbaa3a2,14840,historical_match,results/anomaly_v1/metrics/frozen_artifacts.json;results/fusion_v1/input_integrity_manifest.json;results/graph_temporal_v1/metrics/protected_artifacts.json;results/graph_v1/metrics/frozen_artifacts.json;results/temporal_v1/metrics/baseline_snapshot.json
results/baseline_v1/diagnostics/feature_checkpoints/041.json,61c838af954ca932a2a0587c5390cc9cf16293ae34ac11c5ed2a93f29bce262f,15157,historical_match,results/anomaly_v1/metrics/frozen_artifacts.json;results/fusion_v1/input_integrity_manifest.json;results/graph_temporal_v1/metrics/protected_artifacts.json;results/graph_v1/metrics/frozen_artifacts.json;results/temporal_v1/metrics/baseline_snapshot.json
results/baseline_v1/diagnostics/feature_checkpoints/042.json,f2d2739fcd2382123b5a29197b18e1dc4edbd6b2cf7ab57f3d1acfecbc7a696e,15045,historical_match,results/anomaly_v1/metrics/frozen_artifacts.json;results/fusion_v1/input_integrity_manifest.json;results/graph_temporal_v1/metrics/protected_artifacts.json;results/graph_v1/metrics/frozen_artifacts.json;results/temporal_v1/metrics/baseline_snapshot.json
results/baseline_v1/diagnostics/feature_checkpoints/043.json,880670b07717eec417efd113676305e61636a365575cedcda9fa8032e499ab12,13941,historical_match,results/anomaly_v1/metrics/frozen_artifacts.json;results/fusion_v1/input_integrity_manifest.json;results/graph_temporal_v1/metrics/protected_artifacts.json;results/graph_v1/metrics/frozen_artifacts.json;results/temporal_v1/metrics/baseline_snapshot.json
results/baseline_v1/diagnostics/feature_checkpoints/044.json,3322b9eef1e252722852dde80099f475ad49fab917c5c89d126f47e941cc8e05,14019,historical_match,results/anomaly_v1/metrics/frozen_artifacts.json;results/fusion_v1/input_integrity_manifest.json;results/graph_temporal_v1/metrics/protected_artifacts.json;results/graph_v1/metrics/frozen_artifacts.json;results/temporal_v1/metrics/baseline_snapshot.json
results/baseline_v1/diagnostics/feature_checkpoints/045.json,198bb4e0570a22bfdd98ad1dd6993704eb480f120f47f862d680ad453e086394,14119,historical_match,results/anomaly_v1/metrics/frozen_artifacts.json;results/fusion_v1/input_integrity_manifest.json;results/graph_temporal_v1/metrics/protected_artifacts.json;results/graph_v1/metrics/frozen_artifacts.json;results/temporal_v1/metrics/baseline_snapshot.json
results/baseline_v1/diagnostics/feature_checkpoints/046.json,787b4f5e895cc9b69a2a38729773aa295c618e19eefc4d2f1423904f4fdba513,14109,historical_match,results/anomaly_v1/metrics/frozen_artifacts.json;results/fusion_v1/input_integrity_manifest.json;results/graph_temporal_v1/metrics/protected_artifacts.json;results/graph_v1/metrics/frozen_artifacts.json;results/temporal_v1/metrics/baseline_snapshot.json
results/baseline_v1/diagnostics/feature_checkpoints/047.json,1c7ac3554e86516b36de730e47b50e0417ab07033ae7c05c865b4e80b8c8edfc,14088,historical_match,results/anomaly_v1/metrics/frozen_artifacts.json;results/fusion_v1/input_integrity_manifest.json;results/graph_temporal_v1/metrics/protected_artifacts.json;results/graph_v1/metrics/frozen_artifacts.json;results/temporal_v1/metrics/baseline_snapshot.json
results/baseline_v1/diagnostics/feature_checkpoints/048.json,c9685ad0e4bfcdb3d7637e7fa504b27fe89e56e88a82369eb8e2e8220e9091e5,14008,historical_match,results/anomaly_v1/metrics/frozen_artifacts.json;results/fusion_v1/input_integrity_manifest.json;results/graph_temporal_v1/metrics/protected_artifacts.json;results/graph_v1/metrics/frozen_artifacts.json;results/temporal_v1/metrics/baseline_snapshot.json
results/baseline_v1/diagnostics/feature_checkpoints/049.json,d03c86fd25e6cd5b65037ae3c826fb2cbdfce09a8b6616222096fd02f5d2f7d6,13604,historical_match,results/anomaly_v1/metrics/frozen_artifacts.json;results/fusion_v1/input_integrity_manifest.json;results/graph_temporal_v1/metrics/protected_artifacts.json;results/graph_v1/metrics/frozen_artifacts.json;results/temporal_v1/metrics/baseline_snapshot.json
results/baseline_v1/diagnostics/feature_checkpoints/050.json,98af5b6476caaa958698c8e5a0153b819714aa6b3cb47e031685f8345c55dcb3,14123,historical_match,results/anomaly_v1/metrics/frozen_artifacts.json;results/fusion_v1/input_integrity_manifest.json;results/graph_temporal_v1/metrics/protected_artifacts.json;results/graph_v1/metrics/frozen_artifacts.json;results/temporal_v1/metrics/baseline_snapshot.json
results/baseline_v1/diagnostics/feature_checkpoints/051.json,917ebc8a77d3440d76978bb92fa8fdd18c7d5238b2acd3a5e41161072be9a085,14110,historical_match,results/anomaly_v1/metrics/frozen_artifacts.json;results/fusion_v1/input_integrity_manifest.json;results/graph_temporal_v1/metrics/protected_artifacts.json;results/graph_v1/metrics/frozen_artifacts.json;results/temporal_v1/metrics/baseline_snapshot.json
results/baseline_v1/diagnostics/feature_checkpoints/052.json,a929413c23c650e75226684a05084b68c6af11028c2431f22b4a7193d3dc619c,14811,historical_match,results/anomaly_v1/metrics/frozen_artifacts.json;results/fusion_v1/input_integrity_manifest.json;results/graph_temporal_v1/metrics/protected_artifacts.json;results/graph_v1/metrics/frozen_artifacts.json;results/temporal_v1/metrics/baseline_snapshot.json
results/baseline_v1/diagnostics/feature_checkpoints/053.json,877ab928658edd1ea57597184a9b129de948ee29eb67cceefcb33b57f3836c5b,14579,historical_match,results/anomaly_v1/metrics/frozen_artifacts.json;results/fusion_v1/input_integrity_manifest.json;results/graph_temporal_v1/metrics/protected_artifacts.json;results/graph_v1/metrics/frozen_artifacts.json;results/temporal_v1/metrics/baseline_snapshot.json
results/baseline_v1/diagnostics/feature_checkpoints/054.json,054453fba49425690ffc48cf39e93887a38fa726fee88daa9dd225d8ccbd5e25,14656,historical_match,results/anomaly_v1/metrics/frozen_artifacts.json;results/fusion_v1/input_integrity_manifest.json;results/graph_temporal_v1/metrics/protected_artifacts.json;results/graph_v1/metrics/frozen_artifacts.json;results/temporal_v1/metrics/baseline_snapshot.json
results/baseline_v1/diagnostics/feature_checkpoints/055.json,7df020522683cfa90fc93a80cc597dffa022dc004cc82f8908158f4ba88aa9bf,12989,historical_match,results/anomaly_v1/metrics/frozen_artifacts.json;results/fusion_v1/input_integrity_manifest.json;results/graph_temporal_v1/metrics/protected_artifacts.json;results/graph_v1/metrics/frozen_artifacts.json;results/temporal_v1/metrics/baseline_snapshot.json
results/baseline_v1/diagnostics/feature_checkpoints/056.json,0ba7b36ae2b448f8df5b97da1e142e81d393c6066b24efb92f0de9a8657f6235,12989,historical_match,results/anomaly_v1/metrics/frozen_artifacts.json;results/fusion_v1/input_integrity_manifest.json;results/graph_temporal_v1/metrics/protected_artifacts.json;results/graph_v1/metrics/frozen_artifacts.json;results/temporal_v1/metrics/baseline_snapshot.json
results/baseline_v1/diagnostics/feature_checkpoints/057.json,34de8efa76059d5bd6c72af39b07f5e91c99915c202faffabaa7dabf85f31dc0,13025,historical_match,results/anomaly_v1/metrics/frozen_artifacts.json;results/fusion_v1/input_integrity_manifest.json;results/graph_temporal_v1/metrics/protected_artifacts.json;results/graph_v1/metrics/frozen_artifacts.json;results/temporal_v1/metrics/baseline_snapshot.json
results/baseline_v1/diagnostics/feature_checkpoints/058.json,897ce7d1fe26c562ab7c4afbdfb827b3a3e4c7375a6834e0dcd7091447af2940,12989,historical_match,results/anomaly_v1/metrics/frozen_artifacts.json;results/fusion_v1/input_integrity_manifest.json;results/graph_temporal_v1/metrics/protected_artifacts.json;results/graph_v1/metrics/frozen_artifacts.json;results/temporal_v1/metrics/baseline_snapshot.json
results/baseline_v1/diagnostics/feature_checkpoints/059.json,68d31037e24a8fc7a8fb96ae236d837adb63b2c91a9d6fd9e0fd37726b3f3f7b,12989,historical_match,results/anomaly_v1/metrics/frozen_artifacts.json;results/fusion_v1/input_integrity_manifest.json;results/graph_temporal_v1/metrics/protected_artifacts.json;results/graph_v1/metrics/frozen_artifacts.json;results/temporal_v1/metrics/baseline_snapshot.json
results/baseline_v1/diagnostics/feature_checkpoints/060.json,0fa9316655adbb25847a4fd5c26701cb3077430ee17b229ab9f2f6f931ba6da3,13025,historical_match,results/anomaly_v1/metrics/frozen_artifacts.json;results/fusion_v1/input_integrity_manifest.json;results/graph_temporal_v1/metrics/protected_artifacts.json;results/graph_v1/metrics/frozen_artifacts.json;results/temporal_v1/metrics/baseline_snapshot.json
results/baseline_v1/diagnostics/feature_checkpoints/061.json,1efbac818602ae2a08b8ce556f50b6a576982bb4723093a6e3cc0c4e1a22e81f,14158,historical_match,results/anomaly_v1/metrics/frozen_artifacts.json;results/fusion_v1/input_integrity_manifest.json;results/graph_temporal_v1/metrics/protected_artifacts.json;results/graph_v1/metrics/frozen_artifacts.json;results/temporal_v1/metrics/baseline_snapshot.json
results/baseline_v1/diagnostics/feature_checkpoints/062.json,36727394a70e4a19410798efcb4e617adead68004a782f2a778c5565f28e843d,14402,historical_match,results/anomaly_v1/metrics/frozen_artifacts.json;results/fusion_v1/input_integrity_manifest.json;results/graph_temporal_v1/metrics/protected_artifacts.json;results/graph_v1/metrics/frozen_artifacts.json;results/temporal_v1/metrics/baseline_snapshot.json
results/baseline_v1/diagnostics/feature_checkpoints/063.json,0d02b6ee914f8a2224f89def349d9997041ecb2d6e1bf7ed4e5b33f9c9faf5b2,14134,historical_match,results/anomaly_v1/metrics/frozen_artifacts.json;results/fusion_v1/input_integrity_manifest.json;results/graph_temporal_v1/metrics/protected_artifacts.json;results/graph_v1/metrics/frozen_artifacts.json;results/temporal_v1/metrics/baseline_snapshot.json
results/baseline_v1/diagnostics/feature_checkpoints/064.json,0cbd2d3ba4469a87ca0160555e204c537268161bbd86272d43022ffe51edba64,14521,historical_match,results/anomaly_v1/metrics/frozen_artifacts.json;results/fusion_v1/input_integrity_manifest.json;results/graph_temporal_v1/metrics/protected_artifacts.json;results/graph_v1/metrics/frozen_artifacts.json;results/temporal_v1/metrics/baseline_snapshot.json
results/baseline_v1/diagnostics/feature_checkpoints/065.json,7b212af84425e65070e622d7b6d8d94325a1e9dddf511220c34ba2e9a86bd6ee,14589,historical_match,results/anomaly_v1/metrics/frozen_artifacts.json;results/fusion_v1/input_integrity_manifest.json;results/graph_temporal_v1/metrics/protected_artifacts.json;results/graph_v1/metrics/frozen_artifacts.json;results/temporal_v1/metrics/baseline_snapshot.json
results/baseline_v1/diagnostics/feature_checkpoints/066.json,ea3c393c02dd1f8d04dd369747edcb62a60754c672362c83d91763ac479634e5,14452,historical_match,results/anomaly_v1/metrics/frozen_artifacts.json;results/fusion_v1/input_integrity_manifest.json;results/graph_temporal_v1/metrics/protected_artifacts.json;results/graph_v1/metrics/frozen_artifacts.json;results/temporal_v1/metrics/baseline_snapshot.json
results/baseline_v1/diagnostics/feature_checkpoints/067.json,804f68bd747adfd338e61ee171a37f895f3493dab2f8875559e02a1103d8499d,14162,historical_match,results/anomaly_v1/metrics/frozen_artifacts.json;results/fusion_v1/input_integrity_manifest.json;results/graph_temporal_v1/metrics/protected_artifacts.json;results/graph_v1/metrics/frozen_artifacts.json;results/temporal_v1/metrics/baseline_snapshot.json
results/baseline_v1/diagnostics/feature_checkpoints/068.json,b1e22b0c22cc01d500308420d89a59da3304c4be17be4757bb5eb3622c95aaab,14248,historical_match,results/anomaly_v1/metrics/frozen_artifacts.json;results/fusion_v1/input_integrity_manifest.json;results/graph_temporal_v1/metrics/protected_artifacts.json;results/graph_v1/metrics/frozen_artifacts.json;results/temporal_v1/metrics/baseline_snapshot.json
results/baseline_v1/diagnostics/feature_checkpoints/069.json,181b4b3b7664135e9716bef16f1129d1e7ef4ceb0cbc355b4d0d4daab4764f56,14464,historical_match,results/anomaly_v1/metrics/frozen_artifacts.json;results/fusion_v1/input_integrity_manifest.json;results/graph_temporal_v1/metrics/protected_artifacts.json;results/graph_v1/metrics/frozen_artifacts.json;results/temporal_v1/metrics/baseline_snapshot.json
results/baseline_v1/diagnostics/feature_checkpoints/070.json,d7c7a2fe022d0ee43f1cb04104c5c34df2820a5d37409658c0a7ae3c0a051227,14180,historical_match,results/anomaly_v1/metrics/frozen_artifacts.json;results/fusion_v1/input_integrity_manifest.json;results/graph_temporal_v1/metrics/protected_artifacts.json;results/graph_v1/metrics/frozen_artifacts.json;results/temporal_v1/metrics/baseline_snapshot.json
results/baseline_v1/diagnostics/feature_checkpoints/071.json,430584aad0781a546391d3d71020784bbb4298a36e0d0627239b68ddd3649ad2,14381,historical_match,results/anomaly_v1/metrics/frozen_artifacts.json;results/fusion_v1/input_integrity_manifest.json;results/graph_temporal_v1/metrics/protected_artifacts.json;results/graph_v1/metrics/frozen_artifacts.json;results/temporal_v1/metrics/baseline_snapshot.json
results/baseline_v1/diagnostics/feature_checkpoints/072.json,c2fcde996bfdef6689f19111e4cbcf0ce7fc674571732082091f165c83fb4b0b,14336,historical_match,results/anomaly_v1/metrics/frozen_artifacts.json;results/fusion_v1/input_integrity_manifest.json;results/graph_temporal_v1/metrics/protected_artifacts.json;results/graph_v1/metrics/frozen_artifacts.json;results/temporal_v1/metrics/baseline_snapshot.json
results/baseline_v1/diagnostics/feature_checkpoints/073.json,1ad9a349a5c08949290864a0a65fa4176f61619b3f1f654af0c2a1a14bf74e7d,14420,historical_match,results/anomaly_v1/metrics/frozen_artifacts.json;results/fusion_v1/input_integrity_manifest.json;results/graph_temporal_v1/metrics/protected_artifacts.json;results/graph_v1/metrics/frozen_artifacts.json;results/temporal_v1/metrics/baseline_snapshot.json
results/baseline_v1/diagnostics/feature_checkpoints/074.json,42532df562dd8c706bf257c410038161a82d03cf77d6578fa129b2c273c4e1ed,14195,historical_match,results/anomaly_v1/metrics/frozen_artifacts.json;results/fusion_v1/input_integrity_manifest.json;results/graph_temporal_v1/metrics/protected_artifacts.json;results/graph_v1/metrics/frozen_artifacts.json;results/temporal_v1/metrics/baseline_snapshot.json
results/baseline_v1/diagnostics/feature_checkpoints/075.json,a8057d67fb23b18bb58d96c65b266800c952f3721a86f611aa9ffc39f614d58f,14354,historical_match,results/anomaly_v1/metrics/frozen_artifacts.json;results/fusion_v1/input_integrity_manifest.json;results/graph_temporal_v1/metrics/protected_artifacts.json;results/graph_v1/metrics/frozen_artifacts.json;results/temporal_v1/metrics/baseline_snapshot.json
results/baseline_v1/diagnostics/feature_checkpoints/076.json,122eafcfa5d3efa51424a9de8399e3e78c6e003f93c088ce6439631bf78add1b,14353,historical_match,results/anomaly_v1/metrics/frozen_artifacts.json;results/fusion_v1/input_integrity_manifest.json;results/graph_temporal_v1/metrics/protected_artifacts.json;results/graph_v1/metrics/frozen_artifacts.json;results/temporal_v1/metrics/baseline_snapshot.json
results/baseline_v1/diagnostics/feature_checkpoints/077.json,c59081e56748906846e18fd8e9829e91625c955734b75ebf41bd155345d16eea,13983,historical_match,results/anomaly_v1/metrics/frozen_artifacts.json;results/fusion_v1/input_integrity_manifest.json;results/graph_temporal_v1/metrics/protected_artifacts.json;results/graph_v1/metrics/frozen_artifacts.json;results/temporal_v1/metrics/baseline_snapshot.json
results/baseline_v1/diagnostics/feature_checkpoints/078.json,c8398b4d127c73cc9c1933551ab67075109968cea86e453632d1f1ce91d86edd,14053,historical_match,results/anomaly_v1/metrics/frozen_artifacts.json;results/fusion_v1/input_integrity_manifest.json;results/graph_temporal_v1/metrics/protected_artifacts.json;results/graph_v1/metrics/frozen_artifacts.json;results/temporal_v1/metrics/baseline_snapshot.json
results/baseline_v1/diagnostics/feature_checkpoints/079.json,c6afedc00789b107e55e18f2bef0d1a5697f9d86d5ad733f6647848a037576e2,14126,historical_match,results/anomaly_v1/metrics/frozen_artifacts.json;results/fusion_v1/input_integrity_manifest.json;results/graph_temporal_v1/metrics/protected_artifacts.json;results/graph_v1/metrics/frozen_artifacts.json;results/temporal_v1/metrics/baseline_snapshot.json
results/baseline_v1/diagnostics/feature_distribution_shift.csv,31b2ae221b638579c9d5d67a15161bde1ca69829eebf16963e169aee3926309b,82146,historical_match,results/anomaly_v1/metrics/frozen_artifacts.json;results/fusion_v1/input_integrity_manifest.json;results/graph_temporal_v1/metrics/protected_artifacts.json;results/graph_v1/metrics/frozen_artifacts.json;results/temporal_v1/metrics/baseline_snapshot.json
results/baseline_v1/diagnostics/feature_group_statistics.csv,dc3fc6789f795a490f6c2ee041faa2a45a8bd51f3f233850b22d6193f1fd8a82,77204,historical_match,results/anomaly_v1/metrics/frozen_artifacts.json;results/fusion_v1/input_integrity_manifest.json;results/graph_temporal_v1/metrics/protected_artifacts.json;results/graph_v1/metrics/frozen_artifacts.json;results/temporal_v1/metrics/baseline_snapshot.json
results/baseline_v1/diagnostics/figures/calibration/logistic_regression.png,ef37b4eefff7ba3af1b971c2e33ff0df1a2dd5151b97b03a0a2c152c2a68e1d0,56253,historical_match,results/anomaly_v1/metrics/frozen_artifacts.json;results/fusion_v1/input_integrity_manifest.json;results/graph_temporal_v1/metrics/protected_artifacts.json;results/graph_v1/metrics/frozen_artifacts.json;results/temporal_v1/metrics/baseline_snapshot.json
results/baseline_v1/diagnostics/figures/calibration/mlp.png,7c2be049e3c90e166b9f244aedc2cc2367bac6ad7a2d28d4538ae4285c699eb6,60181,historical_match,results/anomaly_v1/metrics/frozen_artifacts.json;results/fusion_v1/input_integrity_manifest.json;results/graph_temporal_v1/metrics/protected_artifacts.json;results/graph_v1/metrics/frozen_artifacts.json;results/temporal_v1/metrics/baseline_snapshot.json
results/baseline_v1/diagnostics/figures/calibration/random_forest.png,9873a1f3e8c17419ff98502cd3fa674ee71a1f315d20723f65f3d915a79845c1,59517,historical_match,results/anomaly_v1/metrics/frozen_artifacts.json;results/fusion_v1/input_integrity_manifest.json;results/graph_temporal_v1/metrics/protected_artifacts.json;results/graph_v1/metrics/frozen_artifacts.json;results/temporal_v1/metrics/baseline_snapshot.json
results/baseline_v1/diagnostics/figures/calibration/xgboost.png,2d36db3f1d09a80503c74ee90b2631c5f20b83f03130549d58e2d806cf7454b5,59466,historical_match,results/anomaly_v1/metrics/frozen_artifacts.json;results/fusion_v1/input_integrity_manifest.json;results/graph_temporal_v1/metrics/protected_artifacts.json;results/graph_v1/metrics/frozen_artifacts.json;results/temporal_v1/metrics/baseline_snapshot.json
results/baseline_v1/diagnostics/figures/pr_curves/logistic_regression.png,aec0e4d1ee11047b2910a0faaf65468ed33d13dd8e35f1aeecb714df1236fab2,57928,historical_match,results/anomaly_v1/metrics/frozen_artifacts.json;results/fusion_v1/input_integrity_manifest.json;results/graph_temporal_v1/metrics/protected_artifacts.json;results/graph_v1/metrics/frozen_artifacts.json;results/temporal_v1/metrics/baseline_snapshot.json
results/baseline_v1/diagnostics/figures/pr_curves/mlp.png,6a0e23c0e974b4981262da6b269198b5fa2104dcc5462661281c7b20a202c305,58228,historical_match,results/anomaly_v1/metrics/frozen_artifacts.json;results/fusion_v1/input_integrity_manifest.json;results/graph_temporal_v1/metrics/protected_artifacts.json;results/graph_v1/metrics/frozen_artifacts.json;results/temporal_v1/metrics/baseline_snapshot.json
results/baseline_v1/diagnostics/figures/pr_curves/random_forest.png,1dc56f37e38959a67c49c290d127fd57ec4d40d3e347413521a61c664269b706,59218,historical_match,results/anomaly_v1/metrics/frozen_artifacts.json;results/fusion_v1/input_integrity_manifest.json;results/graph_temporal_v1/metrics/protected_artifacts.json;results/graph_v1/metrics/frozen_artifacts.json;results/temporal_v1/metrics/baseline_snapshot.json
results/baseline_v1/diagnostics/figures/pr_curves/xgboost.png,26a818178d1b6bd73fb3e7e998a1326052d573ce3f34f0aaa7cd1e2bbd1fd416,60501,historical_match,results/anomaly_v1/metrics/frozen_artifacts.json;results/fusion_v1/input_integrity_manifest.json;results/graph_temporal_v1/metrics/protected_artifacts.json;results/graph_v1/metrics/frozen_artifacts.json;results/temporal_v1/metrics/baseline_snapshot.json
results/baseline_v1/diagnostics/figures/roc_curves/logistic_regression.png,2e14e1d62328dd17b34de09eed9d46e5cac409727b6ece9fc2f0296b2fa07c17,60180,historical_match,results/anomaly_v1/metrics/frozen_artifacts.json;results/fusion_v1/input_integrity_manifest.json;results/graph_temporal_v1/metrics/protected_artifacts.json;results/graph_v1/metrics/frozen_artifacts.json;results/temporal_v1/metrics/baseline_snapshot.json
results/baseline_v1/diagnostics/figures/roc_curves/mlp.png,fddb3732933374fd8eb639f9279e4d81980d59818c7c282f1cb1ced4fda90a49,58954,historical_match,results/anomaly_v1/metrics/frozen_artifacts.json;results/fusion_v1/input_integrity_manifest.json;results/graph_temporal_v1/metrics/protected_artifacts.json;results/graph_v1/metrics/frozen_artifacts.json;results/temporal_v1/metrics/baseline_snapshot.json
results/baseline_v1/diagnostics/figures/roc_curves/random_forest.png,3338bd279f78a425049a8074ef38a8a30e3eefa85198609c6edabd5ff9ad3379,58006,historical_match,results/anomaly_v1/metrics/frozen_artifacts.json;results/fusion_v1/input_integrity_manifest.json;results/graph_temporal_v1/metrics/protected_artifacts.json;results/graph_v1/metrics/frozen_artifacts.json;results/temporal_v1/metrics/baseline_snapshot.json
results/baseline_v1/diagnostics/figures/roc_curves/xgboost.png,5520be282381c639eb98a5e607dd577d7e4914557654c45034df948ec27d07d4,58616,historical_match,results/anomaly_v1/metrics/frozen_artifacts.json;results/fusion_v1/input_integrity_manifest.json;results/graph_temporal_v1/metrics/protected_artifacts.json;results/graph_v1/metrics/frozen_artifacts.json;results/temporal_v1/metrics/baseline_snapshot.json
results/baseline_v1/diagnostics/figures/score_distributions/logistic_regression_ecdf.png,5ef5a39eb79f82031253e00a3188dbda12b1619efd5e9f892150b0a90dce78c7,80088,historical_match,results/anomaly_v1/metrics/frozen_artifacts.json;results/fusion_v1/input_integrity_manifest.json;results/graph_temporal_v1/metrics/protected_artifacts.json;results/graph_v1/metrics/frozen_artifacts.json;results/temporal_v1/metrics/baseline_snapshot.json
results/baseline_v1/diagnostics/figures/score_distributions/logistic_regression_histograms.png,f7b4bb978ebce648c12a90503ad3695c6dded442becf17d481c81d61cb6805b6,67686,historical_match,results/anomaly_v1/metrics/frozen_artifacts.json;results/fusion_v1/input_integrity_manifest.json;results/graph_temporal_v1/metrics/protected_artifacts.json;results/graph_v1/metrics/frozen_artifacts.json;results/temporal_v1/metrics/baseline_snapshot.json
results/baseline_v1/diagnostics/figures/score_distributions/mlp_ecdf.png,c87d57e345f3ab3f4c74802a575be3ac6cf5e3f044fbd2497eae372877349da7,78177,historical_match,results/anomaly_v1/metrics/frozen_artifacts.json;results/fusion_v1/input_integrity_manifest.json;results/graph_temporal_v1/metrics/protected_artifacts.json;results/graph_v1/metrics/frozen_artifacts.json;results/temporal_v1/metrics/baseline_snapshot.json
results/baseline_v1/diagnostics/figures/score_distributions/mlp_histograms.png,814acb1c7531fc8174774ca35c268aa68c5dbcbb49eb43fa3598652a9de760ee,64525,historical_match,results/anomaly_v1/metrics/frozen_artifacts.json;results/fusion_v1/input_integrity_manifest.json;results/graph_temporal_v1/metrics/protected_artifacts.json;results/graph_v1/metrics/frozen_artifacts.json;results/temporal_v1/metrics/baseline_snapshot.json
results/baseline_v1/diagnostics/figures/score_distributions/random_forest_ecdf.png,147416b404b9ea07a62d3a8415cdc256fd1fb0e4549077e7cbbecc0c3a81ec7e,60744,historical_match,results/anomaly_v1/metrics/frozen_artifacts.json;results/fusion_v1/input_integrity_manifest.json;results/graph_temporal_v1/metrics/protected_artifacts.json;results/graph_v1/metrics/frozen_artifacts.json;results/temporal_v1/metrics/baseline_snapshot.json
results/baseline_v1/diagnostics/figures/score_distributions/random_forest_histograms.png,49867a765a0a6d0d22c651c422db5b6ee49ceae79dcde62ed928da7c1abd0af8,70154,historical_match,results/anomaly_v1/metrics/frozen_artifacts.json;results/fusion_v1/input_integrity_manifest.json;results/graph_temporal_v1/metrics/protected_artifacts.json;results/graph_v1/metrics/frozen_artifacts.json;results/temporal_v1/metrics/baseline_snapshot.json
results/baseline_v1/diagnostics/figures/score_distributions/xgboost_ecdf.png,09a8d88b1a93999211e8d91eadedcf13aa2354e5d85c380cacf102de8abffbef,57594,historical_match,results/anomaly_v1/metrics/frozen_artifacts.json;results/fusion_v1/input_integrity_manifest.json;results/graph_temporal_v1/metrics/protected_artifacts.json;results/graph_v1/metrics/frozen_artifacts.json;results/temporal_v1/metrics/baseline_snapshot.json
results/baseline_v1/diagnostics/figures/score_distributions/xgboost_histograms.png,ad906a9b9249009496bc8498e4aab3eb7ec3fd5598cc7947516bee9a45599802,67977,historical_match,results/anomaly_v1/metrics/frozen_artifacts.json;results/fusion_v1/input_integrity_manifest.json;results/graph_temporal_v1/metrics/protected_artifacts.json;results/graph_v1/metrics/frozen_artifacts.json;results/temporal_v1/metrics/baseline_snapshot.json
results/baseline_v1/diagnostics/figures/threshold_curves/logistic_regression.png,073011a74b238bfdc84a277fc788a54b52ececda79f4c58e9325a43e700b8c52,51113,historical_match,results/anomaly_v1/metrics/frozen_artifacts.json;results/fusion_v1/input_integrity_manifest.json;results/graph_temporal_v1/metrics/protected_artifacts.json;results/graph_v1/metrics/frozen_artifacts.json;results/temporal_v1/metrics/baseline_snapshot.json
results/baseline_v1/diagnostics/figures/threshold_curves/mlp.png,dacb6de5973768763fee751eb795627577352304a46d964f5bbcfe900b42c3c5,43673,historical_match,results/anomaly_v1/metrics/frozen_artifacts.json;results/fusion_v1/input_integrity_manifest.json;results/graph_temporal_v1/metrics/protected_artifacts.json;results/graph_v1/metrics/frozen_artifacts.json;results/temporal_v1/metrics/baseline_snapshot.json
results/baseline_v1/diagnostics/figures/threshold_curves/random_forest.png,3712e9ce236ac676fef370edf18eb8e33dac38e20698dc480f2e21b107cbb44d,58571,historical_match,results/anomaly_v1/metrics/frozen_artifacts.json;results/fusion_v1/input_integrity_manifest.json;results/graph_temporal_v1/metrics/protected_artifacts.json;results/graph_v1/metrics/frozen_artifacts.json;results/temporal_v1/metrics/baseline_snapshot.json
results/baseline_v1/diagnostics/figures/threshold_curves/xgboost.png,0d26e2188ef93a7c4a0ff5a2f66362e4ebedbb90b89e1cd4f310e6cc136813d9,53427,historical_match,results/anomaly_v1/metrics/frozen_artifacts.json;results/fusion_v1/input_integrity_manifest.json;results/graph_temporal_v1/metrics/protected_artifacts.json;results/graph_v1/metrics/frozen_artifacts.json;results/temporal_v1/metrics/baseline_snapshot.json
results/baseline_v1/diagnostics/infilteration_score_shift.csv,9f7c8113a3cbd727a156507056d93ac542636cf95ec8b77da0ad084ad5053c98,353,historical_match,results/anomaly_v1/metrics/frozen_artifacts.json;results/fusion_v1/input_integrity_manifest.json;results/graph_temporal_v1/metrics/protected_artifacts.json;results/graph_v1/metrics/frozen_artifacts.json;results/temporal_v1/metrics/baseline_snapshot.json
results/baseline_v1/diagnostics/infilteration_temporal_analysis.csv,a2b384ab66f88b71a51ee73cf0b0a23816cfda9555249e18a4f10aa9ad3a0025,12522,historical_match,results/anomaly_v1/metrics/frozen_artifacts.json;results/fusion_v1/input_integrity_manifest.json;results/graph_temporal_v1/metrics/protected_artifacts.json;results/graph_v1/metrics/frozen_artifacts.json;results/temporal_v1/metrics/baseline_snapshot.json
results/baseline_v1/diagnostics/input_integrity_manifest.json,53c25fe58b0b408596502018ab407687c6f3fbfcd8b0f512c6c78b9d06bfdd7c,17283,historical_match,results/anomaly_v1/metrics/frozen_artifacts.json;results/fusion_v1/input_integrity_manifest.json;results/graph_temporal_v1/metrics/protected_artifacts.json;results/graph_v1/metrics/frozen_artifacts.json;results/temporal_v1/metrics/baseline_snapshot.json
results/baseline_v1/diagnostics/integrity_verification.json,6cfe8b76b8095bc594f56d5d90789c68b38e2ac1ee4df3c9ea57e7fb2527c1c8,771,historical_match,results/anomaly_v1/metrics/frozen_artifacts.json;results/fusion_v1/input_integrity_manifest.json;results/graph_temporal_v1/metrics/protected_artifacts.json;results/graph_v1/metrics/frozen_artifacts.json;results/temporal_v1/metrics/baseline_snapshot.json
results/baseline_v1/diagnostics/known_validation_attack_diagnostics.csv,d994c452279dab4f51251c20e3102012034b1f62fad8a146e0bb8794629259ad,3109,historical_match,results/anomaly_v1/metrics/frozen_artifacts.json;results/fusion_v1/input_integrity_manifest.json;results/graph_temporal_v1/metrics/protected_artifacts.json;results/graph_v1/metrics/frozen_artifacts.json;results/temporal_v1/metrics/baseline_snapshot.json
results/baseline_v1/diagnostics/logistic_regression_training_metrics.json,17bbf93d69cbad3800928b40f9337feac2c9466d48a86893386d6f6c790941cd,969,historical_match,results/anomaly_v1/metrics/frozen_artifacts.json;results/fusion_v1/input_integrity_manifest.json;results/graph_temporal_v1/metrics/protected_artifacts.json;results/graph_v1/metrics/frozen_artifacts.json;results/temporal_v1/metrics/baseline_snapshot.json
results/baseline_v1/diagnostics/mlp_training_metrics.json,504dad3041650340e6707b1fa6f52288e56c19bb84eb42ed205f2fdeaeef8c1b,957,historical_match,results/anomaly_v1/metrics/frozen_artifacts.json;results/fusion_v1/input_integrity_manifest.json;results/graph_temporal_v1/metrics/protected_artifacts.json;results/graph_v1/metrics/frozen_artifacts.json;results/temporal_v1/metrics/baseline_snapshot.json
results/baseline_v1/diagnostics/output_validation.json,802bf3cb58aa027153701ddafef113f785922e904a14764728453472e1da99b8,163,historical_match,results/anomaly_v1/metrics/frozen_artifacts.json;results/fusion_v1/input_integrity_manifest.json;results/graph_temporal_v1/metrics/protected_artifacts.json;results/graph_v1/metrics/frozen_artifacts.json;results/temporal_v1/metrics/baseline_snapshot.json
results/baseline_v1/diagnostics/phase4a_temporal_generalization_analysis.md,a5549414a03e43b2cb4dcc80a0c0a1fc92d65a184605c5ea74d4f9690ef41445,37743,historical_match,results/anomaly_v1/metrics/frozen_artifacts.json;results/fusion_v1/input_integrity_manifest.json;results/graph_temporal_v1/metrics/protected_artifacts.json;results/graph_v1/metrics/frozen_artifacts.json;results/temporal_v1/metrics/baseline_snapshot.json
results/baseline_v1/diagnostics/random_forest_training_metrics.json,3a725e8ff996f0956478d26edee81c864a5b5fd38f8195902e9f98f67806e6ee,967,historical_match,results/anomaly_v1/metrics/frozen_artifacts.json;results/fusion_v1/input_integrity_manifest.json;results/graph_temporal_v1/metrics/protected_artifacts.json;results/graph_v1/metrics/frozen_artifacts.json;results/temporal_v1/metrics/baseline_snapshot.json
results/baseline_v1/diagnostics/ranking_metrics.csv,fdb67b03ad7be660b45e08af699c25678761d5b8bdc3d0361bb269c95898fb98,1205,historical_match,results/anomaly_v1/metrics/frozen_artifacts.json;results/fusion_v1/input_integrity_manifest.json;results/graph_temporal_v1/metrics/protected_artifacts.json;results/graph_v1/metrics/frozen_artifacts.json;results/temporal_v1/metrics/baseline_snapshot.json
results/baseline_v1/diagnostics/score_distribution_summary.csv,0de97f00a26c7ce87fde65e500ff521dd776ef16ca112352a9a6b82847015fd7,6563,historical_match,results/anomaly_v1/metrics/frozen_artifacts.json;results/fusion_v1/input_integrity_manifest.json;results/graph_temporal_v1/metrics/protected_artifacts.json;results/graph_v1/metrics/frozen_artifacts.json;results/temporal_v1/metrics/baseline_snapshot.json
results/baseline_v1/diagnostics/test_threshold_curve_posthoc.csv,1c19ad4a22ef33d2d4fc11f1384a0b12068a944073b41e507e724861da690309,69237,historical_match,results/anomaly_v1/metrics/frozen_artifacts.json;results/fusion_v1/input_integrity_manifest.json;results/graph_temporal_v1/metrics/protected_artifacts.json;results/graph_v1/metrics/frozen_artifacts.json;results/temporal_v1/metrics/baseline_snapshot.json
results/baseline_v1/diagnostics/threshold_transfer_to_test.csv,79889e90af0367e5b3f9c8efe833003cc35c919ad4511d7c7f311a09eeb7910a,6328,historical_match,results/anomaly_v1/metrics/frozen_artifacts.json;results/fusion_v1/input_integrity_manifest.json;results/graph_temporal_v1/metrics/protected_artifacts.json;results/graph_v1/metrics/frozen_artifacts.json;results/temporal_v1/metrics/baseline_snapshot.json
results/baseline_v1/diagnostics/top20_feature_shifts.csv,396ebf898f09088775e5f966c326d942546a80d88498d2c027d79367ab82710d,15625,historical_match,results/anomaly_v1/metrics/frozen_artifacts.json;results/fusion_v1/input_integrity_manifest.json;results/graph_temporal_v1/metrics/protected_artifacts.json;results/graph_v1/metrics/frozen_artifacts.json;results/temporal_v1/metrics/baseline_snapshot.json
results/baseline_v1/diagnostics/training_partition_metrics.csv,51bd3c02e784ff0aae4c2aa9c8d7b3e69f9ec5c3fd5fe83193bca336c8228f0e,2146,historical_match,results/anomaly_v1/metrics/frozen_artifacts.json;results/fusion_v1/input_integrity_manifest.json;results/graph_temporal_v1/metrics/protected_artifacts.json;results/graph_v1/metrics/frozen_artifacts.json;results/temporal_v1/metrics/baseline_snapshot.json
results/baseline_v1/diagnostics/unseen_attack_score_diagnostics.csv,77e202e6597788b4cc7eab7b546cd5a6cf7502ed297693650b77ac3cb8d6efb5,2636,historical_match,results/anomaly_v1/metrics/frozen_artifacts.json;results/fusion_v1/input_integrity_manifest.json;results/graph_temporal_v1/metrics/protected_artifacts.json;results/graph_v1/metrics/frozen_artifacts.json;results/temporal_v1/metrics/baseline_snapshot.json
results/baseline_v1/diagnostics/validation_selected_thresholds.csv,e3161efa6662a102ea6e65eae6506c468eb8607b70bedc1d2cdeb5076bd12eda,6404,historical_match,results/anomaly_v1/metrics/frozen_artifacts.json;results/fusion_v1/input_integrity_manifest.json;results/graph_temporal_v1/metrics/protected_artifacts.json;results/graph_v1/metrics/frozen_artifacts.json;results/temporal_v1/metrics/baseline_snapshot.json
results/baseline_v1/diagnostics/validation_threshold_lock.json,b23a1d6f9a6990e0a58fd6acdf09d71b496724fb51c02b873cd41059da52924d,20411,historical_match,results/anomaly_v1/metrics/frozen_artifacts.json;results/fusion_v1/input_integrity_manifest.json;results/graph_temporal_v1/metrics/protected_artifacts.json;results/graph_v1/metrics/frozen_artifacts.json;results/temporal_v1/metrics/baseline_snapshot.json
results/baseline_v1/diagnostics/xgboost_training_metrics.json,ad76ccbf0f374fbf7f42a7aab23af813b804c927f36829218004f91433d396c7,960,historical_match,results/anomaly_v1/metrics/frozen_artifacts.json;results/fusion_v1/input_integrity_manifest.json;results/graph_temporal_v1/metrics/protected_artifacts.json;results/graph_v1/metrics/frozen_artifacts.json;results/temporal_v1/metrics/baseline_snapshot.json
results/baseline_v1/environment.json,74e6fba2c9e61fac33e8557eb25a99dec34f02395b4dbdd6107a5e0709da8658,123,historical_match,results/anomaly_v1/metrics/frozen_artifacts.json;results/baseline_v1/diagnostics/input_integrity_manifest.json;results/baseline_v1/metrics/frozen_input_guard.json;results/fusion_v1/input_integrity_manifest.json;results/graph_temporal_v1/metrics/protected_artifacts.json;results/graph_v1/metrics/frozen_artifacts.json;results/temporal_v1/metrics/baseline_snapshot.json
results/baseline_v1/feature_exclusion_audit.csv,23158bfcd4ef3c641d7313c6bac59399a684f92a6003fd3aae2afbd4f24e193f,754,historical_match,results/anomaly_v1/metrics/frozen_artifacts.json;results/baseline_v1/diagnostics/input_integrity_manifest.json;results/baseline_v1/metrics/frozen_input_guard.json;results/fusion_v1/input_integrity_manifest.json;results/graph_temporal_v1/metrics/protected_artifacts.json;results/graph_v1/metrics/frozen_artifacts.json;results/temporal_v1/metrics/baseline_snapshot.json
results/baseline_v1/figures/confusion_matrices_seed42.png,978c6c735fc9cba6619521729e4ee7bb2b789644af6de9b62156c3f3edb0c11c,134327,historical_match,results/anomaly_v1/metrics/frozen_artifacts.json;results/baseline_v1/diagnostics/input_integrity_manifest.json;results/fusion_v1/input_integrity_manifest.json;results/graph_temporal_v1/metrics/protected_artifacts.json;results/graph_v1/metrics/frozen_artifacts.json;results/temporal_v1/metrics/baseline_snapshot.json
results/baseline_v1/metrics/attack_family_diagnostics.csv,42f21e92af7049789bfbf90515813feca6396dce02e98cf0c8b54f542bce9a17,7400,historical_match,results/anomaly_v1/metrics/frozen_artifacts.json;results/baseline_v1/diagnostics/input_integrity_manifest.json;results/fusion_v1/input_integrity_manifest.json;results/graph_temporal_v1/metrics/protected_artifacts.json;results/graph_v1/metrics/frozen_artifacts.json;results/temporal_v1/metrics/baseline_snapshot.json
results/baseline_v1/metrics/baseline_test_metrics.csv,ef1cc8287d10a0445adbec647147c319bcdd55e6364e2ed0f26d2ff1c2c86301,1715,historical_match,results/anomaly_v1/metrics/frozen_artifacts.json;results/baseline_v1/diagnostics/input_integrity_manifest.json;results/fusion_v1/input_integrity_manifest.json;results/graph_temporal_v1/metrics/protected_artifacts.json;results/graph_v1/metrics/frozen_artifacts.json;results/temporal_v1/metrics/baseline_snapshot.json
results/baseline_v1/metrics/baseline_validation_metrics.csv,c8815538ebf6ae41f1a4723ebb77133e1a972b57e22049e32135e5f6ffa0963f,1711,historical_match,results/anomaly_v1/metrics/frozen_artifacts.json;results/baseline_v1/diagnostics/input_integrity_manifest.json;results/fusion_v1/input_integrity_manifest.json;results/graph_temporal_v1/metrics/protected_artifacts.json;results/graph_v1/metrics/frozen_artifacts.json;results/temporal_v1/metrics/baseline_snapshot.json
results/baseline_v1/metrics/confusion_matrices/logistic_regression_seed42_test.csv,857cc95183d4c5de763784244223cb3148c15eb725e7ae421f9ef5f6327f173a,89,historical_match,results/anomaly_v1/metrics/frozen_artifacts.json;results/baseline_v1/diagnostics/input_integrity_manifest.json;results/fusion_v1/input_integrity_manifest.json;results/graph_temporal_v1/metrics/protected_artifacts.json;results/graph_v1/metrics/frozen_artifacts.json;results/temporal_v1/metrics/baseline_snapshot.json
results/baseline_v1/metrics/confusion_matrices/logistic_regression_seed42_validation.csv,57ecee48e4a5f3cf2e8e5eae7ee0606994a33b4679f5d21ec30afb4c5ec3363b,90,historical_match,results/anomaly_v1/metrics/frozen_artifacts.json;results/baseline_v1/diagnostics/input_integrity_manifest.json;results/fusion_v1/input_integrity_manifest.json;results/graph_temporal_v1/metrics/protected_artifacts.json;results/graph_v1/metrics/frozen_artifacts.json;results/temporal_v1/metrics/baseline_snapshot.json
results/baseline_v1/metrics/confusion_matrices/mlp_seed42_test.csv,55fa2b90b07a7f5d760c108723de3540aee4d2f14ba0703bf8e8f81dde17a13e,87,historical_match,results/anomaly_v1/metrics/frozen_artifacts.json;results/baseline_v1/diagnostics/input_integrity_manifest.json;results/fusion_v1/input_integrity_manifest.json;results/graph_temporal_v1/metrics/protected_artifacts.json;results/graph_v1/metrics/frozen_artifacts.json;results/temporal_v1/metrics/baseline_snapshot.json
results/baseline_v1/metrics/confusion_matrices/mlp_seed42_validation.csv,4740400a27c98d7b5e9b6b29d1a25702fa66cbe80a9059d8e8bdb5c8a1714cbf,87,historical_match,results/anomaly_v1/metrics/frozen_artifacts.json;results/baseline_v1/diagnostics/input_integrity_manifest.json;results/fusion_v1/input_integrity_manifest.json;results/graph_temporal_v1/metrics/protected_artifacts.json;results/graph_v1/metrics/frozen_artifacts.json;results/temporal_v1/metrics/baseline_snapshot.json
results/baseline_v1/metrics/confusion_matrices/random_forest_seed42_test.csv,1fc9d436cc40b899c9968aee623cb5b137768a37695f08259140b14d9222d05a,87,historical_match,results/anomaly_v1/metrics/frozen_artifacts.json;results/baseline_v1/diagnostics/input_integrity_manifest.json;results/fusion_v1/input_integrity_manifest.json;results/graph_temporal_v1/metrics/protected_artifacts.json;results/graph_v1/metrics/frozen_artifacts.json;results/temporal_v1/metrics/baseline_snapshot.json
results/baseline_v1/metrics/confusion_matrices/random_forest_seed42_validation.csv,e8996d6e8223f16f6c503a71bb3139027498e7507313f94e6d683ec16862f4e7,87,historical_match,results/anomaly_v1/metrics/frozen_artifacts.json;results/baseline_v1/diagnostics/input_integrity_manifest.json;results/fusion_v1/input_integrity_manifest.json;results/graph_temporal_v1/metrics/protected_artifacts.json;results/graph_v1/metrics/frozen_artifacts.json;results/temporal_v1/metrics/baseline_snapshot.json
results/baseline_v1/metrics/confusion_matrices/xgboost_seed42_test.csv,501f7dd6cdf765795375b3208e3cbf3424ff7767a16118726dbb14f2176bb698,88,historical_match,results/anomaly_v1/metrics/frozen_artifacts.json;results/baseline_v1/diagnostics/input_integrity_manifest.json;results/fusion_v1/input_integrity_manifest.json;results/graph_temporal_v1/metrics/protected_artifacts.json;results/graph_v1/metrics/frozen_artifacts.json;results/temporal_v1/metrics/baseline_snapshot.json
results/baseline_v1/metrics/confusion_matrices/xgboost_seed42_validation.csv,196fd954280f899edc1157960d0f386366cec43afe4502abbd41f7a2c2ba4319,87,historical_match,results/anomaly_v1/metrics/frozen_artifacts.json;results/baseline_v1/diagnostics/input_integrity_manifest.json;results/fusion_v1/input_integrity_manifest.json;results/graph_temporal_v1/metrics/protected_artifacts.json;results/graph_v1/metrics/frozen_artifacts.json;results/temporal_v1/metrics/baseline_snapshot.json
results/baseline_v1/metrics/development_configs_frozen.json,aa13df9d3074d04901cfa86e7ed7b2953653f3cb886475ad4c470265f68f8d81,780,historical_match,results/anomaly_v1/metrics/frozen_artifacts.json;results/baseline_v1/diagnostics/input_integrity_manifest.json;results/fusion_v1/input_integrity_manifest.json;results/graph_temporal_v1/metrics/protected_artifacts.json;results/graph_v1/metrics/frozen_artifacts.json;results/temporal_v1/metrics/baseline_snapshot.json
results/baseline_v1/metrics/environment.json,f8d4598c77ab5b7f747b87de35a0d3449147990cae005ef6d00957eb63018971,330,historical_match,results/anomaly_v1/metrics/frozen_artifacts.json;results/baseline_v1/diagnostics/input_integrity_manifest.json;results/fusion_v1/input_integrity_manifest.json;results/graph_temporal_v1/metrics/protected_artifacts.json;results/graph_v1/metrics/frozen_artifacts.json;results/temporal_v1/metrics/baseline_snapshot.json
results/baseline_v1/metrics/frozen_input_guard.json,0b1dabb3dde97aa4846b2701cce058f206fe9aca6ba0951d5dc4a3d5eee632b8,11690,historical_match,results/anomaly_v1/metrics/frozen_artifacts.json;results/baseline_v1/diagnostics/input_integrity_manifest.json;results/fusion_v1/input_integrity_manifest.json;results/graph_temporal_v1/metrics/protected_artifacts.json;results/graph_v1/metrics/frozen_artifacts.json;results/temporal_v1/metrics/baseline_snapshot.json
results/baseline_v1/metrics/infilteration_bot_diagnostics.csv,f26995b2329db282bcbe668cf3e4dcaa59f68ad089b1f39d5fad811be5cac0b7,1262,historical_match,results/anomaly_v1/metrics/frozen_artifacts.json;results/baseline_v1/diagnostics/input_integrity_manifest.json;results/fusion_v1/input_integrity_manifest.json;results/graph_temporal_v1/metrics/protected_artifacts.json;results/graph_v1/metrics/frozen_artifacts.json;results/temporal_v1/metrics/baseline_snapshot.json
results/baseline_v1/metrics/logistic_regression_seed42_evaluation.json,19526e4df60442f8988e2c06fd1ded9eedccef0bd8e4cbfc5e001fc150a7399c,11330,historical_match,results/anomaly_v1/metrics/frozen_artifacts.json;results/baseline_v1/diagnostics/input_integrity_manifest.json;results/fusion_v1/input_integrity_manifest.json;results/graph_temporal_v1/metrics/protected_artifacts.json;results/graph_v1/metrics/frozen_artifacts.json;results/temporal_v1/metrics/baseline_snapshot.json
results/baseline_v1/metrics/logistic_regression_seed42_selection.json,1cae6254b4c4813ca7076a5dca91c57e68cc47c02f1179eb62645a09f930ae82,4576,historical_match,results/anomaly_v1/metrics/frozen_artifacts.json;results/baseline_v1/diagnostics/input_integrity_manifest.json;results/fusion_v1/input_integrity_manifest.json;results/graph_temporal_v1/metrics/protected_artifacts.json;results/graph_v1/metrics/frozen_artifacts.json;results/temporal_v1/metrics/baseline_snapshot.json
results/baseline_v1/metrics/logistic_regression_seed42_training.json,fbeacba4fe8a55abb7a08dea4b7f98e82a780b9184995cd4fe7e659023dd70ab,1116,historical_match,results/anomaly_v1/metrics/frozen_artifacts.json;results/baseline_v1/diagnostics/input_integrity_manifest.json;results/fusion_v1/input_integrity_manifest.json;results/graph_temporal_v1/metrics/protected_artifacts.json;results/graph_v1/metrics/frozen_artifacts.json;results/temporal_v1/metrics/baseline_snapshot.json
results/baseline_v1/metrics/mlp_seed42_evaluation.json,e32b3a7a931eb47a9a756a36826d479c970c982eba80df9396f8d09d65e84c26,11276,historical_match,results/anomaly_v1/metrics/frozen_artifacts.json;results/baseline_v1/diagnostics/input_integrity_manifest.json;results/fusion_v1/input_integrity_manifest.json;results/graph_temporal_v1/metrics/protected_artifacts.json;results/graph_v1/metrics/frozen_artifacts.json;results/temporal_v1/metrics/baseline_snapshot.json
results/baseline_v1/metrics/mlp_seed42_selection.json,0febc0c63fd0fb45b81ffe47326a4acd9da9c9975149c9454b0043295082ae80,2811,historical_match,results/anomaly_v1/metrics/frozen_artifacts.json;results/baseline_v1/diagnostics/input_integrity_manifest.json;results/fusion_v1/input_integrity_manifest.json;results/graph_temporal_v1/metrics/protected_artifacts.json;results/graph_v1/metrics/frozen_artifacts.json;results/temporal_v1/metrics/baseline_snapshot.json
results/baseline_v1/metrics/mlp_seed42_training.json,67ba6857e5a56778ce124a540fcb1a2d5b9a29bbb3b29f6ab2cbb946d513731a,1088,historical_match,results/anomaly_v1/metrics/frozen_artifacts.json;results/baseline_v1/diagnostics/input_integrity_manifest.json;results/fusion_v1/input_integrity_manifest.json;results/graph_temporal_v1/metrics/protected_artifacts.json;results/graph_v1/metrics/frozen_artifacts.json;results/temporal_v1/metrics/baseline_snapshot.json
results/baseline_v1/metrics/phase4_integrity_check.json,387047dcc8b1f87cd9fc638325e51335263257289cca2321366cb26c2cc407ec,178,historical_match,results/anomaly_v1/metrics/frozen_artifacts.json;results/baseline_v1/diagnostics/input_integrity_manifest.json;results/fusion_v1/input_integrity_manifest.json;results/graph_temporal_v1/metrics/protected_artifacts.json;results/graph_v1/metrics/frozen_artifacts.json;results/temporal_v1/metrics/baseline_snapshot.json
results/baseline_v1/metrics/predictions/logistic_regression_seed42_test.npy,54260edcf89073206ad311bb833c9c2fc45e0159737c8b048178ec98998c0d07,10993272,historical_match,results/anomaly_v1/metrics/frozen_artifacts.json;results/baseline_v1/diagnostics/input_integrity_manifest.json;results/baseline_v1/metrics/logistic_regression_seed42_evaluation.json;results/fusion_v1/input_integrity_manifest.json;results/graph_temporal_v1/metrics/protected_artifacts.json;results/graph_v1/metrics/frozen_artifacts.json;results/temporal_v1/metrics/baseline_snapshot.json
results/baseline_v1/metrics/predictions/logistic_regression_seed42_validation.npy,6beb8c5186c8a89810727dff922425cc5233b6c7a4ea2d1d1865fc61e0438a80,13223672,historical_match,results/anomaly_v1/metrics/frozen_artifacts.json;results/baseline_v1/diagnostics/input_integrity_manifest.json;results/baseline_v1/metrics/logistic_regression_seed42_evaluation.json;results/fusion_v1/input_integrity_manifest.json;results/graph_temporal_v1/metrics/protected_artifacts.json;results/graph_v1/metrics/frozen_artifacts.json;results/temporal_v1/metrics/baseline_snapshot.json
results/baseline_v1/metrics/predictions/mlp_seed42_test.npy,9ec4c5132ffa5caedf6743c0a6375746b7d9312cc21f38414ff61d2022c6c9f1,10993272,historical_match,results/anomaly_v1/metrics/frozen_artifacts.json;results/baseline_v1/diagnostics/input_integrity_manifest.json;results/baseline_v1/metrics/mlp_seed42_evaluation.json;results/fusion_v1/input_integrity_manifest.json;results/graph_temporal_v1/metrics/protected_artifacts.json;results/graph_v1/metrics/frozen_artifacts.json;results/temporal_v1/metrics/baseline_snapshot.json
results/baseline_v1/metrics/predictions/mlp_seed42_validation.npy,5f649cec63827fe406d047264cee28789539d10c8720fe5ef771500a18199a0c,13223672,historical_match,results/anomaly_v1/metrics/frozen_artifacts.json;results/baseline_v1/diagnostics/input_integrity_manifest.json;results/baseline_v1/metrics/mlp_seed42_evaluation.json;results/fusion_v1/input_integrity_manifest.json;results/graph_temporal_v1/metrics/protected_artifacts.json;results/graph_v1/metrics/frozen_artifacts.json;results/temporal_v1/metrics/baseline_snapshot.json
results/baseline_v1/metrics/predictions/random_forest_seed42_test.npy,5b26f1c2b8282b53072ebb42fff641dc7b424f4a2a9a51bfc0c36e8b2b321c38,10993272,historical_match,results/anomaly_v1/metrics/frozen_artifacts.json;results/baseline_v1/diagnostics/input_integrity_manifest.json;results/baseline_v1/metrics/random_forest_seed42_evaluation.json;results/fusion_v1/input_integrity_manifest.json;results/graph_temporal_v1/metrics/protected_artifacts.json;results/graph_v1/metrics/frozen_artifacts.json;results/temporal_v1/metrics/baseline_snapshot.json
results/baseline_v1/metrics/predictions/random_forest_seed42_validation.npy,e2dde7016a32103cd568741fc3d38616c0e6b6580bb0454847edaeeb8451b7b3,13223672,historical_match,results/anomaly_v1/metrics/frozen_artifacts.json;results/baseline_v1/diagnostics/input_integrity_manifest.json;results/baseline_v1/metrics/random_forest_seed42_evaluation.json;results/fusion_v1/input_integrity_manifest.json;results/graph_temporal_v1/metrics/protected_artifacts.json;results/graph_v1/metrics/frozen_artifacts.json;results/temporal_v1/metrics/baseline_snapshot.json
results/baseline_v1/metrics/predictions/xgboost_seed42_test.npy,cb00f3ceea8d78f5f293313e09ff4b9844e9ab9f0704c4f20cb7feab3e73a402,10993272,historical_match,results/anomaly_v1/metrics/frozen_artifacts.json;results/baseline_v1/diagnostics/input_integrity_manifest.json;results/baseline_v1/metrics/xgboost_seed42_evaluation.json;results/fusion_v1/input_integrity_manifest.json;results/graph_temporal_v1/metrics/protected_artifacts.json;results/graph_v1/metrics/frozen_artifacts.json;results/temporal_v1/metrics/baseline_snapshot.json
results/baseline_v1/metrics/predictions/xgboost_seed42_validation.npy,d78161fce74696ded76ff1c8c688eabfa9c0cf55e766426e0e2201bdb635e689,13223672,historical_match,results/anomaly_v1/metrics/frozen_artifacts.json;results/baseline_v1/diagnostics/input_integrity_manifest.json;results/baseline_v1/metrics/xgboost_seed42_evaluation.json;results/fusion_v1/input_integrity_manifest.json;results/graph_temporal_v1/metrics/protected_artifacts.json;results/graph_v1/metrics/frozen_artifacts.json;results/temporal_v1/metrics/baseline_snapshot.json
results/baseline_v1/metrics/pretraining_attack_family_counts.csv,2fea718b51c496447bf897c2acd34fba3cbc66cdf08e4e5ae959f207d6782df1,1876,historical_match,results/anomaly_v1/metrics/frozen_artifacts.json;results/baseline_v1/diagnostics/input_integrity_manifest.json;results/fusion_v1/input_integrity_manifest.json;results/graph_temporal_v1/metrics/protected_artifacts.json;results/graph_v1/metrics/frozen_artifacts.json;results/temporal_v1/metrics/baseline_snapshot.json
results/baseline_v1/metrics/pretraining_binary_counts.csv,cc6ea89ec4cce0f03264fa54d7ffb783c490df835aeda37177d9742dcf1037f7,131,historical_match,results/anomaly_v1/metrics/frozen_artifacts.json;results/baseline_v1/diagnostics/input_integrity_manifest.json;results/fusion_v1/input_integrity_manifest.json;results/graph_temporal_v1/metrics/protected_artifacts.json;results/graph_v1/metrics/frozen_artifacts.json;results/temporal_v1/metrics/baseline_snapshot.json
results/baseline_v1/metrics/pretraining_check.json,e38d2fc14a810dc2f9a419a11eb95fabd9f38400fa015025d2ca0c39545ea1f0,1984,historical_match,results/anomaly_v1/metrics/frozen_artifacts.json;results/baseline_v1/diagnostics/input_integrity_manifest.json;results/fusion_v1/input_integrity_manifest.json;results/graph_temporal_v1/metrics/protected_artifacts.json;results/graph_v1/metrics/frozen_artifacts.json;results/temporal_v1/metrics/baseline_snapshot.json
results/baseline_v1/metrics/random_forest_seed42_evaluation.json,ed4cd13fb24742f14ce8292cc88894150698229f22a4e7a33ac8992ac167f0a8,11308,historical_match,results/anomaly_v1/metrics/frozen_artifacts.json;results/baseline_v1/diagnostics/input_integrity_manifest.json;results/fusion_v1/input_integrity_manifest.json;results/graph_temporal_v1/metrics/protected_artifacts.json;results/graph_v1/metrics/frozen_artifacts.json;results/temporal_v1/metrics/baseline_snapshot.json
results/baseline_v1/metrics/random_forest_seed42_selection.json,a39e558129f856f9dff3b186d216752e2ecbc619928795160cd6fcad34e09094,2830,historical_match,results/anomaly_v1/metrics/frozen_artifacts.json;results/baseline_v1/diagnostics/input_integrity_manifest.json;results/fusion_v1/input_integrity_manifest.json;results/graph_temporal_v1/metrics/protected_artifacts.json;results/graph_v1/metrics/frozen_artifacts.json;results/temporal_v1/metrics/baseline_snapshot.json
results/baseline_v1/metrics/random_forest_seed42_training.json,c216ffc9e0aa88faeef3166bf9987689dbc72f922d6d64ec17f12971033d0e11,1150,historical_match,results/anomaly_v1/metrics/frozen_artifacts.json;results/baseline_v1/diagnostics/input_integrity_manifest.json;results/fusion_v1/input_integrity_manifest.json;results/graph_temporal_v1/metrics/protected_artifacts.json;results/graph_v1/metrics/frozen_artifacts.json;results/temporal_v1/metrics/baseline_snapshot.json
results/baseline_v1/metrics/runtime_metrics.csv,b96eab21d69dcb2b34983550503edd7e9a11e66112d99de541ffd7e8e55f4f5a,1885,historical_match,results/anomaly_v1/metrics/frozen_artifacts.json;results/baseline_v1/diagnostics/input_integrity_manifest.json;results/fusion_v1/input_integrity_manifest.json;results/graph_temporal_v1/metrics/protected_artifacts.json;results/graph_v1/metrics/frozen_artifacts.json;results/temporal_v1/metrics/baseline_snapshot.json
results/baseline_v1/metrics/unseen_attack_diagnostics.csv,f26995b2329db282bcbe668cf3e4dcaa59f68ad089b1f39d5fad811be5cac0b7,1262,historical_match,results/anomaly_v1/metrics/frozen_artifacts.json;results/baseline_v1/diagnostics/input_integrity_manifest.json;results/fusion_v1/input_integrity_manifest.json;results/graph_temporal_v1/metrics/protected_artifacts.json;results/graph_v1/metrics/frozen_artifacts.json;results/temporal_v1/metrics/baseline_snapshot.json
results/baseline_v1/metrics/xgboost_seed42_evaluation.json,249ffdf286d1942e52ac33067092dabcb30690adc786091b67a5099e3017f696,11286,historical_match,results/anomaly_v1/metrics/frozen_artifacts.json;results/baseline_v1/diagnostics/input_integrity_manifest.json;results/fusion_v1/input_integrity_manifest.json;results/graph_temporal_v1/metrics/protected_artifacts.json;results/graph_v1/metrics/frozen_artifacts.json;results/temporal_v1/metrics/baseline_snapshot.json
results/baseline_v1/metrics/xgboost_seed42_selection.json,e057868ae0787508ca4c19a91d66a17caaebe96457be9cc6f81ebbffd4182207,3694,historical_match,results/anomaly_v1/metrics/frozen_artifacts.json;results/baseline_v1/diagnostics/input_integrity_manifest.json;results/fusion_v1/input_integrity_manifest.json;results/graph_temporal_v1/metrics/protected_artifacts.json;results/graph_v1/metrics/frozen_artifacts.json;results/temporal_v1/metrics/baseline_snapshot.json
results/baseline_v1/metrics/xgboost_seed42_training.json,34a3900428007874ad024f9feeff163d6fa00c1081d3d99c8a8c126c56156186,1157,historical_match,results/anomaly_v1/metrics/frozen_artifacts.json;results/baseline_v1/diagnostics/input_integrity_manifest.json;results/fusion_v1/input_integrity_manifest.json;results/graph_temporal_v1/metrics/protected_artifacts.json;results/graph_v1/metrics/frozen_artifacts.json;results/temporal_v1/metrics/baseline_snapshot.json
results/baseline_v1/models/logistic_regression_seed42.joblib,335f72845a40092a1d7f32fb2b394b1dad676b8c9a3eeea051abb914dbdc6b3e,1434,historical_match,results/anomaly_v1/metrics/frozen_artifacts.json;results/baseline_v1/diagnostics/input_integrity_manifest.json;results/baseline_v1/metrics/logistic_regression_seed42_training.json;results/fusion_v1/input_integrity_manifest.json;results/graph_temporal_v1/metrics/protected_artifacts.json;results/graph_v1/metrics/frozen_artifacts.json;results/temporal_v1/metrics/baseline_snapshot.json
results/baseline_v1/models/mlp_seed42.joblib,2ebbecc8cadc315455fcbf527ae45d206aff6fabffc80e008ddb11299f89a1ad,117146,historical_match,results/anomaly_v1/metrics/frozen_artifacts.json;results/baseline_v1/diagnostics/input_integrity_manifest.json;results/baseline_v1/metrics/mlp_seed42_training.json;results/fusion_v1/input_integrity_manifest.json;results/graph_temporal_v1/metrics/protected_artifacts.json;results/graph_v1/metrics/frozen_artifacts.json;results/temporal_v1/metrics/baseline_snapshot.json
results/baseline_v1/models/random_forest_seed42.joblib,99c2c7d4d19b1d940115c445eb26170bb72b9cf5b5fcc8008b2eccd09532730d,789935,historical_match,results/anomaly_v1/metrics/frozen_artifacts.json;results/baseline_v1/diagnostics/input_integrity_manifest.json;results/baseline_v1/metrics/random_forest_seed42_training.json;results/fusion_v1/input_integrity_manifest.json;results/graph_temporal_v1/metrics/protected_artifacts.json;results/graph_v1/metrics/frozen_artifacts.json;results/temporal_v1/metrics/baseline_snapshot.json
results/baseline_v1/models/xgboost_seed42.ubj,b8603b8faa3b888077a9a315df07383c8e613f0724ce6ac637f200b54fa6cb87,121906,historical_match,results/anomaly_v1/metrics/frozen_artifacts.json;results/baseline_v1/diagnostics/input_integrity_manifest.json;results/baseline_v1/metrics/xgboost_seed42_training.json;results/fusion_v1/input_integrity_manifest.json;results/graph_temporal_v1/metrics/protected_artifacts.json;results/graph_v1/metrics/frozen_artifacts.json;results/temporal_v1/metrics/baseline_snapshot.json
results/baseline_v1/partition_class_distribution.csv,24dc2f422c56b2cb7a5db51c0343101286a7fd43ca257b6d23c334a34be4d584,2826,historical_match,results/anomaly_v1/metrics/frozen_artifacts.json;results/baseline_v1/diagnostics/input_integrity_manifest.json;results/baseline_v1/metrics/frozen_input_guard.json;results/fusion_v1/input_integrity_manifest.json;results/graph_temporal_v1/metrics/protected_artifacts.json;results/graph_v1/metrics/frozen_artifacts.json;results/temporal_v1/metrics/baseline_snapshot.json
results/baseline_v1/pre_split_class_distribution.csv,ca607efa06bc3c08e6a6481a32cbf53ffdbdb7f45085d4a092b44cda89f7d854,8653,historical_match,results/anomaly_v1/metrics/frozen_artifacts.json;results/baseline_v1/diagnostics/input_integrity_manifest.json;results/baseline_v1/metrics/frozen_input_guard.json;results/fusion_v1/input_integrity_manifest.json;results/graph_temporal_v1/metrics/protected_artifacts.json;results/graph_v1/metrics/frozen_artifacts.json;results/temporal_v1/metrics/baseline_snapshot.json
results/baseline_v1/preprocessing.json,7a7e15a52108b0ef165481baaf9833c88c42e8c246a612f6846db2b0f2ae565a,13098,historical_match,results/anomaly_v1/metrics/frozen_artifacts.json;results/baseline_v1/diagnostics/input_integrity_manifest.json;results/baseline_v1/metrics/frozen_input_guard.json;results/fusion_v1/input_integrity_manifest.json;results/graph_temporal_v1/metrics/protected_artifacts.json;results/graph_v1/metrics/frozen_artifacts.json;results/temporal_v1/metrics/baseline_snapshot.json
results/baseline_v1/preprocessing_application_audit.csv,8a54d2d06f7f089d6bd1cef0a86e2f2ce4ac06a8b6e175ca9527ff99c9df45d6,697,historical_match,results/anomaly_v1/metrics/frozen_artifacts.json;results/baseline_v1/diagnostics/input_integrity_manifest.json;results/baseline_v1/metrics/frozen_input_guard.json;results/fusion_v1/input_integrity_manifest.json;results/graph_temporal_v1/metrics/protected_artifacts.json;results/graph_v1/metrics/frozen_artifacts.json;results/temporal_v1/metrics/baseline_snapshot.json
results/baseline_v1/run_config.json,98b67ef51d7a51dac069fd1c0d9c161da8dc1369367fa383dd258e425a2112fb,1327,historical_match,results/anomaly_v1/metrics/frozen_artifacts.json;results/baseline_v1/diagnostics/input_integrity_manifest.json;results/baseline_v1/metrics/frozen_input_guard.json;results/fusion_v1/input_integrity_manifest.json;results/graph_temporal_v1/metrics/protected_artifacts.json;results/graph_v1/metrics/frozen_artifacts.json;results/temporal_v1/metrics/baseline_snapshot.json
results/baseline_v1/schema_exclusions.csv,23158bfcd4ef3c641d7313c6bac59399a684f92a6003fd3aae2afbd4f24e193f,754,historical_match,results/anomaly_v1/metrics/frozen_artifacts.json;results/baseline_v1/diagnostics/input_integrity_manifest.json;results/baseline_v1/metrics/frozen_input_guard.json;results/fusion_v1/input_integrity_manifest.json;results/graph_temporal_v1/metrics/protected_artifacts.json;results/graph_v1/metrics/frozen_artifacts.json;results/temporal_v1/metrics/baseline_snapshot.json
results/baseline_v1/source_manifest.json,cbdad0dadd1964f461cde88a6c16a400a7a07bb35bb6e9a3dfbec715ef0253a4,11849,historical_match,results/anomaly_v1/metrics/frozen_artifacts.json;results/baseline_v1/diagnostics/input_integrity_manifest.json;results/baseline_v1/metrics/frozen_input_guard.json;results/fusion_v1/input_integrity_manifest.json;results/graph_temporal_v1/metrics/protected_artifacts.json;results/graph_v1/metrics/frozen_artifacts.json;results/temporal_v1/metrics/baseline_snapshot.json
results/baseline_v1/split_candidates.csv,2f5f427554bb6143bcb7f10dcdc0b6b58e1b7e2a08729547855fee85b2eba063,10316,historical_match,results/anomaly_v1/metrics/frozen_artifacts.json;results/baseline_v1/diagnostics/input_integrity_manifest.json;results/baseline_v1/metrics/frozen_input_guard.json;results/fusion_v1/input_integrity_manifest.json;results/graph_temporal_v1/metrics/protected_artifacts.json;results/graph_v1/metrics/frozen_artifacts.json;results/temporal_v1/metrics/baseline_snapshot.json
results/baseline_v1/split_plan.json,9890a711c0838190a13816736f7c099685d2c2690caa6c74afb2b217e1f7362e,9618,historical_match,results/anomaly_v1/metrics/frozen_artifacts.json;results/baseline_v1/diagnostics/input_integrity_manifest.json;results/baseline_v1/metrics/frozen_input_guard.json;results/fusion_v1/input_integrity_manifest.json;results/graph_temporal_v1/metrics/protected_artifacts.json;results/graph_v1/metrics/frozen_artifacts.json;results/temporal_v1/metrics/baseline_snapshot.json
results/baseline_v1/verification.json,4f8c9d93732aeb57d15e8fd6f39bcabf2f47c3d2bb9d792691378c346cc470e3,5163,historical_match,results/anomaly_v1/metrics/frozen_artifacts.json;results/baseline_v1/diagnostics/input_integrity_manifest.json;results/baseline_v1/metrics/frozen_input_guard.json;results/fusion_v1/input_integrity_manifest.json;results/graph_temporal_v1/metrics/protected_artifacts.json;results/graph_v1/metrics/frozen_artifacts.json;results/temporal_v1/metrics/baseline_snapshot.json
results/fusion_v1/benign_only_thresholds.csv,d52ac41e0480d65035bff90c0c289be88422f34c353ea4dc58794756e3474f89,2408,historical_match,results/graph_temporal_v1/metrics/protected_artifacts.json
results/fusion_v1/benign_validation_ecdf_reference.npy,f58d593f2b4e4fe066a23bdd1768e6a1a6da4803bba472663a61fe39a3c74d49,12668288,historical_match,results/graph_temporal_v1/metrics/protected_artifacts.json
results/fusion_v1/family_metrics.csv,dfe71954a29dea0a0cf49f7fdbf053b17e6abecba77b0de01f020c64e04be916,35256,historical_match,results/graph_temporal_v1/metrics/protected_artifacts.json
results/fusion_v1/figures/family_comparison/test_1pct.png,f15a221487ae4c87d48874c3081450401bf475b17137645fda13e4950400f660,55839,historical_match,results/graph_temporal_v1/metrics/protected_artifacts.json
results/fusion_v1/figures/fusion_pr/test.png,3fdcc0e146361a6f46dcafd75ee15d5cced48d4a3739d1c01c9b5b93a201f385,131003,historical_match,results/graph_temporal_v1/metrics/protected_artifacts.json
results/fusion_v1/figures/fusion_pr/validation.png,eb85950fa9a312502585eb9a090b8131cafabc182fb4db6dd13a2630763ab4ac,69972,historical_match,results/graph_temporal_v1/metrics/protected_artifacts.json
results/fusion_v1/figures/fusion_roc/test.png,e04fae004a8d69ec69433425cbfa22a5a555fe31b7b3e3a32e7298c30fd2db94,91588,historical_match,results/graph_temporal_v1/metrics/protected_artifacts.json
results/fusion_v1/figures/fusion_roc/validation.png,2c30b9e22427b058ac8903158c98877e46cbe9d07c37de4b6f6016cef4b554e8,97463,historical_match,results/graph_temporal_v1/metrics/protected_artifacts.json
results/fusion_v1/figures/score_relationship/test_Benign.png,6d7874d5913af2a4ef7ff2fa521d1d5bc7d264783e0ce6a9444c9b548a5c1a14,131291,historical_match,results/graph_temporal_v1/metrics/protected_artifacts.json
results/fusion_v1/figures/score_relationship/test_Bot.png,9909bb339a5bb5c45f6b11243faed8bcf69a0f54460698e8b93cecc6873d90c0,89313,historical_match,results/graph_temporal_v1/metrics/protected_artifacts.json
results/fusion_v1/figures/score_relationship/test_Infilteration.png,93cd37b23cb82145e1752ad6a0d47fc0ee29485061e9b135c5767ce72a6ab040,126812,historical_match,results/graph_temporal_v1/metrics/protected_artifacts.json
results/fusion_v1/figures/score_relationship/validation_Benign.png,de51de44a2189c33b5fc05fe044125e35805ba2b98d856fb94408663d9a48292,129973,historical_match,results/graph_temporal_v1/metrics/protected_artifacts.json
results/fusion_v1/figures/score_relationship/validation_Infilteration.png,06d8ae0d96bd990b18a9fb82d18d59a6ceaf731cfa64cdf6d421edf79e5e0da0,126314,historical_match,results/graph_temporal_v1/metrics/protected_artifacts.json
results/fusion_v1/fusion_comparison_1pct.csv,6c88b598309d9281c128fde5029e40d5d7d8b9010b5fb1f48917c4552884e240,1416,historical_match,results/graph_temporal_v1/metrics/protected_artifacts.json
results/fusion_v1/fusion_deltas_vs_rf_1pct.csv,123603373396811b47ee1d37d9ac99d2bd8ecf22a3e52bc312d3fd55121aac6b,584,historical_match,results/graph_temporal_v1/metrics/protected_artifacts.json
results/fusion_v1/fusion_methods.csv,ba043a22bfddadebb8ba53259f5dea606d2a35faf8f3bb6f179a542d469cd92d,383,historical_match,results/graph_temporal_v1/metrics/protected_artifacts.json
results/fusion_v1/input_integrity_manifest.json,d825032b1187633ff4b0e6e854ddd48a64a059c643c3abd89eb43520c26b725d,181175,historical_match,results/graph_temporal_v1/metrics/protected_artifacts.json
results/fusion_v1/integrity_report.md,8df02d30e04afb08093c0ca096bc1e59d36269e71e6eacf46c547f6efbfea66b,674,historical_match,results/graph_temporal_v1/metrics/protected_artifacts.json
results/fusion_v1/integrity_verification.json,084e5bfb8516c40ccbb322a0eb254e8254fac095a5794bc80936038382a52ab0,841,historical_match,results/graph_temporal_v1/metrics/protected_artifacts.json
results/fusion_v1/label_aware_thresholds.csv,8e624595490dc3718c33bebea34ab574fad6a999622f0171923e668f09579efa,417,historical_match,results/graph_temporal_v1/metrics/protected_artifacts.json
results/fusion_v1/output_verification.json,bf85cacbcdc31ffeefbc649dea653a3ffac28eab8fc6195190eb5571ede015c5,321,historical_match,results/graph_temporal_v1/metrics/protected_artifacts.json
results/fusion_v1/phase8_results_summary.md,6a222d7ea9f6be600540e921d772b83e8cc78575cd235b8042ac5ac050c86de8,7883,historical_match,results/graph_temporal_v1/metrics/protected_artifacts.json
results/fusion_v1/primary_threshold_lock.json,a3ba58a1f3f013ad799c131c11113b82c1b98953acef2309e6be996a9e23e0c4,7044,historical_match,results/graph_temporal_v1/metrics/protected_artifacts.json
results/fusion_v1/protocol.json,7a602fc7f711c4382b134e9cb4beeb41dc62a5b5503322ac3e16e3a6538e4f99,908,historical_match,results/graph_temporal_v1/metrics/protected_artifacts.json
results/fusion_v1/rf_ae_detection_overlap.csv,e10e648ed1123aea4f0db4be77c0509dac4806c08f2b8d26f7248cce3fd03379,385,historical_match,results/graph_temporal_v1/metrics/protected_artifacts.json
results/fusion_v1/score_correlations.csv,67dd861c26629259846ab335f1b5cf9e034b66da97ddc8ee770391bdf222e66f,799,historical_match,results/graph_temporal_v1/metrics/protected_artifacts.json
results/fusion_v1/secondary_and_existing_threshold_lock.json,3aebe8ab1d8d811fa7317e0e7c8ff5885ab5b13a385a0030fc4b6c75802fc7f8,3506,historical_match,results/graph_temporal_v1/metrics/protected_artifacts.json
results/fusion_v1/test_metrics.csv,fc3e5a5f8e9ced0317d014677abf5283205cd16e835c225dacb76e09ddc9e2b7,15371,historical_match,results/graph_temporal_v1/metrics/protected_artifacts.json
results/fusion_v1/validation_metrics.csv,511fa6fb1c28d5fbe93916e69cd6a081755498412df1eb1a0e81f7f1eaed3f0b,15591,historical_match,results/graph_temporal_v1/metrics/protected_artifacts.json
results/graph_temporal_v1/component_progression.csv,b05142227aee359ba065b0480e49dcfcf35d0417e3178c54947bebfaa42e5982,8529,phase10_snapshot,
results/graph_temporal_v1/configs/coverage_gate_amendment.json,f9f2c18b70f4e433aea803ca1aa2159cbb9898c5cabaacd3a77614a70b518641,828,phase10_snapshot,
results/graph_temporal_v1/configs/protocol.json,6bbcc817f600371a2b348b6703926b9a0dd40bb34e1d775dce60218f195f27fb,1731,historical_match,results/graph_temporal_v1/metrics/gat_transformer_L1_training.json;results/graph_temporal_v1/metrics/gat_transformer_L4_training.json;results/graph_temporal_v1/metrics/gat_transformer_L8_training.json
results/graph_temporal_v1/configs/threshold_lock.json,c5aff29f95f367192c9e4d41d5b96f5d0900d3e2fd3dd9c31a1d650256ffe07e,3325,phase10_snapshot,
results/graph_temporal_v1/development_search.csv,f830fa93ee880c8916b765a999614a4f8f477bcacfbeea6ac3961fdc9de7aaab,328,phase10_snapshot,
results/graph_temporal_v1/figures/component_progression.png,530171957fb31556ee98f939fdd1d38b55c05d5b64b6b47f760a75bc12c2cbac,44171,phase10_snapshot,
results/graph_temporal_v1/figures/test_error_counts.png,fe67a562a94eaea66fddc3c92f25f3114478e00720950f872777a4c18a88e075,102589,phase10_snapshot,
results/graph_temporal_v1/integrity_report.md,8019e5831a34a439967413c2f06054281694f3fb7fd9a5507fe2d6060f15e306,698,phase10_snapshot,
results/graph_temporal_v1/matched_cohort_manifest.json,2004adf3b83b2d4ccb6e1eb1581c2fdd6b9156fa537f0bd364ff8ec83d300e3c,1252,phase10_snapshot,
results/graph_temporal_v1/metrics/coverage_gate.json,a828d2cd3234385767b0367392fe2b963663888faae62eb305417ac2f0517f40,1898,phase10_snapshot,
results/graph_temporal_v1/metrics/edge_mlp_test.npy,3131ab3970055cf7f60ddd5f5b0431c3568068e2d2e19d0ee456b8f2fca52552,1700856,phase10_snapshot,
results/graph_temporal_v1/metrics/edge_mlp_validation.npy,4825736fe125bd923e530be35a6f6b02ae3acc3f67485e1e9560efd3260f4de5,710384,phase10_snapshot,
results/graph_temporal_v1/metrics/eligible_source_rows.npy,7efec58fc4eb4331a8c38b84f6b33ed78d0a89f58991cfa2c170afd63555769d,3794984,historical_match,results/graph_temporal_v1/matched_cohort_manifest.json
results/graph_temporal_v1/metrics/eligible_target_ids.npy,06000e0c4b80de292acb824703ca446b1b71e8ac5a789c0d836a9038160c9664,3794984,historical_match,results/graph_temporal_v1/matched_cohort_manifest.json
results/graph_temporal_v1/metrics/gat_transformer_L1_history.json,41c24498120e7fcce22a0f30cee69ea71462540995592972dd1dfa9fdb1a3723,1734,phase10_snapshot,
results/graph_temporal_v1/metrics/gat_transformer_L1_test.npy,88ce8b0ff32ba582a15f6ba7549fbdfe32d410681d4737489f42aad9b23781c8,1700856,phase10_snapshot,
results/graph_temporal_v1/metrics/gat_transformer_L1_training.json,647b8a451eb23af141e2d41862f4e9af8fa6595f9877d3ed537f88708be42d41,860,phase10_snapshot,
results/graph_temporal_v1/metrics/gat_transformer_L1_validation.npy,afb2c058a419d8d731de1a30c3b15375058291bd86afdc493c55b43304f48534,710384,historical_match,results/graph_temporal_v1/metrics/gat_transformer_L1_training.json
results/graph_temporal_v1/metrics/gat_transformer_L4_history.json,5800e1e2b1f18a021bf8f8adc26e01afbf89ca187d571df057bd5e1d7b59dbb9,1732,phase10_snapshot,
results/graph_temporal_v1/metrics/gat_transformer_L4_test.npy,70e210354cc60c380c65a7a11410a6772c7271ba289db942fecc00bd258706f4,1700856,phase10_snapshot,
results/graph_temporal_v1/metrics/gat_transformer_L4_training.json,6f645d036897a81166cd86a2082881a130e9675abbe2f2ca610d69f56d5a601b,858,phase10_snapshot,
results/graph_temporal_v1/metrics/gat_transformer_L4_validation.npy,682d6f5764f032623c6e12ecd6b0b566f469d0d4688ae76561ba41f021fd3430,710384,historical_match,results/graph_temporal_v1/metrics/gat_transformer_L4_training.json
results/graph_temporal_v1/metrics/gat_transformer_L8_history.json,24bb0c431951277d75be723394e5c04f71df186ac689d21aa0b0240ce35a0045,2311,phase10_snapshot,
results/graph_temporal_v1/metrics/gat_transformer_L8_test.npy,b5caf6671dba0c0433e468ac99293491630e6f73470732c3982a906bc2318843,1700856,phase10_snapshot,
results/graph_temporal_v1/metrics/gat_transformer_L8_training.json,07a9f79da7dc4d9f988fa47f7cd099d6e787ccfc6a5fbbc2f94d15c4075e071b,860,phase10_snapshot,
results/graph_temporal_v1/metrics/gat_transformer_L8_validation.npy,05e3cf6986e1844b0e48e8d9506cbbe2c2da93b53671f8420930220f15d91291,710384,historical_match,results/graph_temporal_v1/metrics/gat_transformer_L8_training.json
results/graph_temporal_v1/metrics/gatv2_w1_h128_p2_test.npy,1180c02f86a0bb88b60f09a43c7dc034711c8a65b3dc33dae0fb88bc8a56ad23,1700856,phase10_snapshot,
results/graph_temporal_v1/metrics/gatv2_w1_h128_p2_validation.npy,b6090a61348a6b8b3dd1079f2989ff265275e851487d4be101e750ad24029cab,710384,phase10_snapshot,
results/graph_temporal_v1/metrics/history_identity_types.npy,f16fdedeb1aa60d05eb87a5fe3d29656b86bc98de9b949c895051095e8756b64,3794984,historical_match,results/graph_temporal_v1/matched_cohort_manifest.json
results/graph_temporal_v1/metrics/history_indices.npy,e07c965ad8e8b0a421a0167460033acaa4f8f9bcb4bb739bfa79ec739290f1b7,30358976,historical_match,results/graph_temporal_v1/matched_cohort_manifest.json
results/graph_temporal_v1/metrics/history_preparation_timing.json,da74e59218b94a431f21761e77ad42386a7539a630f8cd0b029389f69f7e72fb,533,phase10_snapshot,
results/graph_temporal_v1/metrics/integrity_verification.json,e6d02b5f9f655780d94ce00dd6516c0959ad16e2a84f4ba11d8362c4104db4f2,1149,phase10_snapshot,
results/graph_temporal_v1/metrics/output_verification.json,99acb6ce2f5e1ec3b45c87343bd7e1c7c409b3c31509ba9f9c88a89729a7817a,508,phase10_snapshot,
results/graph_temporal_v1/metrics/phase6_hash_verification.json,598fa1c4401081e782f8099710cc21768b893376ce36a276ae1d676aff094dc8,6456,phase10_snapshot,
results/graph_temporal_v1/metrics/protected_artifacts.json,018e65006e330d0a7f3c722219cebf6f6dc64f57901983cd9b07871e7c65f83d,102577,phase10_snapshot,
results/graph_temporal_v1/metrics/representation_manifest.json,92c6d9ff548eb6025d387c94c3039bf4d386b22e4f6b9a892cf4af02dc8bb41b,1090,phase10_snapshot,
results/graph_temporal_v1/metrics/representations.npy,4397974b61c87aa15eb6ff137bc0ab26ca1db8909a0d848719ca2435e531e091,637535936,historical_match,results/graph_temporal_v1/metrics/representation_manifest.json
results/graph_temporal_v1/metrics/target_partitions.npy,cc453c8874db0221113d1107219b841a1842e1e2bcb7068ad31835a995caa528,474485,phase10_snapshot,
results/graph_temporal_v1/metrics/targets_y.npy,18624167dd2c50c351276874a4be8555ffa3a25a6953e3de7f8545855db54b9d,474485,phase10_snapshot,
results/graph_temporal_v1/models/gat_transformer_L1.pt,bafa0b45f69b6783799a82b81850600934ae54eb76f46d89e09e7d8a631775b1,366762,historical_match,results/graph_temporal_v1/metrics/gat_transformer_L1_training.json
results/graph_temporal_v1/models/gat_transformer_L4.pt,55031b63f5915f12c31d7d46dbe4b4c2ca2c37ef6201d79ffa95fc73c65200b7,366762,historical_match,results/graph_temporal_v1/metrics/gat_transformer_L4_training.json
results/graph_temporal_v1/models/gat_transformer_L8.pt,9b1d95c8a98e33c4208fce13e873ad852121437e0f7ca34406c0d0d7e2f6db58,366762,historical_match,results/graph_temporal_v1/metrics/gat_transformer_L8_training.json
results/graph_temporal_v1/phase9_results_summary.md,be237abf5461820d6fac31aa66e09b86f330aebe33e619d25c74c7868f8f18fa,12315,phase10_snapshot,
results/graph_temporal_v1/runtime_metrics.csv,91b1978298375fe8ed557ca23c17ad01e68c2bfa3d01604b8665429bf05c5e68,3635,phase10_snapshot,
results/graph_temporal_v1/temporal_ablation.csv,09ff7c836e9638e0d981af1825599e8b388d26c4db0d2e6dae1c42b4a2b02047,2439,phase10_snapshot,
results/graph_temporal_v1/temporal_history_coverage.csv,d7b8eaaed74739ba168cdc86825cea794410c7c76d1591821d5fe2779ca5d684,4590,phase10_snapshot,
results/graph_temporal_v1/test_metrics.csv,bc872b7976c001eba2a89923c4a209280607434e8b8bf887c8ee4c6b93eca5ee,4469,phase10_snapshot,
results/graph_temporal_v1/thresholds.csv,e8608b53c0b82461a1bbd91f35bfffbf45f819d6ece80eb5544c65545e9b91a0,907,phase10_snapshot,
results/graph_temporal_v1/validation_metrics.csv,dd7f2645b443da7a7352043a97823d2a747b741610adb563acf4e4648e9e503d,4321,phase10_snapshot,
results/graph_v1/causal_prefix_diagnostics.csv,781ac87b62a3087bd0763dda87067d5b1bd0f0e4d78f4ae87be16eee2971967e,85427,historical_match,results/anomaly_v1/metrics/frozen_artifacts.json;results/fusion_v1/input_integrity_manifest.json;results/graph_temporal_v1/metrics/protected_artifacts.json
results/graph_v1/cohort_counts.csv,e226a182eeda5db5cc45ef75ce15e3779cbe49b6e9d47a84e34b288097cf2601,237,historical_match,results/anomaly_v1/metrics/frozen_artifacts.json;results/fusion_v1/input_integrity_manifest.json;results/graph_temporal_v1/metrics/protected_artifacts.json
results/graph_v1/configs/edge_mlp.json,3f2d11074cd3dc9657fc0e03e2f0b00f721b41cb024343ea34a4cad3746641c0,179,historical_match,results/anomaly_v1/metrics/frozen_artifacts.json;results/fusion_v1/input_integrity_manifest.json;results/graph_temporal_v1/metrics/protected_artifacts.json
results/graph_v1/configs/gatv2_self_only.json,68bf4265ba896de3970c2a1961e199f8fa7fa0d3a2a397f856aac274da7df59c,166,historical_match,results/anomaly_v1/metrics/frozen_artifacts.json;results/fusion_v1/input_integrity_manifest.json;results/graph_temporal_v1/metrics/protected_artifacts.json
results/graph_v1/configs/gatv2_w10.json,2bc488fe8c246d7c46b4387c419ee2066eb17d093a92500d04b0f76be9c59a67,157,historical_match,results/anomaly_v1/metrics/frozen_artifacts.json;results/fusion_v1/input_integrity_manifest.json;results/graph_temporal_v1/metrics/protected_artifacts.json
results/graph_v1/configs/gatv2_w1_h128_p2.json,3d45ae01fdcb68958670f8d4aaf593c5da4279c4e4420414fb1254a0705a6e6a,163,historical_match,results/anomaly_v1/metrics/frozen_artifacts.json;results/fusion_v1/input_integrity_manifest.json;results/graph_temporal_v1/metrics/protected_artifacts.json
results/graph_v1/configs/gatv2_w1_h64_p1.json,b8a1ec955523e0df6f6294ad4c1871868014d93a7a8c19975a98d50eb54429b0,161,historical_match,results/anomaly_v1/metrics/frozen_artifacts.json;results/fusion_v1/input_integrity_manifest.json;results/graph_temporal_v1/metrics/protected_artifacts.json
results/graph_v1/configs/gatv2_w5.json,3099a7c1fd6107f0b3d37b326f84259010a3e8a48894c8eca5ac30f745464b1a,155,historical_match,results/anomaly_v1/metrics/frozen_artifacts.json;results/fusion_v1/input_integrity_manifest.json;results/graph_temporal_v1/metrics/protected_artifacts.json
results/graph_v1/configs/logistic_regression.json,608762b36cb1fe575649ed541f853c8ffe962db9d94daf6a991f99d5907c61ec,383,historical_match,results/anomaly_v1/metrics/frozen_artifacts.json;results/fusion_v1/input_integrity_manifest.json;results/graph_temporal_v1/metrics/protected_artifacts.json
results/graph_v1/configs/preprocessing.json,ba9b94d60b81cfd664ee1a70f938fbfe17f5d137b347b8cda0a59bfbbf7082ae,12634,historical_match,results/anomaly_v1/metrics/frozen_artifacts.json;results/fusion_v1/input_integrity_manifest.json;results/graph_temporal_v1/metrics/phase6_hash_verification.json;results/graph_temporal_v1/metrics/protected_artifacts.json;results/graph_v1/metrics/data_manifest.json
results/graph_v1/configs/primary_selection.json,dd9661c6b98ab6bb987e2154f08cad5f40f6b27fe7c17e01646c21f09d29b3e1,435,historical_match,results/anomaly_v1/metrics/frozen_artifacts.json;results/fusion_v1/input_integrity_manifest.json;results/graph_temporal_v1/metrics/protected_artifacts.json
results/graph_v1/configs/protocol.json,bd235df12201feb9ce43f87fde433dc764029f6cbaa8bf88756e496e2162b63e,2500,historical_match,results/anomaly_v1/metrics/frozen_artifacts.json;results/fusion_v1/input_integrity_manifest.json;results/graph_temporal_v1/metrics/protected_artifacts.json;results/graph_v1/metrics/edge_mlp_training.json;results/graph_v1/metrics/gatv2_self_only_training.json;results/graph_v1/metrics/gatv2_w10_training.json;results/graph_v1/metrics/gatv2_w1_h128_p2_training.json;results/graph_v1/metrics/gatv2_w1_h64_p1_training.json;results/graph_v1/metrics/gatv2_w5_training.json;results/graph_v1/metrics/logistic_regression_training.json;results/graph_v1/metrics/random_forest_training.json;results/graph_v1/metrics/xgboost_training.json
results/graph_v1/configs/random_forest.json,5a1638946ba1f3d894787c022dcabb72708e19ab88e29359f0dd389a76a3ce65,477,historical_match,results/anomaly_v1/metrics/frozen_artifacts.json;results/fusion_v1/input_integrity_manifest.json;results/graph_temporal_v1/metrics/protected_artifacts.json
results/graph_v1/configs/split_approval.json,f2cc699ccc08522ec52cf7feb9a430b95c25f3e0df369d941346c872e2dbbfa7,286,historical_match,results/anomaly_v1/metrics/frozen_artifacts.json;results/fusion_v1/input_integrity_manifest.json;results/graph_temporal_v1/metrics/protected_artifacts.json
results/graph_v1/configs/threshold_lock.json,c55726bba5d2a6f5e68d2552b059bdd316502a5def7833fb36b03dece1c97aac,24660,historical_match,results/anomaly_v1/metrics/frozen_artifacts.json;results/fusion_v1/input_integrity_manifest.json;results/graph_temporal_v1/metrics/protected_artifacts.json
results/graph_v1/configs/xgboost.json,97d4e838df9336349e686cbf6ad3a7f65d72dd283deeb8c3b4a147024de615f2,448,historical_match,results/anomaly_v1/metrics/frozen_artifacts.json;results/fusion_v1/input_integrity_manifest.json;results/graph_temporal_v1/metrics/protected_artifacts.json
results/graph_v1/development_search.csv,76acc91e1b67198a4b2381861560ac00fff28e72ad69147d5a9a51b4535da26b,703,historical_match,results/anomaly_v1/metrics/frozen_artifacts.json;results/fusion_v1/input_integrity_manifest.json;results/graph_temporal_v1/metrics/protected_artifacts.json
results/graph_v1/figures/ablation_confusion_matrices.png,745b03b9564e25fa4fc7e6dac61440b36a7be5746ec4a569420482e1c2c4bba3,34318,historical_match,results/anomaly_v1/metrics/frozen_artifacts.json;results/fusion_v1/input_integrity_manifest.json;results/graph_temporal_v1/metrics/protected_artifacts.json
results/graph_v1/figures/matched_test_comparison.png,be76af461fecc442f7322f8c989b9fcc4b446133456e383f9e9aff2b53fbe158,40758,historical_match,results/anomaly_v1/metrics/frozen_artifacts.json;results/fusion_v1/input_integrity_manifest.json;results/graph_temporal_v1/metrics/protected_artifacts.json
results/graph_v1/figures/window_sensitivity.png,4bbafb0f0e7e88189cfc7af3ef32285536403b37751243631c1f07badfe99470,41622,historical_match,results/anomaly_v1/metrics/frozen_artifacts.json;results/fusion_v1/input_integrity_manifest.json;results/graph_temporal_v1/metrics/protected_artifacts.json
results/graph_v1/flow_completion_overlap.csv,2665c6475a5e89b51e8509b99c9971628da19e3eeb8ca646b1d76cd586b49a4e,264,historical_match,results/anomaly_v1/metrics/frozen_artifacts.json;results/fusion_v1/input_integrity_manifest.json;results/graph_temporal_v1/metrics/protected_artifacts.json
results/graph_v1/graph_ablation.csv,db00869f13420bb11c8321093ddf884d53882b929ec9cc3b9ade804e0fd6fd40,4933,historical_match,results/anomaly_v1/metrics/frozen_artifacts.json;results/fusion_v1/input_integrity_manifest.json;results/graph_temporal_v1/metrics/protected_artifacts.json
results/graph_v1/graph_construction_report.md,eb47d6f9d43c4e5c519be47ed972beb7d1096756e677bc3f8020b6538d3f6518,3603,historical_match,results/anomaly_v1/metrics/frozen_artifacts.json;results/fusion_v1/input_integrity_manifest.json;results/graph_temporal_v1/metrics/protected_artifacts.json
results/graph_v1/graph_diagnostics_summary.csv,d89f91d79170eb85f25dfafa82190188c3592cdf821ed139853cde2d6f825479,5603,historical_match,results/anomaly_v1/metrics/frozen_artifacts.json;results/fusion_v1/input_integrity_manifest.json;results/graph_temporal_v1/metrics/protected_artifacts.json
results/graph_v1/graph_snapshot_diagnostics.csv,322242a8b2e7e821da79c306f9550c180c3858f60e4b7c1e7d176d3efb83c991,84584,historical_match,results/anomaly_v1/metrics/frozen_artifacts.json;results/fusion_v1/input_integrity_manifest.json;results/graph_temporal_v1/metrics/protected_artifacts.json
results/graph_v1/integrity_report.md,6c51f9243fbc60b7bf931d88fc7d6ee7dba32fce12223d8810def7e25c5b1401,754,historical_match,results/anomaly_v1/metrics/frozen_artifacts.json;results/fusion_v1/input_integrity_manifest.json;results/graph_temporal_v1/metrics/protected_artifacts.json
results/graph_v1/matched_cohort_comparison.csv,01678e43c64ced186248ee0be0e56ff36aabdf2d0e625b83b1759ff13d21a8da,8822,historical_match,results/anomaly_v1/metrics/frozen_artifacts.json;results/fusion_v1/input_integrity_manifest.json;results/graph_temporal_v1/metrics/protected_artifacts.json
results/graph_v1/metrics/data_manifest.json,4909128bd649603112cb18a416ff940664200ccea204eb2ee7e0be7a0930295c,3755,historical_match,results/anomaly_v1/metrics/frozen_artifacts.json;results/fusion_v1/input_integrity_manifest.json;results/graph_temporal_v1/metrics/protected_artifacts.json
results/graph_v1/metrics/edge_mlp_evaluation.json,beb5b3ae2c7b3bfda81b09abc9af033291177e946b6a25cb15549d76b2d2d7b6,6994,historical_match,results/anomaly_v1/metrics/frozen_artifacts.json;results/fusion_v1/input_integrity_manifest.json;results/graph_temporal_v1/metrics/protected_artifacts.json
results/graph_v1/metrics/edge_mlp_history.json,7e332379dda9b55eddc4f42b382a332123bbeea025e1cd706ef1fb60483bad68,3426,historical_match,results/anomaly_v1/metrics/frozen_artifacts.json;results/fusion_v1/input_integrity_manifest.json;results/graph_temporal_v1/metrics/protected_artifacts.json
results/graph_v1/metrics/edge_mlp_test_evaluation.npy,3131ab3970055cf7f60ddd5f5b0431c3568068e2d2e19d0ee456b8f2fca52552,1700856,historical_match,results/anomaly_v1/metrics/frozen_artifacts.json;results/fusion_v1/input_integrity_manifest.json;results/graph_temporal_v1/metrics/phase6_hash_verification.json;results/graph_temporal_v1/metrics/protected_artifacts.json;results/graph_v1/metrics/edge_mlp_evaluation.json
results/graph_v1/metrics/edge_mlp_training.json,b094bffa160d8948fe7461c1902bde164734e089978beeffed99bc1e9ba15aef,1165,historical_match,results/anomaly_v1/metrics/frozen_artifacts.json;results/fusion_v1/input_integrity_manifest.json;results/graph_temporal_v1/metrics/phase6_hash_verification.json;results/graph_temporal_v1/metrics/protected_artifacts.json
results/graph_v1/metrics/edge_mlp_validation.npy,4825736fe125bd923e530be35a6f6b02ae3acc3f67485e1e9560efd3260f4de5,710384,historical_match,results/anomaly_v1/metrics/frozen_artifacts.json;results/fusion_v1/input_integrity_manifest.json;results/graph_temporal_v1/metrics/protected_artifacts.json;results/graph_v1/metrics/edge_mlp_training.json
results/graph_v1/metrics/edge_mlp_validation_evaluation.npy,4825736fe125bd923e530be35a6f6b02ae3acc3f67485e1e9560efd3260f4de5,710384,historical_match,results/anomaly_v1/metrics/frozen_artifacts.json;results/fusion_v1/input_integrity_manifest.json;results/graph_temporal_v1/metrics/phase6_hash_verification.json;results/graph_temporal_v1/metrics/protected_artifacts.json;results/graph_v1/metrics/edge_mlp_evaluation.json
results/graph_v1/metrics/environment.json,5b5ebc26180ddcb5e610b0ed8abd0e871df650de6f1a4975de6fa5c10464e177,298,historical_match,results/anomaly_v1/metrics/frozen_artifacts.json;results/fusion_v1/input_integrity_manifest.json;results/graph_temporal_v1/metrics/protected_artifacts.json
results/graph_v1/metrics/evaluation_cohort.parquet,9bc27a5c2700c6b17a08fccdae270cb9d6c547b2ded4b530274fe4cb37936312,1790033,historical_match,results/anomaly_v1/metrics/frozen_artifacts.json;results/fusion_v1/input_integrity_manifest.json;results/graph_temporal_v1/metrics/phase6_hash_verification.json;results/graph_temporal_v1/metrics/protected_artifacts.json;results/graph_v1/metrics/data_manifest.json
results/graph_v1/metrics/frozen_artifacts.json,87052fa5ed0d9f8862d1ee66f7d1b2723c24043433d9fefed6fe53f0f4841965,61089,historical_match,results/anomaly_v1/metrics/frozen_artifacts.json;results/fusion_v1/input_integrity_manifest.json;results/graph_temporal_v1/metrics/protected_artifacts.json
results/graph_v1/metrics/gatv2_self_only_evaluation.json,5ec2c45f1b7188061b5788cd9364a86bb5f1a019030d27153ca8596a448b2d76,6445,historical_match,results/anomaly_v1/metrics/frozen_artifacts.json;results/fusion_v1/input_integrity_manifest.json;results/graph_temporal_v1/metrics/protected_artifacts.json
results/graph_v1/metrics/gatv2_self_only_history.json,d8b54e8bb3dfb3c03a2a85b7f71553ecc681100e893fc02162bcb7085824dc51,3281,historical_match,results/anomaly_v1/metrics/frozen_artifacts.json;results/fusion_v1/input_integrity_manifest.json;results/graph_temporal_v1/metrics/protected_artifacts.json
results/graph_v1/metrics/gatv2_self_only_test_evaluation.npy,0a94a8ad1aecc0b1f27ba306d9bfb0307abb04309c39891227e3c736b3567818,1700856,historical_match,results/anomaly_v1/metrics/frozen_artifacts.json;results/fusion_v1/input_integrity_manifest.json;results/graph_temporal_v1/metrics/protected_artifacts.json;results/graph_v1/metrics/gatv2_self_only_evaluation.json
results/graph_v1/metrics/gatv2_self_only_training.json,6fa42b083b7623ff0d9f0fefc5e5f98c2e58e8edab9e5f55849d5905fc2c05e0,1135,historical_match,results/anomaly_v1/metrics/frozen_artifacts.json;results/fusion_v1/input_integrity_manifest.json;results/graph_temporal_v1/metrics/protected_artifacts.json
results/graph_v1/metrics/gatv2_self_only_validation.npy,885d86864e48a838e05071ae85f0fdbc9154cd3cf2002cde9c3f9305887e50b3,710384,historical_match,results/anomaly_v1/metrics/frozen_artifacts.json;results/fusion_v1/input_integrity_manifest.json;results/graph_temporal_v1/metrics/protected_artifacts.json;results/graph_v1/metrics/gatv2_self_only_training.json
results/graph_v1/metrics/gatv2_self_only_validation_evaluation.npy,885d86864e48a838e05071ae85f0fdbc9154cd3cf2002cde9c3f9305887e50b3,710384,historical_match,results/anomaly_v1/metrics/frozen_artifacts.json;results/fusion_v1/input_integrity_manifest.json;results/graph_temporal_v1/metrics/protected_artifacts.json;results/graph_v1/metrics/gatv2_self_only_evaluation.json
results/graph_v1/metrics/gatv2_w10_evaluation.json,b6cb3bd31b5d3c94e3c3fafb5619112ca916509ce9e63ce7a8fecd3459d9d7d4,6942,historical_match,results/anomaly_v1/metrics/frozen_artifacts.json;results/fusion_v1/input_integrity_manifest.json;results/graph_temporal_v1/metrics/protected_artifacts.json
results/graph_v1/metrics/gatv2_w10_history.json,c3d8c95b0aa0aba72a84cfcd0c898d645aa984954b48a2f8e832c1afb0ab8a88,3228,historical_match,results/anomaly_v1/metrics/frozen_artifacts.json;results/fusion_v1/input_integrity_manifest.json;results/graph_temporal_v1/metrics/protected_artifacts.json
results/graph_v1/metrics/gatv2_w10_test_evaluation.npy,e3fffc3705479a22585b7c4002a0c90e358516d2884b8f91cc85cef49de96a8d,1700856,historical_match,results/anomaly_v1/metrics/frozen_artifacts.json;results/fusion_v1/input_integrity_manifest.json;results/graph_temporal_v1/metrics/protected_artifacts.json;results/graph_v1/metrics/gatv2_w10_evaluation.json
results/graph_v1/metrics/gatv2_w10_training.json,d8a8f9f59b9f0c885bf4d091772aecc9c354b7c74d8e88314a21a85c868300c2,1142,historical_match,results/anomaly_v1/metrics/frozen_artifacts.json;results/fusion_v1/input_integrity_manifest.json;results/graph_temporal_v1/metrics/protected_artifacts.json
results/graph_v1/metrics/gatv2_w10_validation.npy,00cd573267ad5fbc1e9859a619dd0512bca6c795168382d44318aff483c53139,710384,historical_match,results/anomaly_v1/metrics/frozen_artifacts.json;results/fusion_v1/input_integrity_manifest.json;results/graph_temporal_v1/metrics/protected_artifacts.json;results/graph_v1/metrics/gatv2_w10_training.json
results/graph_v1/metrics/gatv2_w10_validation_evaluation.npy,00cd573267ad5fbc1e9859a619dd0512bca6c795168382d44318aff483c53139,710384,historical_match,results/anomaly_v1/metrics/frozen_artifacts.json;results/fusion_v1/input_integrity_manifest.json;results/graph_temporal_v1/metrics/protected_artifacts.json;results/graph_v1/metrics/gatv2_w10_evaluation.json
results/graph_v1/metrics/gatv2_w1_h128_p2_evaluation.json,9a4adb789e92160c06aacf233d56e94060b858f9983359f963249eb3c45afe83,6947,historical_match,results/anomaly_v1/metrics/frozen_artifacts.json;results/fusion_v1/input_integrity_manifest.json;results/graph_temporal_v1/metrics/protected_artifacts.json
results/graph_v1/metrics/gatv2_w1_h128_p2_history.json,07b1ad88c0db8c254fc59876a75fd019f50caf2257d0f4c6347ba9ea5a18f2e1,3277,historical_match,results/anomaly_v1/metrics/frozen_artifacts.json;results/fusion_v1/input_integrity_manifest.json;results/graph_temporal_v1/metrics/protected_artifacts.json
results/graph_v1/metrics/gatv2_w1_h128_p2_test_evaluation.npy,1180c02f86a0bb88b60f09a43c7dc034711c8a65b3dc33dae0fb88bc8a56ad23,1700856,historical_match,results/anomaly_v1/metrics/frozen_artifacts.json;results/fusion_v1/input_integrity_manifest.json;results/graph_temporal_v1/metrics/phase6_hash_verification.json;results/graph_temporal_v1/metrics/protected_artifacts.json;results/graph_v1/metrics/gatv2_w1_h128_p2_evaluation.json
results/graph_v1/metrics/gatv2_w1_h128_p2_training.json,be3a5e3389236eef977627365ffe908c782d9d4358be9041fc7216727428770b,1148,historical_match,results/anomaly_v1/metrics/frozen_artifacts.json;results/fusion_v1/input_integrity_manifest.json;results/graph_temporal_v1/metrics/phase6_hash_verification.json;results/graph_temporal_v1/metrics/protected_artifacts.json
results/graph_v1/metrics/gatv2_w1_h128_p2_validation.npy,b6090a61348a6b8b3dd1079f2989ff265275e851487d4be101e750ad24029cab,710384,historical_match,results/anomaly_v1/metrics/frozen_artifacts.json;results/fusion_v1/input_integrity_manifest.json;results/graph_temporal_v1/metrics/protected_artifacts.json;results/graph_v1/metrics/gatv2_w1_h128_p2_training.json
results/graph_v1/metrics/gatv2_w1_h128_p2_validation_evaluation.npy,b6090a61348a6b8b3dd1079f2989ff265275e851487d4be101e750ad24029cab,710384,historical_match,results/anomaly_v1/metrics/frozen_artifacts.json;results/fusion_v1/input_integrity_manifest.json;results/graph_temporal_v1/metrics/phase6_hash_verification.json;results/graph_temporal_v1/metrics/protected_artifacts.json;results/graph_v1/metrics/gatv2_w1_h128_p2_evaluation.json
results/graph_v1/metrics/gatv2_w1_h64_p1_history.json,7be9b412dab9794bcacc76bb4f9c367fe2772d65266afd9303cbb55281ed8dca,3282,historical_match,results/anomaly_v1/metrics/frozen_artifacts.json;results/fusion_v1/input_integrity_manifest.json;results/graph_temporal_v1/metrics/protected_artifacts.json
results/graph_v1/metrics/gatv2_w1_h64_p1_training.json,a0afac86ab1b79719b83d2f62dad6b5aea41f202837c97185b7db69090b46c0b,1144,historical_match,results/anomaly_v1/metrics/frozen_artifacts.json;results/fusion_v1/input_integrity_manifest.json;results/graph_temporal_v1/metrics/protected_artifacts.json
results/graph_v1/metrics/gatv2_w1_h64_p1_validation.npy,48ec4c8b09b396d6de3b58b6be3b020b62a98e180fdc97bf6af806ed2210c903,710384,historical_match,results/anomaly_v1/metrics/frozen_artifacts.json;results/fusion_v1/input_integrity_manifest.json;results/graph_temporal_v1/metrics/protected_artifacts.json;results/graph_v1/metrics/gatv2_w1_h64_p1_training.json
results/graph_v1/metrics/gatv2_w5_evaluation.json,22dc20d75c99849d0e6b36b52d95171b63e1d5eebce70e622ac6d0cd3f6b7748,6878,historical_match,results/anomaly_v1/metrics/frozen_artifacts.json;results/fusion_v1/input_integrity_manifest.json;results/graph_temporal_v1/metrics/protected_artifacts.json
results/graph_v1/metrics/gatv2_w5_history.json,b015e988793683809d6a6e9ab1d23b069b25eb45c00b8f085a197529560fe6f3,3225,historical_match,results/anomaly_v1/metrics/frozen_artifacts.json;results/fusion_v1/input_integrity_manifest.json;results/graph_temporal_v1/metrics/protected_artifacts.json
results/graph_v1/metrics/gatv2_w5_test_evaluation.npy,ad62dbff5cb0f23bb8b47d1831e61975eb7637b6d87497ae22ff7698e86254a0,1700856,historical_match,results/anomaly_v1/metrics/frozen_artifacts.json;results/fusion_v1/input_integrity_manifest.json;results/graph_temporal_v1/metrics/protected_artifacts.json;results/graph_v1/metrics/gatv2_w5_evaluation.json
results/graph_v1/metrics/gatv2_w5_training.json,e70b7040d62c4d4668c1898dc446c73947e0dc807020e5ffd3d09eb1520ca5cf,1134,historical_match,results/anomaly_v1/metrics/frozen_artifacts.json;results/fusion_v1/input_integrity_manifest.json;results/graph_temporal_v1/metrics/protected_artifacts.json
results/graph_v1/metrics/gatv2_w5_validation.npy,bebbbe6c772c193c65305f40344991c29bc98d418437b050e7aabd5a611eeb7e,710384,historical_match,results/anomaly_v1/metrics/frozen_artifacts.json;results/fusion_v1/input_integrity_manifest.json;results/graph_temporal_v1/metrics/protected_artifacts.json;results/graph_v1/metrics/gatv2_w5_training.json
results/graph_v1/metrics/gatv2_w5_validation_evaluation.npy,bebbbe6c772c193c65305f40344991c29bc98d418437b050e7aabd5a611eeb7e,710384,historical_match,results/anomaly_v1/metrics/frozen_artifacts.json;results/fusion_v1/input_integrity_manifest.json;results/graph_temporal_v1/metrics/protected_artifacts.json;results/graph_v1/metrics/gatv2_w5_evaluation.json
results/graph_v1/metrics/integrity_verification.json,a5eb45c5ebf35dd9ba2d56c6b7611e9d55b42f8ed0f343cc884df9d0b94ffb30,1851,historical_match,results/anomaly_v1/metrics/frozen_artifacts.json;results/fusion_v1/input_integrity_manifest.json;results/graph_temporal_v1/metrics/protected_artifacts.json
results/graph_v1/metrics/logistic_regression_evaluation.json,2558655b90ceb850968b1112c5f2248dc22898ec2c3468362e1c4b527250873b,6970,historical_match,results/anomaly_v1/metrics/frozen_artifacts.json;results/fusion_v1/input_integrity_manifest.json;results/graph_temporal_v1/metrics/protected_artifacts.json
results/graph_v1/metrics/logistic_regression_history.json,e0b2d319766d2dac89e1448e8b68a68f8db19b851aaad637c829978c59b73fc5,2169,historical_match,results/anomaly_v1/metrics/frozen_artifacts.json;results/fusion_v1/input_integrity_manifest.json;results/graph_temporal_v1/metrics/protected_artifacts.json
results/graph_v1/metrics/logistic_regression_test_evaluation.npy,f1102e69524b554a1f98abb88012b1f996781e51e243945c0fea0daab375d152,850492,historical_match,results/anomaly_v1/metrics/frozen_artifacts.json;results/fusion_v1/input_integrity_manifest.json;results/graph_temporal_v1/metrics/protected_artifacts.json;results/graph_v1/metrics/logistic_regression_evaluation.json
results/graph_v1/metrics/logistic_regression_training.json,ad66422ec81c9d696941db46fa82757d95a85195974a28b658ba8d7231097d85,1462,historical_match,results/anomaly_v1/metrics/frozen_artifacts.json;results/fusion_v1/input_integrity_manifest.json;results/graph_temporal_v1/metrics/protected_artifacts.json
results/graph_v1/metrics/logistic_regression_validation.npy,5a58892335a5bae9ec6415d668fe6bf5e508b87f7d717224c33651334fddbc58,355256,historical_match,results/anomaly_v1/metrics/frozen_artifacts.json;results/fusion_v1/input_integrity_manifest.json;results/graph_temporal_v1/metrics/protected_artifacts.json;results/graph_v1/metrics/logistic_regression_training.json
results/graph_v1/metrics/logistic_regression_validation_evaluation.npy,5a58892335a5bae9ec6415d668fe6bf5e508b87f7d717224c33651334fddbc58,355256,historical_match,results/anomaly_v1/metrics/frozen_artifacts.json;results/fusion_v1/input_integrity_manifest.json;results/graph_temporal_v1/metrics/protected_artifacts.json;results/graph_v1/metrics/logistic_regression_evaluation.json
results/graph_v1/metrics/random_forest_evaluation.json,8d9db6a6685dfc3a272d38196d726bdb72bc26abeb78ee82d575b1b39ca5509a,7027,historical_match,results/anomaly_v1/metrics/frozen_artifacts.json;results/fusion_v1/input_integrity_manifest.json;results/graph_temporal_v1/metrics/protected_artifacts.json
results/graph_v1/metrics/random_forest_history.json,a5338d955b09046ec0b16f3a9625b7955c763aae07dc722e474e6078745f932f,4,historical_match,results/anomaly_v1/metrics/frozen_artifacts.json;results/fusion_v1/input_integrity_manifest.json;results/graph_temporal_v1/metrics/protected_artifacts.json
results/graph_v1/metrics/random_forest_test_evaluation.npy,fe286e22b6dcc153079d1bdcb93abb7c31e865916ef1be8cdf79c04202633a07,1700856,historical_match,results/anomaly_v1/metrics/frozen_artifacts.json;results/fusion_v1/input_integrity_manifest.json;results/graph_temporal_v1/metrics/protected_artifacts.json;results/graph_v1/metrics/random_forest_evaluation.json
results/graph_v1/metrics/random_forest_training.json,a220a94147eb93fa8752aab46e8acddf359d37e611e632ca1d864dfac92938f1,1557,historical_match,results/anomaly_v1/metrics/frozen_artifacts.json;results/fusion_v1/input_integrity_manifest.json;results/graph_temporal_v1/metrics/protected_artifacts.json
results/graph_v1/metrics/random_forest_validation.npy,8a83c7282a2c754d033c6f27ff014ac433f80c05b9bc92e7c0893a73319e450c,710384,historical_match,results/anomaly_v1/metrics/frozen_artifacts.json;results/fusion_v1/input_integrity_manifest.json;results/graph_temporal_v1/metrics/protected_artifacts.json;results/graph_v1/metrics/random_forest_training.json
results/graph_v1/metrics/random_forest_validation_evaluation.npy,8a83c7282a2c754d033c6f27ff014ac433f80c05b9bc92e7c0893a73319e450c,710384,historical_match,results/anomaly_v1/metrics/frozen_artifacts.json;results/fusion_v1/input_integrity_manifest.json;results/graph_temporal_v1/metrics/protected_artifacts.json;results/graph_v1/metrics/random_forest_evaluation.json
results/graph_v1/metrics/xgboost_evaluation.json,ae679195cab8c142afd6d6f15f9420378a194e4061f99c809567b18b612009fd,6748,historical_match,results/anomaly_v1/metrics/frozen_artifacts.json;results/fusion_v1/input_integrity_manifest.json;results/graph_temporal_v1/metrics/protected_artifacts.json
results/graph_v1/metrics/xgboost_history.json,a0731ab2e278482188fbcb7b2dfed630b51d776fc59b2c9f4ade55c15f405489,4223,historical_match,results/anomaly_v1/metrics/frozen_artifacts.json;results/fusion_v1/input_integrity_manifest.json;results/graph_temporal_v1/metrics/protected_artifacts.json
results/graph_v1/metrics/xgboost_test_evaluation.npy,2a532b59388604d3ff507cd8ba89003128409318bc490274c74a0556c88711a9,850492,historical_match,results/anomaly_v1/metrics/frozen_artifacts.json;results/fusion_v1/input_integrity_manifest.json;results/graph_temporal_v1/metrics/protected_artifacts.json;results/graph_v1/metrics/xgboost_evaluation.json
results/graph_v1/metrics/xgboost_training.json,de2f9cb23ea42428163ea78b94062ad8f4965b9093885f0f797cff3dfab39cdf,1523,historical_match,results/anomaly_v1/metrics/frozen_artifacts.json;results/fusion_v1/input_integrity_manifest.json;results/graph_temporal_v1/metrics/protected_artifacts.json
results/graph_v1/metrics/xgboost_validation.npy,6bf0b4bd94a16fd6877829e48376608df596392f28639bbf0da0f09f1eaec792,355256,historical_match,results/anomaly_v1/metrics/frozen_artifacts.json;results/fusion_v1/input_integrity_manifest.json;results/graph_temporal_v1/metrics/protected_artifacts.json;results/graph_v1/metrics/xgboost_training.json
results/graph_v1/metrics/xgboost_validation_evaluation.npy,6bf0b4bd94a16fd6877829e48376608df596392f28639bbf0da0f09f1eaec792,355256,historical_match,results/anomaly_v1/metrics/frozen_artifacts.json;results/fusion_v1/input_integrity_manifest.json;results/graph_temporal_v1/metrics/protected_artifacts.json;results/graph_v1/metrics/xgboost_evaluation.json
results/graph_v1/models/edge_mlp.pt,029f60eeb153bd28f2c525a406308ee4d381fb7442af1164f6dcc2d23b375d27,456850,historical_match,results/anomaly_v1/metrics/frozen_artifacts.json;results/fusion_v1/input_integrity_manifest.json;results/graph_temporal_v1/metrics/phase6_hash_verification.json;results/graph_temporal_v1/metrics/protected_artifacts.json;results/graph_v1/configs/threshold_lock.json;results/graph_v1/metrics/edge_mlp_training.json
results/graph_v1/models/gatv2_self_only.pt,5d28df7ad58226c4093c0aa0ad3f9370d42bacb89855299e8eb485ab1098051f,460122,historical_match,results/anomaly_v1/metrics/frozen_artifacts.json;results/fusion_v1/input_integrity_manifest.json;results/graph_temporal_v1/metrics/protected_artifacts.json;results/graph_v1/configs/threshold_lock.json;results/graph_v1/metrics/gatv2_self_only_training.json
results/graph_v1/models/gatv2_w10.pt,c5f2951d111ec3a766eeee3ed43a9ff640de67079fd40bdc559f82a9bdd51913,459978,historical_match,results/anomaly_v1/metrics/frozen_artifacts.json;results/fusion_v1/input_integrity_manifest.json;results/graph_temporal_v1/metrics/protected_artifacts.json;results/graph_v1/configs/threshold_lock.json;results/graph_v1/metrics/gatv2_w10_training.json
results/graph_v1/models/gatv2_w1_h128_p2.pt,d6dc00de50e196ec4f1689d7f5180ac3d92b9e8bf4974264af104562f655b0a1,460146,historical_match,results/anomaly_v1/metrics/frozen_artifacts.json;results/fusion_v1/input_integrity_manifest.json;results/graph_temporal_v1/metrics/phase6_hash_verification.json;results/graph_temporal_v1/metrics/protected_artifacts.json;results/graph_v1/configs/threshold_lock.json;results/graph_v1/metrics/gatv2_w1_h128_p2_training.json
results/graph_v1/models/gatv2_w1_h64_p1.pt,1cf5ae9fc8b1cf46a8ca69f89c0cbf6f598e06b541b01747a92c4277cdd96e40,135258,historical_match,results/anomaly_v1/metrics/frozen_artifacts.json;results/fusion_v1/input_integrity_manifest.json;results/graph_temporal_v1/metrics/protected_artifacts.json;results/graph_v1/metrics/gatv2_w1_h64_p1_training.json
results/graph_v1/models/gatv2_w5.pt,4b2e199ff28060bf3936d11caf481e52cbca8498cb186141f962c800fa094ee9,459954,historical_match,results/anomaly_v1/metrics/frozen_artifacts.json;results/fusion_v1/input_integrity_manifest.json;results/graph_temporal_v1/metrics/protected_artifacts.json;results/graph_v1/configs/threshold_lock.json;results/graph_v1/metrics/gatv2_w5_training.json
results/graph_v1/models/logistic_regression.joblib,a2ab76905936bb65bcd6ce052eaba8e8538436947dd78ac43d3cd29403827dce,2377,historical_match,results/anomaly_v1/metrics/frozen_artifacts.json;results/fusion_v1/input_integrity_manifest.json;results/graph_temporal_v1/metrics/protected_artifacts.json;results/graph_v1/configs/threshold_lock.json;results/graph_v1/metrics/logistic_regression_training.json
results/graph_v1/models/random_forest.joblib,1aa211901cb23d4cbaa5b83ba9ed985eac8fe8c5b1c8ea5d0741efe20891e81a,1196185,historical_match,results/anomaly_v1/metrics/frozen_artifacts.json;results/fusion_v1/input_integrity_manifest.json;results/graph_temporal_v1/metrics/protected_artifacts.json;results/graph_v1/configs/threshold_lock.json;results/graph_v1/metrics/random_forest_training.json
results/graph_v1/models/xgboost.ubj,55b7b84d6b219c6519459e489e9fe1813bef66c9961572b7f45d4f7af90872a7,221256,historical_match,results/anomaly_v1/metrics/frozen_artifacts.json;results/fusion_v1/input_integrity_manifest.json;results/graph_temporal_v1/metrics/protected_artifacts.json;results/graph_v1/configs/threshold_lock.json;results/graph_v1/metrics/xgboost_training.json
results/graph_v1/phase6_results_summary.md,d164cf344be34ce3e8ecbf705861c6f8e2c7f69b369a2982d15ca9b63d3daae0,11570,historical_match,results/anomaly_v1/metrics/frozen_artifacts.json;results/fusion_v1/input_integrity_manifest.json;results/graph_temporal_v1/metrics/protected_artifacts.json
results/graph_v1/pre_split/feb20_attack_timeline.csv,af13c28aeebcfb6aee98ef3e7d035cb36b36195bb17814dfd8455aaedc13f1ef,45347,historical_match,results/anomaly_v1/metrics/frozen_artifacts.json;results/fusion_v1/input_integrity_manifest.json;results/graph_temporal_v1/metrics/protected_artifacts.json
results/graph_v1/pre_split/feb20_attack_timeline_summary.md,2ab2c9196e50a82a9b81f1dbca13133cc1c6014061bada222f05761693f149f2,5174,historical_match,results/anomaly_v1/metrics/frozen_artifacts.json;results/fusion_v1/input_integrity_manifest.json;results/graph_temporal_v1/metrics/protected_artifacts.json
results/graph_v1/pre_split/proposed_split.json,593589f8f9c387ae65bde0ec4c837d297615f25223434db13b5614004cdd3259,9125,historical_match,results/anomaly_v1/metrics/frozen_artifacts.json;results/fusion_v1/input_integrity_manifest.json;results/graph_temporal_v1/metrics/protected_artifacts.json
results/graph_v1/runtime_metrics.csv,0da588f79d4bde82e963bbcdc1a00d5be19dff2ec424f578426620c9e91e60e9,2927,historical_match,results/anomaly_v1/metrics/frozen_artifacts.json;results/fusion_v1/input_integrity_manifest.json;results/graph_temporal_v1/metrics/protected_artifacts.json
results/graph_v1/selected_model.json,e5ec6a45375ae87a0c45d7ccd9c207934ec9f41a5100b86efe893e7385ec36b6,884,historical_match,results/anomaly_v1/metrics/frozen_artifacts.json;results/fusion_v1/input_integrity_manifest.json;results/graph_temporal_v1/metrics/phase6_hash_verification.json;results/graph_temporal_v1/metrics/protected_artifacts.json
results/graph_v1/test_metrics.csv,32e067d0e321422570d2153e9576fff419239b1ea2ae0bfe8a7c52a0c0616769,7177,historical_match,results/anomaly_v1/metrics/frozen_artifacts.json;results/fusion_v1/input_integrity_manifest.json;results/graph_temporal_v1/metrics/protected_artifacts.json
results/graph_v1/thresholds.csv,dd54e55d7966888bdbb87eaea8b2ff52eccf9bcc27c3195b023ee7b35ea725aa,5617,historical_match,results/anomaly_v1/metrics/frozen_artifacts.json;results/fusion_v1/input_integrity_manifest.json;results/graph_temporal_v1/metrics/phase6_hash_verification.json;results/graph_temporal_v1/metrics/protected_artifacts.json
results/graph_v1/validation_metrics.csv,b68cbae30daf7b69270680af2b666906485266cb55f4b662bf95390a39cad64f,6489,historical_match,results/anomaly_v1/metrics/frozen_artifacts.json;results/fusion_v1/input_integrity_manifest.json;results/graph_temporal_v1/metrics/protected_artifacts.json
results/graph_v1/window_sensitivity.csv,04ffd0bb846260fe803db39a7bf822fe2c284a2ea66bb7b29a2f2834f19dd259,5345,historical_match,results/anomaly_v1/metrics/frozen_artifacts.json;results/fusion_v1/input_integrity_manifest.json;results/graph_temporal_v1/metrics/protected_artifacts.json
results/temporal_v1/attack_family_diagnostics.csv,aa993523c006654b23e0913bd3cb84f0bf7269e3f01ea6179e8192e335cc2a9f,12853,historical_match,results/anomaly_v1/metrics/frozen_artifacts.json;results/fusion_v1/input_integrity_manifest.json;results/graph_temporal_v1/metrics/protected_artifacts.json;results/graph_v1/metrics/frozen_artifacts.json
results/temporal_v1/configs/operating_threshold_lock.json,a12bb5a38b724a1efc8ee6d6574dfade6674c90ed180d791cf3fac0afe924502,17699,historical_match,results/anomaly_v1/metrics/frozen_artifacts.json;results/fusion_v1/input_integrity_manifest.json;results/graph_temporal_v1/metrics/protected_artifacts.json;results/graph_v1/metrics/frozen_artifacts.json
results/temporal_v1/configs/protocol.json,560cbdc4e963d41f0803bc7e7e3011a529ceaf23b30d605b630409a359b7914c,1089,historical_match,results/anomaly_v1/metrics/frozen_artifacts.json;results/fusion_v1/input_integrity_manifest.json;results/graph_temporal_v1/metrics/protected_artifacts.json;results/graph_v1/metrics/frozen_artifacts.json;results/temporal_v1/metrics/transformer_L16_d64_n2_p01_training.json;results/temporal_v1/metrics/transformer_L1_control_training.json;results/temporal_v1/metrics/transformer_L32_d64_n2_p01_training.json;results/temporal_v1/metrics/transformer_L64_d128_n3_p02_training.json;results/temporal_v1/metrics/transformer_L64_d64_n2_p01_training.json
results/temporal_v1/configs/transformer_L16_d64_n2_p01.json,98b1adddd5ebd1a75492bc4d0b41b24776e4a5011040db8b981ebd08063d22a6,217,historical_match,results/anomaly_v1/metrics/frozen_artifacts.json;results/fusion_v1/input_integrity_manifest.json;results/graph_temporal_v1/metrics/protected_artifacts.json;results/graph_v1/metrics/frozen_artifacts.json
results/temporal_v1/configs/transformer_L1_control.json,2c9fc27aae4d7fc31cb1cf1b06e485448aef35567e3fa1d1a11f617b1964783a,212,historical_match,results/anomaly_v1/metrics/frozen_artifacts.json;results/fusion_v1/input_integrity_manifest.json;results/graph_temporal_v1/metrics/protected_artifacts.json;results/graph_v1/metrics/frozen_artifacts.json
results/temporal_v1/configs/transformer_L32_d64_n2_p01.json,043d93003a8b3fad39a2ba351e032abbd129acfb64bfc4e5aa430c09723daadd,217,historical_match,results/anomaly_v1/metrics/frozen_artifacts.json;results/fusion_v1/input_integrity_manifest.json;results/graph_temporal_v1/metrics/protected_artifacts.json;results/graph_v1/metrics/frozen_artifacts.json
results/temporal_v1/configs/transformer_L64_d128_n3_p02.json,ff36bc91d38ba059415e551f9f2db0f441272c0c22f0fd5ecf516e5f57345dad,219,historical_match,results/anomaly_v1/metrics/frozen_artifacts.json;results/fusion_v1/input_integrity_manifest.json;results/graph_temporal_v1/metrics/protected_artifacts.json;results/graph_v1/metrics/frozen_artifacts.json
results/temporal_v1/configs/transformer_L64_d64_n2_p01.json,684b6c2753ff6083643039670ce8aae988e3ba37f37cfe349b041bbae73b9d3a,217,historical_match,results/anomaly_v1/metrics/frozen_artifacts.json;results/fusion_v1/input_integrity_manifest.json;results/graph_temporal_v1/metrics/protected_artifacts.json;results/graph_v1/metrics/frozen_artifacts.json
results/temporal_v1/development_search.csv,b92bdb3b8528547ca0b06b85a407cb4896bddd0570b722cd39ad4a3cf413ba3c,719,historical_match,results/anomaly_v1/metrics/frozen_artifacts.json;results/fusion_v1/input_integrity_manifest.json;results/graph_temporal_v1/metrics/protected_artifacts.json;results/graph_v1/metrics/frozen_artifacts.json
results/temporal_v1/figures/confusion_matrices.png,1f02ac4fc65b9b2a946fdcaa0ac7e49e257228fa14ccc490d2fbde5be74ba6cc,78598,historical_match,results/anomaly_v1/metrics/frozen_artifacts.json;results/fusion_v1/input_integrity_manifest.json;results/graph_temporal_v1/metrics/protected_artifacts.json;results/graph_v1/metrics/frozen_artifacts.json
results/temporal_v1/figures/matched_test_recall.png,a0f7bb3859b3c02808076fd6ee285fe35aec1dd24df7fe6fac8290aa6e4f98d1,41869,historical_match,results/anomaly_v1/metrics/frozen_artifacts.json;results/fusion_v1/input_integrity_manifest.json;results/graph_temporal_v1/metrics/protected_artifacts.json;results/graph_v1/metrics/frozen_artifacts.json
results/temporal_v1/integrity_report.md,5d96501d125ad5175ad25acc51b1b6237e98c5e0d25d3eb01eab409d40448550,1607,historical_match,results/anomaly_v1/metrics/frozen_artifacts.json;results/fusion_v1/input_integrity_manifest.json;results/graph_temporal_v1/metrics/protected_artifacts.json;results/graph_v1/metrics/frozen_artifacts.json
results/temporal_v1/matched_cohort_baseline_comparison.csv,7a0644f68382f5931057502e05c6c99dfa88f4fb3289dda6f38baac9938adf23,5706,historical_match,results/anomaly_v1/metrics/frozen_artifacts.json;results/fusion_v1/input_integrity_manifest.json;results/graph_temporal_v1/metrics/protected_artifacts.json;results/graph_v1/metrics/frozen_artifacts.json
results/temporal_v1/metrics/baseline_snapshot.json,8900cb92e35e7eea28f8fb3ada09ef47c6e75f54877891bcbac5e69d6f1e2999,48350,historical_match,results/anomaly_v1/metrics/frozen_artifacts.json;results/fusion_v1/input_integrity_manifest.json;results/graph_temporal_v1/metrics/protected_artifacts.json;results/graph_v1/metrics/frozen_artifacts.json
results/temporal_v1/metrics/output_validation.json,bec7171843d030f1ef0021f5f95b596dd196cfa3a2ee04feb37abd9d77ad91df,898,historical_match,results/anomaly_v1/metrics/frozen_artifacts.json;results/fusion_v1/input_integrity_manifest.json;results/graph_temporal_v1/metrics/protected_artifacts.json;results/graph_v1/metrics/frozen_artifacts.json
results/temporal_v1/metrics/pretraining_integrity.json,7f91b18dabd3d5dfa3748d134d32ec383b9b8a6a60c03ba84299756c51a755ba,205,historical_match,results/anomaly_v1/metrics/frozen_artifacts.json;results/fusion_v1/input_integrity_manifest.json;results/graph_temporal_v1/metrics/protected_artifacts.json;results/graph_v1/metrics/frozen_artifacts.json
results/temporal_v1/metrics/sequence_manifest.json,45a2cd2360f1576546deeadcaf3ed2605711263be49a4604fcb332e8cdae7b06,6246,historical_match,results/anomaly_v1/metrics/frozen_artifacts.json;results/fusion_v1/input_integrity_manifest.json;results/graph_temporal_v1/metrics/protected_artifacts.json;results/graph_v1/metrics/frozen_artifacts.json
results/temporal_v1/metrics/test_cohort.parquet,e48271110891a56408bc0bef3c281e1724a95f48e182593efd1e0600b99cd560,1616134,historical_match,results/anomaly_v1/metrics/frozen_artifacts.json;results/fusion_v1/input_integrity_manifest.json;results/graph_temporal_v1/metrics/protected_artifacts.json;results/graph_v1/metrics/frozen_artifacts.json;results/temporal_v1/metrics/sequence_manifest.json
results/temporal_v1/metrics/train_cohort.parquet,957f6659a08ed76d768deee9b89b994f9aaa092eb3f3a94fa7929f49b7db63a8,1338736,historical_match,results/anomaly_v1/metrics/frozen_artifacts.json;results/fusion_v1/input_integrity_manifest.json;results/graph_temporal_v1/metrics/protected_artifacts.json;results/graph_v1/metrics/frozen_artifacts.json;results/temporal_v1/metrics/sequence_manifest.json
results/temporal_v1/metrics/transformer_L16_d64_n2_p01_history.json,b8f93ab3995ce6b2dbe95f15337289e21511fc570834730bf47904091ad178b4,2449,historical_match,results/anomaly_v1/metrics/frozen_artifacts.json;results/fusion_v1/input_integrity_manifest.json;results/graph_temporal_v1/metrics/protected_artifacts.json;results/graph_v1/metrics/frozen_artifacts.json
results/temporal_v1/metrics/transformer_L16_d64_n2_p01_training.json,05c85c6cef31611c4d0a752993f8c49f9567763fc0228aa8c50212d6a06af110,1201,historical_match,results/anomaly_v1/metrics/frozen_artifacts.json;results/fusion_v1/input_integrity_manifest.json;results/graph_temporal_v1/metrics/protected_artifacts.json;results/graph_v1/metrics/frozen_artifacts.json
results/temporal_v1/metrics/transformer_L16_d64_n2_p01_validation.npy,d30cabf777fc1b50c376ce34b1b93b11b06bcf0ade56054435d322a0b57b1fec,1652952,historical_match,results/anomaly_v1/metrics/frozen_artifacts.json;results/fusion_v1/input_integrity_manifest.json;results/graph_temporal_v1/metrics/protected_artifacts.json;results/graph_v1/metrics/frozen_artifacts.json;results/temporal_v1/metrics/transformer_L16_d64_n2_p01_training.json
results/temporal_v1/metrics/transformer_L1_control_evaluation.json,bc2f902a5cabd0fb91df11f72a0649fdef3df8259902d1befdda73d0ad8ef42b,85054,historical_match,results/anomaly_v1/metrics/frozen_artifacts.json;results/fusion_v1/input_integrity_manifest.json;results/graph_temporal_v1/metrics/protected_artifacts.json;results/graph_v1/metrics/frozen_artifacts.json
results/temporal_v1/metrics/transformer_L1_control_history.json,92b19192becc56caa94aa2186aee18b476ff743d53853ef37a53da4c9d268dc1,2444,historical_match,results/anomaly_v1/metrics/frozen_artifacts.json;results/fusion_v1/input_integrity_manifest.json;results/graph_temporal_v1/metrics/protected_artifacts.json;results/graph_v1/metrics/frozen_artifacts.json
results/temporal_v1/metrics/transformer_L1_control_test_evaluation.npy,da0b333f90ce4676c0845cb3fe68a7e974dbb729e86cb304f51a2362ec6e4b78,1374152,historical_match,results/anomaly_v1/metrics/frozen_artifacts.json;results/fusion_v1/input_integrity_manifest.json;results/graph_temporal_v1/metrics/protected_artifacts.json;results/graph_v1/metrics/frozen_artifacts.json;results/temporal_v1/metrics/transformer_L1_control_evaluation.json
results/temporal_v1/metrics/transformer_L1_control_training.json,6da8bc0d4768fe92601515357962eb8db383109dcf16398f408036cdcedda88d,1196,historical_match,results/anomaly_v1/metrics/frozen_artifacts.json;results/fusion_v1/input_integrity_manifest.json;results/graph_temporal_v1/metrics/protected_artifacts.json;results/graph_v1/metrics/frozen_artifacts.json
results/temporal_v1/metrics/transformer_L1_control_validation.npy,dae5d01705d6b9604a077b0f8bdf00e5c0649357c51efe61a9dc3d13141ca267,1652952,historical_match,results/anomaly_v1/metrics/frozen_artifacts.json;results/fusion_v1/input_integrity_manifest.json;results/graph_temporal_v1/metrics/protected_artifacts.json;results/graph_v1/metrics/frozen_artifacts.json;results/temporal_v1/metrics/transformer_L1_control_training.json
results/temporal_v1/metrics/transformer_L1_control_validation_evaluation.npy,dae5d01705d6b9604a077b0f8bdf00e5c0649357c51efe61a9dc3d13141ca267,1652952,historical_match,results/anomaly_v1/metrics/frozen_artifacts.json;results/fusion_v1/input_integrity_manifest.json;results/graph_temporal_v1/metrics/protected_artifacts.json;results/graph_v1/metrics/frozen_artifacts.json;results/temporal_v1/metrics/transformer_L1_control_evaluation.json
results/temporal_v1/metrics/transformer_L32_d64_n2_p01_history.json,d737b76c28dbe0c252aa203b1a1cf5aef364091fbd829c2f8d92264e016344e9,2444,historical_match,results/anomaly_v1/metrics/frozen_artifacts.json;results/fusion_v1/input_integrity_manifest.json;results/graph_temporal_v1/metrics/protected_artifacts.json;results/graph_v1/metrics/frozen_artifacts.json
results/temporal_v1/metrics/transformer_L32_d64_n2_p01_training.json,f5dd0207a27006fb54824afe4bd6c4452af86ca631ddecc8d87edc22cd052eca,1201,historical_match,results/anomaly_v1/metrics/frozen_artifacts.json;results/fusion_v1/input_integrity_manifest.json;results/graph_temporal_v1/metrics/protected_artifacts.json;results/graph_v1/metrics/frozen_artifacts.json
results/temporal_v1/metrics/transformer_L32_d64_n2_p01_validation.npy,d1a79c1e85ed4088085675c1ac61d3a72105eeafbe4fc18f082a63308db61904,1652952,historical_match,results/anomaly_v1/metrics/frozen_artifacts.json;results/fusion_v1/input_integrity_manifest.json;results/graph_temporal_v1/metrics/protected_artifacts.json;results/graph_v1/metrics/frozen_artifacts.json;results/temporal_v1/metrics/transformer_L32_d64_n2_p01_training.json
results/temporal_v1/metrics/transformer_L64_d128_n3_p02_history.json,8ef7606f3f6624d11a755261445f195cfdb5c0dac34c0b174e7aa2fb62855b47,2445,historical_match,results/anomaly_v1/metrics/frozen_artifacts.json;results/fusion_v1/input_integrity_manifest.json;results/graph_temporal_v1/metrics/protected_artifacts.json;results/graph_v1/metrics/frozen_artifacts.json
results/temporal_v1/metrics/transformer_L64_d128_n3_p02_training.json,dc0879034245f6722f008b9e6d1d59c22a09eca078a0780eaedcf5e82b12ffc8,1207,historical_match,results/anomaly_v1/metrics/frozen_artifacts.json;results/fusion_v1/input_integrity_manifest.json;results/graph_temporal_v1/metrics/protected_artifacts.json;results/graph_v1/metrics/frozen_artifacts.json
results/temporal_v1/metrics/transformer_L64_d128_n3_p02_validation.npy,50be091a921e363fa08b0957225be6fe6de4593a3053d1bbcf9474118cc5e6bd,1652952,historical_match,results/anomaly_v1/metrics/frozen_artifacts.json;results/fusion_v1/input_integrity_manifest.json;results/graph_temporal_v1/metrics/protected_artifacts.json;results/graph_v1/metrics/frozen_artifacts.json;results/temporal_v1/metrics/transformer_L64_d128_n3_p02_training.json
results/temporal_v1/metrics/transformer_L64_d64_n2_p01_evaluation.json,78c9351cc7c872f2f32c16ccccd52c5e4ce5a8d30cb314c2d19464f1626b4d26,85815,historical_match,results/anomaly_v1/metrics/frozen_artifacts.json;results/fusion_v1/input_integrity_manifest.json;results/graph_temporal_v1/metrics/protected_artifacts.json;results/graph_v1/metrics/frozen_artifacts.json
results/temporal_v1/metrics/transformer_L64_d64_n2_p01_history.json,e662c2a9f8458c6c52443e0c127264fadb73875982c7f926b16aff9807da9c38,2450,historical_match,results/anomaly_v1/metrics/frozen_artifacts.json;results/fusion_v1/input_integrity_manifest.json;results/graph_temporal_v1/metrics/protected_artifacts.json;results/graph_v1/metrics/frozen_artifacts.json
results/temporal_v1/metrics/transformer_L64_d64_n2_p01_test_evaluation.npy,59ab5cf4938b434da8cc6fedb275778303e4d9d593bfe10c8378f3329a8e17e5,1374152,historical_match,results/anomaly_v1/metrics/frozen_artifacts.json;results/fusion_v1/input_integrity_manifest.json;results/graph_temporal_v1/metrics/protected_artifacts.json;results/graph_v1/metrics/frozen_artifacts.json;results/temporal_v1/metrics/transformer_L64_d64_n2_p01_evaluation.json
results/temporal_v1/metrics/transformer_L64_d64_n2_p01_training.json,ec11581e010aafea4e23020f1fab599e116f8b9f4db8ec04a2ff41c149ddca71,1200,historical_match,results/anomaly_v1/metrics/frozen_artifacts.json;results/fusion_v1/input_integrity_manifest.json;results/graph_temporal_v1/metrics/protected_artifacts.json;results/graph_v1/metrics/frozen_artifacts.json
results/temporal_v1/metrics/transformer_L64_d64_n2_p01_validation.npy,81f9cd1a143ec47495436bf95d65b3736f00b2632dee3d54d7c90f8eba113f87,1652952,historical_match,results/anomaly_v1/metrics/frozen_artifacts.json;results/fusion_v1/input_integrity_manifest.json;results/graph_temporal_v1/metrics/protected_artifacts.json;results/graph_v1/metrics/frozen_artifacts.json;results/temporal_v1/metrics/transformer_L64_d64_n2_p01_training.json
results/temporal_v1/metrics/transformer_L64_d64_n2_p01_validation_evaluation.npy,81f9cd1a143ec47495436bf95d65b3736f00b2632dee3d54d7c90f8eba113f87,1652952,historical_match,results/anomaly_v1/metrics/frozen_artifacts.json;results/fusion_v1/input_integrity_manifest.json;results/graph_temporal_v1/metrics/protected_artifacts.json;results/graph_v1/metrics/frozen_artifacts.json;results/temporal_v1/metrics/transformer_L64_d64_n2_p01_evaluation.json
results/temporal_v1/metrics/validation_cohort.parquet,9e498c35c3430a1055553d3adde7b6df399677467fb01583ffd4d5cf417edeab,1855623,historical_match,results/anomaly_v1/metrics/frozen_artifacts.json;results/fusion_v1/input_integrity_manifest.json;results/graph_temporal_v1/metrics/protected_artifacts.json;results/graph_v1/metrics/frozen_artifacts.json;results/temporal_v1/metrics/sequence_manifest.json
results/temporal_v1/models/transformer_L16_d64_n2_p01.pt,6038c7638d3d6a18fa2f00a0e59598bc24270c4775fab05dac9971c52355b5f7,317138,historical_match,results/anomaly_v1/metrics/frozen_artifacts.json;results/fusion_v1/input_integrity_manifest.json;results/graph_temporal_v1/metrics/protected_artifacts.json;results/graph_v1/metrics/frozen_artifacts.json;results/temporal_v1/metrics/transformer_L16_d64_n2_p01_training.json
results/temporal_v1/models/transformer_L1_control.pt,b3a25653c06b70d384e6c74b430c7b0c684eb64138096e41a1cb1d06f3686c36,316998,historical_match,results/anomaly_v1/metrics/frozen_artifacts.json;results/fusion_v1/input_integrity_manifest.json;results/graph_temporal_v1/metrics/protected_artifacts.json;results/graph_v1/metrics/frozen_artifacts.json;results/temporal_v1/metrics/transformer_L1_control_training.json
results/temporal_v1/models/transformer_L32_d64_n2_p01.pt,17ec8ad45e3bcfc054c220e55377b5758930e21d02b2a158aba3ffbadd027731,317138,historical_match,results/anomaly_v1/metrics/frozen_artifacts.json;results/fusion_v1/input_integrity_manifest.json;results/graph_temporal_v1/metrics/protected_artifacts.json;results/graph_v1/metrics/frozen_artifacts.json;results/temporal_v1/metrics/transformer_L32_d64_n2_p01_training.json
results/temporal_v1/models/transformer_L64_d128_n3_p02.pt,06c60f45194fcddd643ee2bca9770a8bb9fb2d4449035a34b889e27f2a88fa3d,1681409,historical_match,results/anomaly_v1/metrics/frozen_artifacts.json;results/fusion_v1/input_integrity_manifest.json;results/graph_temporal_v1/metrics/protected_artifacts.json;results/graph_v1/metrics/frozen_artifacts.json;results/temporal_v1/metrics/transformer_L64_d128_n3_p02_training.json
results/temporal_v1/models/transformer_L64_d64_n2_p01.pt,6175b41a63ed949fa6a045b01663abc129dcad793e611912d5668a8a31513a65,317138,historical_match,results/anomaly_v1/metrics/frozen_artifacts.json;results/fusion_v1/input_integrity_manifest.json;results/graph_temporal_v1/metrics/protected_artifacts.json;results/graph_v1/metrics/frozen_artifacts.json;results/temporal_v1/metrics/transformer_L64_d64_n2_p01_training.json
results/temporal_v1/phase5_results_summary.md,0daccce9366350e164cac01e2d449382f4ba3f264ab21f8c3b35cbeb030765cf,4387,historical_match,results/anomaly_v1/metrics/frozen_artifacts.json;results/fusion_v1/input_integrity_manifest.json;results/graph_temporal_v1/metrics/protected_artifacts.json;results/graph_v1/metrics/frozen_artifacts.json
results/temporal_v1/runtime_metrics.csv,7b28762c9dd7525c375696048b4f1f0b648379c29779f684ecbd6f41ff999e8b,1260,historical_match,results/anomaly_v1/metrics/frozen_artifacts.json;results/fusion_v1/input_integrity_manifest.json;results/graph_temporal_v1/metrics/protected_artifacts.json;results/graph_v1/metrics/frozen_artifacts.json
results/temporal_v1/selected_model.json,cdeca67f51e6662b8626eb68cbc300ee10c24b889b5b5fb82365d271e6455b12,778,historical_match,results/anomaly_v1/metrics/frozen_artifacts.json;results/fusion_v1/input_integrity_manifest.json;results/graph_temporal_v1/metrics/protected_artifacts.json;results/graph_v1/metrics/frozen_artifacts.json
results/temporal_v1/sequence_construction_report.md,796429bb7e2938e4dd1c9b8bd8c97ef7bcb549d14d33d45ba6f8a9a1983f8af5,1418,historical_match,results/anomaly_v1/metrics/frozen_artifacts.json;results/fusion_v1/input_integrity_manifest.json;results/graph_temporal_v1/metrics/protected_artifacts.json;results/graph_v1/metrics/frozen_artifacts.json
results/temporal_v1/sequence_counts.csv,3a236b4191412bbc7245994052e0cd6e65f050a4e884545d4217e24e9132ee41,54304,historical_match,results/anomaly_v1/metrics/frozen_artifacts.json;results/fusion_v1/input_integrity_manifest.json;results/graph_temporal_v1/metrics/protected_artifacts.json;results/graph_v1/metrics/frozen_artifacts.json
results/temporal_v1/temporal_ablation.csv,ff4b832cdd3e109fd245f96157adcdca46696bd2e2c8ff1c5129d47545aab7a3,6947,historical_match,results/anomaly_v1/metrics/frozen_artifacts.json;results/fusion_v1/input_integrity_manifest.json;results/graph_temporal_v1/metrics/protected_artifacts.json;results/graph_v1/metrics/frozen_artifacts.json
results/temporal_v1/test_metrics.csv,74eeb5ca82d4dff600ce5eb7c20c6bca174ca75c266d9f93caaa60236849faeb,3579,historical_match,results/anomaly_v1/metrics/frozen_artifacts.json;results/fusion_v1/input_integrity_manifest.json;results/graph_temporal_v1/metrics/protected_artifacts.json;results/graph_v1/metrics/frozen_artifacts.json
results/temporal_v1/thresholds.csv,a5a63b471dd59d1964f6d83636a906cd241ba3c91337dd9412396d7e45a7a1a6,5444,historical_match,results/anomaly_v1/metrics/frozen_artifacts.json;results/fusion_v1/input_integrity_manifest.json;results/graph_temporal_v1/metrics/protected_artifacts.json;results/graph_v1/metrics/frozen_artifacts.json
results/temporal_v1/validation_metrics.csv,19cfa830730dec3828a495ec593b0cd031ad3d161d62f1aa94e8a2dadc773ba1,3634,historical_match,results/anomaly_v1/metrics/frozen_artifacts.json;results/fusion_v1/input_integrity_manifest.json;results/graph_temporal_v1/metrics/protected_artifacts.json;results/graph_v1/metrics/frozen_artifacts.json
src/anomaly/__init__.py,2dd2e502767d97ac60be322e1fab625c0b04a83198990b885eb8fa984d3d2190,168,historical_match,results/anomaly_v1/metrics/integrity_verification.json;results/fusion_v1/input_integrity_manifest.json;results/graph_temporal_v1/metrics/protected_artifacts.json
src/anomaly/data.py,fede9d5c20b18075c667e6f7829e229a71ce29253ea664275af64479bbd29656,7139,historical_match,results/anomaly_v1/metrics/integrity_verification.json;results/fusion_v1/input_integrity_manifest.json;results/graph_temporal_v1/metrics/protected_artifacts.json
src/anomaly/evaluate.py,a42d9c10d645b5f494a26a6ed653b93d91df9c3c46137d577cb4d3d23b4f7ae3,7174,historical_match,results/anomaly_v1/metrics/integrity_verification.json;results/fusion_v1/input_integrity_manifest.json;results/graph_temporal_v1/metrics/protected_artifacts.json
src/anomaly/metrics.py,6cc4d9d93545f715bf012260378951d95ca32c5c7e20791476910fb94d1366e6,1647,historical_match,results/anomaly_v1/metrics/integrity_verification.json;results/fusion_v1/input_integrity_manifest.json;results/graph_temporal_v1/metrics/protected_artifacts.json
src/anomaly/report.py,8cc615919ec5ecefda2325620d896c4bea34d9570c2126fab975c3d25ed92b4b,18807,historical_match,results/anomaly_v1/metrics/integrity_verification.json;results/fusion_v1/input_integrity_manifest.json;results/graph_temporal_v1/metrics/protected_artifacts.json
src/anomaly/run.py,0f6846fb5714585d4904a3380d5985c7b1d8b0516eee70d1d8c62967f84d20ce,1795,historical_match,results/anomaly_v1/metrics/integrity_verification.json;results/fusion_v1/input_integrity_manifest.json;results/graph_temporal_v1/metrics/protected_artifacts.json
src/anomaly/test_anomaly.py,6f341173d955bec8837586703414058c955d639a240089060dbb1c370fcfc731,1303,historical_match,results/anomaly_v1/metrics/integrity_verification.json;results/fusion_v1/input_integrity_manifest.json;results/graph_temporal_v1/metrics/protected_artifacts.json
src/anomaly/train.py,476d05e7bbb2dac05ddf2fe0013d2090c723f6dfd675e11874e224c72779c73a,5993,historical_match,results/anomaly_v1/metrics/integrity_verification.json;results/fusion_v1/input_integrity_manifest.json;results/graph_temporal_v1/metrics/protected_artifacts.json
src/baseline/__init__.py,19792a19bee90a318f275ac9cd21e3c2f313bc4084314a4626e01f65e867da59,65,historical_match,results/anomaly_v1/metrics/frozen_artifacts.json;results/baseline_v1/diagnostics/input_integrity_manifest.json;results/baseline_v1/metrics/frozen_input_guard.json;results/baseline_v1/verification.json;results/fusion_v1/input_integrity_manifest.json;results/graph_temporal_v1/metrics/protected_artifacts.json;results/graph_v1/metrics/frozen_artifacts.json;results/temporal_v1/metrics/baseline_snapshot.json
src/baseline/clean.py,20c1d1ee9e029813ed36ed9aee94d4de9629d3bb4301be811f6d7c001b2264a6,15106,historical_match,results/anomaly_v1/metrics/frozen_artifacts.json;results/baseline_v1/diagnostics/input_integrity_manifest.json;results/baseline_v1/metrics/frozen_input_guard.json;results/baseline_v1/verification.json;results/fusion_v1/input_integrity_manifest.json;results/graph_temporal_v1/metrics/protected_artifacts.json;results/graph_v1/metrics/frozen_artifacts.json;results/temporal_v1/metrics/baseline_snapshot.json
src/baseline/common.py,fc1d9b367cfab7ae6193b5c0bc9334fe7dc1bee0195b206d605e8badd321c2be,3015,historical_match,results/anomaly_v1/metrics/frozen_artifacts.json;results/baseline_v1/diagnostics/input_integrity_manifest.json;results/baseline_v1/metrics/frozen_input_guard.json;results/baseline_v1/verification.json;results/fusion_v1/input_integrity_manifest.json;results/graph_temporal_v1/metrics/protected_artifacts.json;results/graph_v1/metrics/frozen_artifacts.json;results/temporal_v1/metrics/baseline_snapshot.json
src/baseline/pipeline.py,cc7e7bda99472c04609af3bf4a3f741828533468981bc2b3bfef051628e05e7b,813,historical_match,results/anomaly_v1/metrics/frozen_artifacts.json;results/baseline_v1/diagnostics/input_integrity_manifest.json;results/baseline_v1/metrics/frozen_input_guard.json;results/baseline_v1/verification.json;results/fusion_v1/input_integrity_manifest.json;results/graph_temporal_v1/metrics/protected_artifacts.json;results/graph_v1/metrics/frozen_artifacts.json;results/temporal_v1/metrics/baseline_snapshot.json
src/baseline/preprocess.py,6567dac27eff87515d3a7ef8d556aa4d966773c158dc53c55aa7a1d8878cb13d,12387,historical_match,results/anomaly_v1/metrics/frozen_artifacts.json;results/baseline_v1/diagnostics/input_integrity_manifest.json;results/baseline_v1/metrics/frozen_input_guard.json;results/baseline_v1/verification.json;results/fusion_v1/input_integrity_manifest.json;results/graph_temporal_v1/metrics/protected_artifacts.json;results/graph_v1/metrics/frozen_artifacts.json;results/temporal_v1/metrics/baseline_snapshot.json
src/baseline/report.py,6724acb7d7602653891e1bcfd0ac82d5287f2624870548c51c7628072c5761ae,6583,historical_match,results/anomaly_v1/metrics/frozen_artifacts.json;results/baseline_v1/diagnostics/input_integrity_manifest.json;results/baseline_v1/metrics/frozen_input_guard.json;results/baseline_v1/verification.json;results/fusion_v1/input_integrity_manifest.json;results/graph_temporal_v1/metrics/protected_artifacts.json;results/graph_v1/metrics/frozen_artifacts.json;results/temporal_v1/metrics/baseline_snapshot.json
src/baseline/split.py,bed22301ee057622a148afd0f782313363f3449ec2702c01e470ef083a2db561,8924,historical_match,results/anomaly_v1/metrics/frozen_artifacts.json;results/baseline_v1/diagnostics/input_integrity_manifest.json;results/baseline_v1/metrics/frozen_input_guard.json;results/baseline_v1/verification.json;results/fusion_v1/input_integrity_manifest.json;results/graph_temporal_v1/metrics/protected_artifacts.json;results/graph_v1/metrics/frozen_artifacts.json;results/temporal_v1/metrics/baseline_snapshot.json
src/baseline/test_baseline.py,dc4016c92354d37202a193aebd2081807399b0589f589c3a3814388bc568e304,6738,historical_match,results/anomaly_v1/metrics/frozen_artifacts.json;results/baseline_v1/diagnostics/input_integrity_manifest.json;results/baseline_v1/metrics/frozen_input_guard.json;results/baseline_v1/verification.json;results/fusion_v1/input_integrity_manifest.json;results/graph_temporal_v1/metrics/protected_artifacts.json;results/graph_v1/metrics/frozen_artifacts.json;results/temporal_v1/metrics/baseline_snapshot.json
src/baseline/verify.py,e99dc46272e73a7504fe88bc2267b8c732d8f839f50ea4b5bb5e82d60dc901cc,9075,historical_match,results/anomaly_v1/metrics/frozen_artifacts.json;results/baseline_v1/diagnostics/input_integrity_manifest.json;results/baseline_v1/metrics/frozen_input_guard.json;results/baseline_v1/verification.json;results/fusion_v1/input_integrity_manifest.json;results/graph_temporal_v1/metrics/protected_artifacts.json;results/graph_v1/metrics/frozen_artifacts.json;results/temporal_v1/metrics/baseline_snapshot.json
src/fusion/__init__.py,8a1415861a8b0436c17cb978a5f94a4bf95c5e53751c77a907bc27756e9da0c2,79,historical_match,results/fusion_v1/integrity_verification.json;results/graph_temporal_v1/metrics/protected_artifacts.json
src/fusion/run.py,0a851f504dc2c9173c9d099f2ae85ab4a2413b39ff23d29703f13f589277c406,23769,historical_match,results/fusion_v1/integrity_verification.json;results/graph_temporal_v1/metrics/protected_artifacts.json
src/fusion/test_fusion.py,9124474e19a11e5a70b01664812584156796648932ac0563d7654cf867a561de,1323,historical_match,results/fusion_v1/integrity_verification.json;results/graph_temporal_v1/metrics/protected_artifacts.json
src/fusion/verify.py,811577d84e5270aeabf110d1d53a1f8942310923ec89df3528f500fcdee13281,2622,historical_match,results/fusion_v1/integrity_verification.json;results/graph_temporal_v1/metrics/protected_artifacts.json
src/graph/__init__.py,5d5fe4fa937018182e141bfa0e14156e5b495b1c53241202e37a65c9783859b5,193,historical_match,results/anomaly_v1/metrics/frozen_artifacts.json;results/fusion_v1/input_integrity_manifest.json;results/graph_temporal_v1/metrics/phase6_hash_verification.json;results/graph_temporal_v1/metrics/protected_artifacts.json;results/graph_v1/metrics/integrity_verification.json
src/graph/baselines.py,be1065e81dbb45def17639ebe4e5b78e041c373bb8cb57e7d2741558ea81cccf,5270,historical_match,results/anomaly_v1/metrics/frozen_artifacts.json;results/fusion_v1/input_integrity_manifest.json;results/graph_temporal_v1/metrics/phase6_hash_verification.json;results/graph_temporal_v1/metrics/protected_artifacts.json;results/graph_v1/metrics/integrity_verification.json
src/graph/common.py,2db8d05ffda873417c63b149cac1e64b77c31c05d94d635dcea50384f3ed788f,3934,historical_match,results/anomaly_v1/metrics/frozen_artifacts.json;results/fusion_v1/input_integrity_manifest.json;results/graph_temporal_v1/metrics/phase6_hash_verification.json;results/graph_temporal_v1/metrics/protected_artifacts.json;results/graph_v1/metrics/integrity_verification.json
src/graph/data.py,4fa3fe57509b2bc465ccdf2775fb10e867a107932cc0598e570392d0aa62c28e,13891,historical_match,results/anomaly_v1/metrics/frozen_artifacts.json;results/fusion_v1/input_integrity_manifest.json;results/graph_temporal_v1/metrics/phase6_hash_verification.json;results/graph_temporal_v1/metrics/protected_artifacts.json;results/graph_v1/metrics/integrity_verification.json
src/graph/evaluate.py,f3e584dd3ffe44c8fa36aeb8735d0cf7c7691be128438dc5450e069533ff6a7d,5990,historical_match,results/anomaly_v1/metrics/frozen_artifacts.json;results/fusion_v1/input_integrity_manifest.json;results/graph_temporal_v1/metrics/phase6_hash_verification.json;results/graph_temporal_v1/metrics/protected_artifacts.json;results/graph_v1/metrics/integrity_verification.json
src/graph/model.py,dc7834078225ef5ba3450dc9980c010fc4cbe7bef9430a3c0a987c26961d4ed0,3302,historical_match,results/anomaly_v1/metrics/frozen_artifacts.json;results/fusion_v1/input_integrity_manifest.json;results/graph_temporal_v1/metrics/phase6_hash_verification.json;results/graph_temporal_v1/metrics/protected_artifacts.json;results/graph_v1/metrics/integrity_verification.json
src/graph/pre_split.py,0bab5bcaf6986e4fa75c596b9245e1559762542fc4a3dcbfdfbd815fd66a02cd,14743,historical_match,results/anomaly_v1/metrics/frozen_artifacts.json;results/fusion_v1/input_integrity_manifest.json;results/graph_temporal_v1/metrics/phase6_hash_verification.json;results/graph_temporal_v1/metrics/protected_artifacts.json;results/graph_v1/metrics/integrity_verification.json
src/graph/report.py,e9fae5cb1ab2dd066511b11ebb21b599b9a41a19b1c908a061041b0058104576,22461,historical_match,results/anomaly_v1/metrics/frozen_artifacts.json;results/fusion_v1/input_integrity_manifest.json;results/graph_temporal_v1/metrics/phase6_hash_verification.json;results/graph_temporal_v1/metrics/protected_artifacts.json;results/graph_v1/metrics/integrity_verification.json
src/graph/run.py,7c039a585bbea2cf025c03877a286c448fd49597360429de6ae9a5e91f7d6a59,3415,historical_match,results/anomaly_v1/metrics/frozen_artifacts.json;results/fusion_v1/input_integrity_manifest.json;results/graph_temporal_v1/metrics/phase6_hash_verification.json;results/graph_temporal_v1/metrics/protected_artifacts.json;results/graph_v1/metrics/integrity_verification.json
src/graph/test_graph.py,a3fa144bd572a8bee9078a024928cbb79f6f082ad9a2695cea36f5864deb1c6f,3443,historical_match,results/anomaly_v1/metrics/frozen_artifacts.json;results/fusion_v1/input_integrity_manifest.json;results/graph_temporal_v1/metrics/phase6_hash_verification.json;results/graph_temporal_v1/metrics/protected_artifacts.json;results/graph_v1/metrics/integrity_verification.json
src/graph/test_pre_split.py,eaae42b3d5ab1e1b3c522772e78881c74f47cea591d90b82b13162fe3fe820b9,1115,historical_match,results/anomaly_v1/metrics/frozen_artifacts.json;results/fusion_v1/input_integrity_manifest.json;results/graph_temporal_v1/metrics/phase6_hash_verification.json;results/graph_temporal_v1/metrics/protected_artifacts.json;results/graph_v1/metrics/integrity_verification.json
src/graph/train.py,6b221febc2fae960e44745b00a358db285435114cde061dbf071039a0641a628,5941,historical_match,results/anomaly_v1/metrics/frozen_artifacts.json;results/fusion_v1/input_integrity_manifest.json;results/graph_temporal_v1/metrics/phase6_hash_verification.json;results/graph_temporal_v1/metrics/protected_artifacts.json;results/graph_v1/metrics/integrity_verification.json
src/graph_temporal/__init__.py,90b8bd5aef8ec8cf9ec3475ee88825d09cba0f7abc48920acc8d8b451a315530,101,historical_match,results/graph_temporal_v1/metrics/integrity_verification.json
src/graph_temporal/evaluate.py,13be7bc09d2fcb6243df564bf0f2b174ad41b04ddd06cfbd61e6cfb19fd6e805,12082,historical_match,results/graph_temporal_v1/metrics/integrity_verification.json
src/graph_temporal/figures.py,5c9b5c3512da11394a70b6cb5e6102bfc1b63dd2e75959c2f5f3f1c1448d2d1b,1278,historical_match,results/graph_temporal_v1/metrics/integrity_verification.json
src/graph_temporal/finalize.py,be15670721117d6b7b2371728329ded5be7438524719e6ff95d4398e58064da3,3820,historical_match,results/graph_temporal_v1/metrics/integrity_verification.json
src/graph_temporal/model.py,afca20fb2492c361c369968ad63ca9033807fc946eb77561036f97404e79dcb5,1427,historical_match,results/graph_temporal_v1/metrics/integrity_verification.json
src/graph_temporal/prepare.py,09927167b736fd347b9d700fd5bdcff025f00e826326c3b7eb9be5df5bf88dbd,9876,historical_match,results/graph_temporal_v1/metrics/integrity_verification.json
src/graph_temporal/report.py,9a8b518064266b53971a6b3d728ad171727178833fc29a893ab423a3babb93c9,5649,historical_match,results/graph_temporal_v1/metrics/integrity_verification.json
src/graph_temporal/run.py,32d2f1f3b3ca8fac1183ca135a029cae939bfd45c7742f62d2731579c0ee44b7,1081,historical_match,results/graph_temporal_v1/metrics/integrity_verification.json
src/graph_temporal/test_temporal.py,64de35f8287c6f321ce3e8ace6dfaccc03ce19f3ac6e38e29c73e2fb4d06e692,1843,historical_match,results/graph_temporal_v1/metrics/integrity_verification.json
src/graph_temporal/train.py,b0051415a942c0bd75d95536c23b0ca7d541a1072cb2197eb52bc19a57d7249c,7234,historical_match,results/graph_temporal_v1/metrics/integrity_verification.json
src/graph_temporal/verify.py,c37aab2c8b5667e39e6a01b83acc770999dd0e92242a81be9ec8fb1357623bb2,4770,historical_match,results/graph_temporal_v1/metrics/integrity_verification.json
src/phase4/__init__.py,29229dc4a0a548b5b612e8952826c5b0e8fbfb458e31ecddf6945e719704c6b1,382,historical_match,results/anomaly_v1/metrics/frozen_artifacts.json;results/baseline_v1/diagnostics/input_integrity_manifest.json;results/fusion_v1/input_integrity_manifest.json;results/graph_temporal_v1/metrics/protected_artifacts.json;results/graph_v1/metrics/frozen_artifacts.json;results/temporal_v1/metrics/baseline_snapshot.json
src/phase4/data.py,2d7705190185836d3da779b9ff03f101d96441bab61953fcbe65d52b0b0b0ab7,9390,historical_match,results/anomaly_v1/metrics/frozen_artifacts.json;results/baseline_v1/diagnostics/input_integrity_manifest.json;results/fusion_v1/input_integrity_manifest.json;results/graph_temporal_v1/metrics/protected_artifacts.json;results/graph_v1/metrics/frozen_artifacts.json;results/temporal_v1/metrics/baseline_snapshot.json
src/phase4/evaluate.py,719b4397c99cd9f48290034fdc809bda98944fb3691a71758b9462d73a6c942a,2849,historical_match,results/anomaly_v1/metrics/frozen_artifacts.json;results/baseline_v1/diagnostics/input_integrity_manifest.json;results/fusion_v1/input_integrity_manifest.json;results/graph_temporal_v1/metrics/protected_artifacts.json;results/graph_v1/metrics/frozen_artifacts.json;results/temporal_v1/metrics/baseline_snapshot.json
src/phase4/metrics.py,592e8c34b68e65b57f60dc1c5a700efd8e15ebde8007eb4b40f3ab377b4d12f5,2537,historical_match,results/anomaly_v1/metrics/frozen_artifacts.json;results/baseline_v1/diagnostics/input_integrity_manifest.json;results/fusion_v1/input_integrity_manifest.json;results/graph_temporal_v1/metrics/protected_artifacts.json;results/graph_v1/metrics/frozen_artifacts.json;results/temporal_v1/metrics/baseline_snapshot.json
src/phase4/report.py,0e8c4f6e3414955aa983b1bcb7f28b35de449a7098361086293a3f223f666fd2,10400,historical_match,results/anomaly_v1/metrics/frozen_artifacts.json;results/baseline_v1/diagnostics/input_integrity_manifest.json;results/fusion_v1/input_integrity_manifest.json;results/graph_temporal_v1/metrics/protected_artifacts.json;results/graph_v1/metrics/frozen_artifacts.json;results/temporal_v1/metrics/baseline_snapshot.json
src/phase4/run.py,ab9e8118849ae8f948c5de5a6d498f6e67e46d0b9e1aff522ac11e40757e5287,631,historical_match,results/anomaly_v1/metrics/frozen_artifacts.json;results/baseline_v1/diagnostics/input_integrity_manifest.json;results/fusion_v1/input_integrity_manifest.json;results/graph_temporal_v1/metrics/protected_artifacts.json;results/graph_v1/metrics/frozen_artifacts.json;results/temporal_v1/metrics/baseline_snapshot.json
src/phase4/test_phase4.py,8416b43a0d014329c69a2677aac97f1fea115eac6dc310066a3c9937cc9c04d1,2450,historical_match,results/anomaly_v1/metrics/frozen_artifacts.json;results/baseline_v1/diagnostics/input_integrity_manifest.json;results/fusion_v1/input_integrity_manifest.json;results/graph_temporal_v1/metrics/protected_artifacts.json;results/graph_v1/metrics/frozen_artifacts.json;results/temporal_v1/metrics/baseline_snapshot.json
src/phase4/train.py,3d85b41c4b7b7eaa3ce45f36ec9be01cade25df3881eebba921b97d7b3c15303,11243,historical_match,results/anomaly_v1/metrics/frozen_artifacts.json;results/baseline_v1/diagnostics/input_integrity_manifest.json;results/fusion_v1/input_integrity_manifest.json;results/graph_temporal_v1/metrics/protected_artifacts.json;results/graph_v1/metrics/frozen_artifacts.json;results/temporal_v1/metrics/baseline_snapshot.json
src/phase4a/__init__.py,a62b37f4d32be66819feed2c84fdc1248c2ad06e791b0fa8681a92e7c68894ac,119,historical_match,results/anomaly_v1/metrics/frozen_artifacts.json;results/baseline_v1/diagnostics/integrity_verification.json;results/fusion_v1/input_integrity_manifest.json;results/graph_temporal_v1/metrics/protected_artifacts.json;results/graph_v1/metrics/frozen_artifacts.json;results/temporal_v1/metrics/baseline_snapshot.json
src/phase4a/features.py,8027a0f1e98754184edc44e7ee655273cb5d54a355e597b2fff304dcf1c806c3,7103,historical_match,results/anomaly_v1/metrics/frozen_artifacts.json;results/baseline_v1/diagnostics/integrity_verification.json;results/fusion_v1/input_integrity_manifest.json;results/graph_temporal_v1/metrics/protected_artifacts.json;results/graph_v1/metrics/frozen_artifacts.json;results/temporal_v1/metrics/baseline_snapshot.json
src/phase4a/plots.py,cf7198ffb87dc25e250b03f36700244626d8f983beb58bd79ca1f06371cd4192,1172,historical_match,results/anomaly_v1/metrics/frozen_artifacts.json;results/baseline_v1/diagnostics/integrity_verification.json;results/fusion_v1/input_integrity_manifest.json;results/graph_temporal_v1/metrics/protected_artifacts.json;results/graph_v1/metrics/frozen_artifacts.json;results/temporal_v1/metrics/baseline_snapshot.json
src/phase4a/report.py,91d9ca7d4a3a1726297eb023cb556459b8f2ffd8f95a6839780672e61e433d83,22441,historical_match,results/anomaly_v1/metrics/frozen_artifacts.json;results/baseline_v1/diagnostics/integrity_verification.json;results/fusion_v1/input_integrity_manifest.json;results/graph_temporal_v1/metrics/protected_artifacts.json;results/graph_v1/metrics/frozen_artifacts.json;results/temporal_v1/metrics/baseline_snapshot.json
src/phase4a/run.py,23681bf54e514e352b4b833bcbe28e160685787f6a0fa62f96c670ae4175b159,14477,historical_match,results/anomaly_v1/metrics/frozen_artifacts.json;results/baseline_v1/diagnostics/integrity_verification.json;results/fusion_v1/input_integrity_manifest.json;results/graph_temporal_v1/metrics/protected_artifacts.json;results/graph_v1/metrics/frozen_artifacts.json;results/temporal_v1/metrics/baseline_snapshot.json
src/phase4a/test_diagnostics.py,ec2c041342c59ef21a142e2a3487ba9acd9daa0b1072884bd20569efd7a9baf1,1613,historical_match,results/anomaly_v1/metrics/frozen_artifacts.json;results/baseline_v1/diagnostics/integrity_verification.json;results/fusion_v1/input_integrity_manifest.json;results/graph_temporal_v1/metrics/protected_artifacts.json;results/graph_v1/metrics/frozen_artifacts.json;results/temporal_v1/metrics/baseline_snapshot.json
src/temporal/__init__.py,12dc698c6405da2c92824b0206e03d46f4a1e1b4855ffee398a14734e44cd7cc,93,historical_match,results/anomaly_v1/metrics/frozen_artifacts.json;results/fusion_v1/input_integrity_manifest.json;results/graph_temporal_v1/metrics/protected_artifacts.json;results/graph_v1/metrics/frozen_artifacts.json
src/temporal/data.py,8b97c047e339589a8fc5c7d974e2f75e658959994defe8828974f4db1973468f,9265,historical_match,results/anomaly_v1/metrics/frozen_artifacts.json;results/fusion_v1/input_integrity_manifest.json;results/graph_temporal_v1/metrics/protected_artifacts.json;results/graph_v1/metrics/frozen_artifacts.json
src/temporal/evaluate.py,a43de977c69e3d7bcf832690f15d001d611f4d67d078b9c13b6dbd0029079971,6838,historical_match,results/anomaly_v1/metrics/frozen_artifacts.json;results/fusion_v1/input_integrity_manifest.json;results/graph_temporal_v1/metrics/protected_artifacts.json;results/graph_v1/metrics/frozen_artifacts.json
src/temporal/report.py,be7278258a221b5b592a3efbf52dca4b588a36b0432238559f1e247e0a92cb39,12861,historical_match,results/anomaly_v1/metrics/frozen_artifacts.json;results/fusion_v1/input_integrity_manifest.json;results/graph_temporal_v1/metrics/protected_artifacts.json;results/graph_v1/metrics/frozen_artifacts.json
src/temporal/run.py,e2bc43455b5f3fd238ded82dcfbbae342720826739160f5b2c90041a37a61014,2508,historical_match,results/anomaly_v1/metrics/frozen_artifacts.json;results/fusion_v1/input_integrity_manifest.json;results/graph_temporal_v1/metrics/protected_artifacts.json;results/graph_v1/metrics/frozen_artifacts.json
src/temporal/test_temporal.py,0c94033b901b1e423a9e8998604326ecec268a6175605913c4973ee244018b98,1433,historical_match,results/anomaly_v1/metrics/frozen_artifacts.json;results/fusion_v1/input_integrity_manifest.json;results/graph_temporal_v1/metrics/protected_artifacts.json;results/graph_v1/metrics/frozen_artifacts.json
src/temporal/train.py,6a2a431093013b7a829b5f6884426854e03333b2f558bcd59b8afcdfd412b48b,7117,historical_match,results/anomaly_v1/metrics/frozen_artifacts.json;results/fusion_v1/input_integrity_manifest.json;results/graph_temporal_v1/metrics/protected_artifacts.json;results/graph_v1/metrics/frozen_artifacts.json
