seed,model,cohort,partition,criterion,threshold,attack_family,N,detected,recall
42,logistic_regression,full_dataset,validation,fixed_0_5,0.5,Bot,0,0,
42,logistic_regression,full_dataset,validation,fixed_0_5,0.5,Brute Force -Web,362,62,0.1712707182320442
42,logistic_regression,full_dataset,validation,fixed_0_5,0.5,Brute Force -XSS,151,66,0.4370860927152318
42,logistic_regression,full_dataset,validation,fixed_0_5,0.5,DDOS attack-HOIC,0,0,
42,logistic_regression,full_dataset,validation,fixed_0_5,0.5,DDOS attack-LOIC-UDP,0,0,
42,logistic_regression,full_dataset,validation,fixed_0_5,0.5,DDoS attacks-LOIC-HTTP,0,0,
42,logistic_regression,full_dataset,validation,fixed_0_5,0.5,DoS attacks-GoldenEye,0,0,
42,logistic_regression,full_dataset,validation,fixed_0_5,0.5,DoS attacks-Hulk,0,0,
42,logistic_regression,full_dataset,validation,fixed_0_5,0.5,DoS attacks-SlowHTTPTest,0,0,
42,logistic_regression,full_dataset,validation,fixed_0_5,0.5,DoS attacks-Slowloris,0,0,
42,logistic_regression,full_dataset,validation,fixed_0_5,0.5,FTP-BruteForce,0,0,
42,logistic_regression,full_dataset,validation,fixed_0_5,0.5,Infilteration,68857,4998,0.07258521283239176
42,logistic_regression,full_dataset,validation,fixed_0_5,0.5,SQL Injection,53,21,0.39622641509433965
42,logistic_regression,full_dataset,validation,fixed_0_5,0.5,SSH-Bruteforce,0,0,
42,logistic_regression,full_dataset,validation,fpr_at_most_0.01,0.9831575751304626,Bot,0,0,
42,logistic_regression,full_dataset,validation,fpr_at_most_0.01,0.9831575751304626,Brute Force -Web,362,0,0.0
42,logistic_regression,full_dataset,validation,fpr_at_most_0.01,0.9831575751304626,Brute Force -XSS,151,0,0.0
42,logistic_regression,full_dataset,validation,fpr_at_most_0.01,0.9831575751304626,DDOS attack-HOIC,0,0,
42,logistic_regression,full_dataset,validation,fpr_at_most_0.01,0.9831575751304626,DDOS attack-LOIC-UDP,0,0,
42,logistic_regression,full_dataset,validation,fpr_at_most_0.01,0.9831575751304626,DDoS attacks-LOIC-HTTP,0,0,
42,logistic_regression,full_dataset,validation,fpr_at_most_0.01,0.9831575751304626,DoS attacks-GoldenEye,0,0,
42,logistic_regression,full_dataset,validation,fpr_at_most_0.01,0.9831575751304626,DoS attacks-Hulk,0,0,
42,logistic_regression,full_dataset,validation,fpr_at_most_0.01,0.9831575751304626,DoS attacks-SlowHTTPTest,0,0,
42,logistic_regression,full_dataset,validation,fpr_at_most_0.01,0.9831575751304626,DoS attacks-Slowloris,0,0,
42,logistic_regression,full_dataset,validation,fpr_at_most_0.01,0.9831575751304626,FTP-BruteForce,0,0,
42,logistic_regression,full_dataset,validation,fpr_at_most_0.01,0.9831575751304626,Infilteration,68857,311,0.004516606880927139
42,logistic_regression,full_dataset,validation,fpr_at_most_0.01,0.9831575751304626,SQL Injection,53,10,0.18867924528301888
42,logistic_regression,full_dataset,validation,fpr_at_most_0.01,0.9831575751304626,SSH-Bruteforce,0,0,
42,logistic_regression,full_dataset,test,fixed_0_5,0.5,Bot,282310,0,0.0
42,logistic_regression,full_dataset,test,fixed_0_5,0.5,Brute Force -Web,0,0,
42,logistic_regression,full_dataset,test,fixed_0_5,0.5,Brute Force -XSS,0,0,
42,logistic_regression,full_dataset,test,fixed_0_5,0.5,DDOS attack-HOIC,0,0,
42,logistic_regression,full_dataset,test,fixed_0_5,0.5,DDOS attack-LOIC-UDP,0,0,
42,logistic_regression,full_dataset,test,fixed_0_5,0.5,DDoS attacks-LOIC-HTTP,0,0,
42,logistic_regression,full_dataset,test,fixed_0_5,0.5,DoS attacks-GoldenEye,0,0,
42,logistic_regression,full_dataset,test,fixed_0_5,0.5,DoS attacks-Hulk,0,0,
42,logistic_regression,full_dataset,test,fixed_0_5,0.5,DoS attacks-SlowHTTPTest,0,0,
42,logistic_regression,full_dataset,test,fixed_0_5,0.5,DoS attacks-Slowloris,0,0,
42,logistic_regression,full_dataset,test,fixed_0_5,0.5,FTP-BruteForce,0,0,
42,logistic_regression,full_dataset,test,fixed_0_5,0.5,Infilteration,93040,3042,0.03269561478933792
42,logistic_regression,full_dataset,test,fixed_0_5,0.5,SQL Injection,0,0,
42,logistic_regression,full_dataset,test,fixed_0_5,0.5,SSH-Bruteforce,0,0,
42,logistic_regression,full_dataset,test,fpr_at_most_0.01,0.9831575751304626,Bot,282310,0,0.0
42,logistic_regression,full_dataset,test,fpr_at_most_0.01,0.9831575751304626,Brute Force -Web,0,0,
42,logistic_regression,full_dataset,test,fpr_at_most_0.01,0.9831575751304626,Brute Force -XSS,0,0,
42,logistic_regression,full_dataset,test,fpr_at_most_0.01,0.9831575751304626,DDOS attack-HOIC,0,0,
42,logistic_regression,full_dataset,test,fpr_at_most_0.01,0.9831575751304626,DDOS attack-LOIC-UDP,0,0,
42,logistic_regression,full_dataset,test,fpr_at_most_0.01,0.9831575751304626,DDoS attacks-LOIC-HTTP,0,0,
42,logistic_regression,full_dataset,test,fpr_at_most_0.01,0.9831575751304626,DoS attacks-GoldenEye,0,0,
42,logistic_regression,full_dataset,test,fpr_at_most_0.01,0.9831575751304626,DoS attacks-Hulk,0,0,
42,logistic_regression,full_dataset,test,fpr_at_most_0.01,0.9831575751304626,DoS attacks-SlowHTTPTest,0,0,
42,logistic_regression,full_dataset,test,fpr_at_most_0.01,0.9831575751304626,DoS attacks-Slowloris,0,0,
42,logistic_regression,full_dataset,test,fpr_at_most_0.01,0.9831575751304626,FTP-BruteForce,0,0,
42,logistic_regression,full_dataset,test,fpr_at_most_0.01,0.9831575751304626,Infilteration,93040,433,0.0046539122957867584
42,logistic_regression,full_dataset,test,fpr_at_most_0.01,0.9831575751304626,SQL Injection,0,0,
42,logistic_regression,full_dataset,test,fpr_at_most_0.01,0.9831575751304626,SSH-Bruteforce,0,0,
42,random_forest,full_dataset,validation,fixed_0_5,0.5,Bot,0,0,
42,random_forest,full_dataset,validation,fixed_0_5,0.5,Brute Force -Web,362,10,0.027624309392265192
42,random_forest,full_dataset,validation,fixed_0_5,0.5,Brute Force -XSS,151,23,0.152317880794702
42,random_forest,full_dataset,validation,fixed_0_5,0.5,DDOS attack-HOIC,0,0,
42,random_forest,full_dataset,validation,fixed_0_5,0.5,DDOS attack-LOIC-UDP,0,0,
42,random_forest,full_dataset,validation,fixed_0_5,0.5,DDoS attacks-LOIC-HTTP,0,0,
42,random_forest,full_dataset,validation,fixed_0_5,0.5,DoS attacks-GoldenEye,0,0,
42,random_forest,full_dataset,validation,fixed_0_5,0.5,DoS attacks-Hulk,0,0,
42,random_forest,full_dataset,validation,fixed_0_5,0.5,DoS attacks-SlowHTTPTest,0,0,
42,random_forest,full_dataset,validation,fixed_0_5,0.5,DoS attacks-Slowloris,0,0,
42,random_forest,full_dataset,validation,fixed_0_5,0.5,FTP-BruteForce,0,0,
42,random_forest,full_dataset,validation,fixed_0_5,0.5,Infilteration,68857,137,0.001989630683881087
42,random_forest,full_dataset,validation,fixed_0_5,0.5,SQL Injection,53,3,0.05660377358490566
42,random_forest,full_dataset,validation,fixed_0_5,0.5,SSH-Bruteforce,0,0,
42,random_forest,full_dataset,validation,fpr_at_most_0.01,0.17370928190063595,Bot,0,0,
42,random_forest,full_dataset,validation,fpr_at_most_0.01,0.17370928190063595,Brute Force -Web,362,154,0.425414364640884
42,random_forest,full_dataset,validation,fpr_at_most_0.01,0.17370928190063595,Brute Force -XSS,151,114,0.7549668874172185
42,random_forest,full_dataset,validation,fpr_at_most_0.01,0.17370928190063595,DDOS attack-HOIC,0,0,
42,random_forest,full_dataset,validation,fpr_at_most_0.01,0.17370928190063595,DDOS attack-LOIC-UDP,0,0,
42,random_forest,full_dataset,validation,fpr_at_most_0.01,0.17370928190063595,DDoS attacks-LOIC-HTTP,0,0,
42,random_forest,full_dataset,validation,fpr_at_most_0.01,0.17370928190063595,DoS attacks-GoldenEye,0,0,
42,random_forest,full_dataset,validation,fpr_at_most_0.01,0.17370928190063595,DoS attacks-Hulk,0,0,
42,random_forest,full_dataset,validation,fpr_at_most_0.01,0.17370928190063595,DoS attacks-SlowHTTPTest,0,0,
42,random_forest,full_dataset,validation,fpr_at_most_0.01,0.17370928190063595,DoS attacks-Slowloris,0,0,
42,random_forest,full_dataset,validation,fpr_at_most_0.01,0.17370928190063595,FTP-BruteForce,0,0,
42,random_forest,full_dataset,validation,fpr_at_most_0.01,0.17370928190063595,Infilteration,68857,1079,0.015670156992026955
42,random_forest,full_dataset,validation,fpr_at_most_0.01,0.17370928190063595,SQL Injection,53,17,0.32075471698113206
42,random_forest,full_dataset,validation,fpr_at_most_0.01,0.17370928190063595,SSH-Bruteforce,0,0,
42,random_forest,full_dataset,test,fixed_0_5,0.5,Bot,282310,0,0.0
42,random_forest,full_dataset,test,fixed_0_5,0.5,Brute Force -Web,0,0,
42,random_forest,full_dataset,test,fixed_0_5,0.5,Brute Force -XSS,0,0,
42,random_forest,full_dataset,test,fixed_0_5,0.5,DDOS attack-HOIC,0,0,
42,random_forest,full_dataset,test,fixed_0_5,0.5,DDOS attack-LOIC-UDP,0,0,
42,random_forest,full_dataset,test,fixed_0_5,0.5,DDoS attacks-LOIC-HTTP,0,0,
42,random_forest,full_dataset,test,fixed_0_5,0.5,DoS attacks-GoldenEye,0,0,
42,random_forest,full_dataset,test,fixed_0_5,0.5,DoS attacks-Hulk,0,0,
42,random_forest,full_dataset,test,fixed_0_5,0.5,DoS attacks-SlowHTTPTest,0,0,
42,random_forest,full_dataset,test,fixed_0_5,0.5,DoS attacks-Slowloris,0,0,
42,random_forest,full_dataset,test,fixed_0_5,0.5,FTP-BruteForce,0,0,
42,random_forest,full_dataset,test,fixed_0_5,0.5,Infilteration,93040,235,0.0025257953568357696
42,random_forest,full_dataset,test,fixed_0_5,0.5,SQL Injection,0,0,
42,random_forest,full_dataset,test,fixed_0_5,0.5,SSH-Bruteforce,0,0,
42,random_forest,full_dataset,test,fpr_at_most_0.01,0.17370928190063595,Bot,282310,126930,0.4496121285112111
42,random_forest,full_dataset,test,fpr_at_most_0.01,0.17370928190063595,Brute Force -Web,0,0,
42,random_forest,full_dataset,test,fpr_at_most_0.01,0.17370928190063595,Brute Force -XSS,0,0,
42,random_forest,full_dataset,test,fpr_at_most_0.01,0.17370928190063595,DDOS attack-HOIC,0,0,
42,random_forest,full_dataset,test,fpr_at_most_0.01,0.17370928190063595,DDOS attack-LOIC-UDP,0,0,
42,random_forest,full_dataset,test,fpr_at_most_0.01,0.17370928190063595,DDoS attacks-LOIC-HTTP,0,0,
42,random_forest,full_dataset,test,fpr_at_most_0.01,0.17370928190063595,DoS attacks-GoldenEye,0,0,
42,random_forest,full_dataset,test,fpr_at_most_0.01,0.17370928190063595,DoS attacks-Hulk,0,0,
42,random_forest,full_dataset,test,fpr_at_most_0.01,0.17370928190063595,DoS attacks-SlowHTTPTest,0,0,
42,random_forest,full_dataset,test,fpr_at_most_0.01,0.17370928190063595,DoS attacks-Slowloris,0,0,
42,random_forest,full_dataset,test,fpr_at_most_0.01,0.17370928190063595,FTP-BruteForce,0,0,
42,random_forest,full_dataset,test,fpr_at_most_0.01,0.17370928190063595,Infilteration,93040,1719,0.01847592433361995
42,random_forest,full_dataset,test,fpr_at_most_0.01,0.17370928190063595,SQL Injection,0,0,
42,random_forest,full_dataset,test,fpr_at_most_0.01,0.17370928190063595,SSH-Bruteforce,0,0,
42,xgboost,full_dataset,validation,fixed_0_5,0.5,Bot,0,0,
42,xgboost,full_dataset,validation,fixed_0_5,0.5,Brute Force -Web,362,69,0.19060773480662985
42,xgboost,full_dataset,validation,fixed_0_5,0.5,Brute Force -XSS,151,101,0.6688741721854304
42,xgboost,full_dataset,validation,fixed_0_5,0.5,DDOS attack-HOIC,0,0,
42,xgboost,full_dataset,validation,fixed_0_5,0.5,DDOS attack-LOIC-UDP,0,0,
42,xgboost,full_dataset,validation,fixed_0_5,0.5,DDoS attacks-LOIC-HTTP,0,0,
42,xgboost,full_dataset,validation,fixed_0_5,0.5,DoS attacks-GoldenEye,0,0,
42,xgboost,full_dataset,validation,fixed_0_5,0.5,DoS attacks-Hulk,0,0,
42,xgboost,full_dataset,validation,fixed_0_5,0.5,DoS attacks-SlowHTTPTest,0,0,
42,xgboost,full_dataset,validation,fixed_0_5,0.5,DoS attacks-Slowloris,0,0,
42,xgboost,full_dataset,validation,fixed_0_5,0.5,FTP-BruteForce,0,0,
42,xgboost,full_dataset,validation,fixed_0_5,0.5,Infilteration,68857,719,0.010441930377448916
42,xgboost,full_dataset,validation,fixed_0_5,0.5,SQL Injection,53,2,0.03773584905660377
42,xgboost,full_dataset,validation,fixed_0_5,0.5,SSH-Bruteforce,0,0,
42,xgboost,full_dataset,validation,fpr_at_most_0.01,0.09447260200977325,Bot,0,0,
42,xgboost,full_dataset,validation,fpr_at_most_0.01,0.09447260200977325,Brute Force -Web,362,104,0.287292817679558
42,xgboost,full_dataset,validation,fpr_at_most_0.01,0.09447260200977325,Brute Force -XSS,151,110,0.7284768211920529
42,xgboost,full_dataset,validation,fpr_at_most_0.01,0.09447260200977325,DDOS attack-HOIC,0,0,
42,xgboost,full_dataset,validation,fpr_at_most_0.01,0.09447260200977325,DDOS attack-LOIC-UDP,0,0,
42,xgboost,full_dataset,validation,fpr_at_most_0.01,0.09447260200977325,DDoS attacks-LOIC-HTTP,0,0,
42,xgboost,full_dataset,validation,fpr_at_most_0.01,0.09447260200977325,DoS attacks-GoldenEye,0,0,
42,xgboost,full_dataset,validation,fpr_at_most_0.01,0.09447260200977325,DoS attacks-Hulk,0,0,
42,xgboost,full_dataset,validation,fpr_at_most_0.01,0.09447260200977325,DoS attacks-SlowHTTPTest,0,0,
42,xgboost,full_dataset,validation,fpr_at_most_0.01,0.09447260200977325,DoS attacks-Slowloris,0,0,
42,xgboost,full_dataset,validation,fpr_at_most_0.01,0.09447260200977325,FTP-BruteForce,0,0,
42,xgboost,full_dataset,validation,fpr_at_most_0.01,0.09447260200977325,Infilteration,68857,985,0.0143050089315538
42,xgboost,full_dataset,validation,fpr_at_most_0.01,0.09447260200977325,SQL Injection,53,9,0.16981132075471697
42,xgboost,full_dataset,validation,fpr_at_most_0.01,0.09447260200977325,SSH-Bruteforce,0,0,
42,xgboost,full_dataset,test,fixed_0_5,0.5,Bot,282310,0,0.0
42,xgboost,full_dataset,test,fixed_0_5,0.5,Brute Force -Web,0,0,
42,xgboost,full_dataset,test,fixed_0_5,0.5,Brute Force -XSS,0,0,
42,xgboost,full_dataset,test,fixed_0_5,0.5,DDOS attack-HOIC,0,0,
42,xgboost,full_dataset,test,fixed_0_5,0.5,DDOS attack-LOIC-UDP,0,0,
42,xgboost,full_dataset,test,fixed_0_5,0.5,DDoS attacks-LOIC-HTTP,0,0,
42,xgboost,full_dataset,test,fixed_0_5,0.5,DoS attacks-GoldenEye,0,0,
42,xgboost,full_dataset,test,fixed_0_5,0.5,DoS attacks-Hulk,0,0,
42,xgboost,full_dataset,test,fixed_0_5,0.5,DoS attacks-SlowHTTPTest,0,0,
42,xgboost,full_dataset,test,fixed_0_5,0.5,DoS attacks-Slowloris,0,0,
42,xgboost,full_dataset,test,fixed_0_5,0.5,FTP-BruteForce,0,0,
42,xgboost,full_dataset,test,fixed_0_5,0.5,Infilteration,93040,1201,0.012908426483233018
42,xgboost,full_dataset,test,fixed_0_5,0.5,SQL Injection,0,0,
42,xgboost,full_dataset,test,fixed_0_5,0.5,SSH-Bruteforce,0,0,
42,xgboost,full_dataset,test,fpr_at_most_0.01,0.09447260200977325,Bot,282310,0,0.0
42,xgboost,full_dataset,test,fpr_at_most_0.01,0.09447260200977325,Brute Force -Web,0,0,
42,xgboost,full_dataset,test,fpr_at_most_0.01,0.09447260200977325,Brute Force -XSS,0,0,
42,xgboost,full_dataset,test,fpr_at_most_0.01,0.09447260200977325,DDOS attack-HOIC,0,0,
42,xgboost,full_dataset,test,fpr_at_most_0.01,0.09447260200977325,DDOS attack-LOIC-UDP,0,0,
42,xgboost,full_dataset,test,fpr_at_most_0.01,0.09447260200977325,DDoS attacks-LOIC-HTTP,0,0,
42,xgboost,full_dataset,test,fpr_at_most_0.01,0.09447260200977325,DoS attacks-GoldenEye,0,0,
42,xgboost,full_dataset,test,fpr_at_most_0.01,0.09447260200977325,DoS attacks-Hulk,0,0,
42,xgboost,full_dataset,test,fpr_at_most_0.01,0.09447260200977325,DoS attacks-SlowHTTPTest,0,0,
42,xgboost,full_dataset,test,fpr_at_most_0.01,0.09447260200977325,DoS attacks-Slowloris,0,0,
42,xgboost,full_dataset,test,fpr_at_most_0.01,0.09447260200977325,FTP-BruteForce,0,0,
42,xgboost,full_dataset,test,fpr_at_most_0.01,0.09447260200977325,Infilteration,93040,2088,0.02244196044711952
42,xgboost,full_dataset,test,fpr_at_most_0.01,0.09447260200977325,SQL Injection,0,0,
42,xgboost,full_dataset,test,fpr_at_most_0.01,0.09447260200977325,SSH-Bruteforce,0,0,
42,mlp,full_dataset,validation,fixed_0_5,0.5,Bot,0,0,
42,mlp,full_dataset,validation,fixed_0_5,0.5,Brute Force -Web,362,71,0.19613259668508287
42,mlp,full_dataset,validation,fixed_0_5,0.5,Brute Force -XSS,151,98,0.6490066225165563
42,mlp,full_dataset,validation,fixed_0_5,0.5,DDOS attack-HOIC,0,0,
42,mlp,full_dataset,validation,fixed_0_5,0.5,DDOS attack-LOIC-UDP,0,0,
42,mlp,full_dataset,validation,fixed_0_5,0.5,DDoS attacks-LOIC-HTTP,0,0,
42,mlp,full_dataset,validation,fixed_0_5,0.5,DoS attacks-GoldenEye,0,0,
42,mlp,full_dataset,validation,fixed_0_5,0.5,DoS attacks-Hulk,0,0,
42,mlp,full_dataset,validation,fixed_0_5,0.5,DoS attacks-SlowHTTPTest,0,0,
42,mlp,full_dataset,validation,fixed_0_5,0.5,DoS attacks-Slowloris,0,0,
42,mlp,full_dataset,validation,fixed_0_5,0.5,FTP-BruteForce,0,0,
42,mlp,full_dataset,validation,fixed_0_5,0.5,Infilteration,68857,240,0.003485484409718692
42,mlp,full_dataset,validation,fixed_0_5,0.5,SQL Injection,53,4,0.07547169811320754
42,mlp,full_dataset,validation,fixed_0_5,0.5,SSH-Bruteforce,0,0,
42,mlp,full_dataset,validation,fpr_at_most_0.01,0.05904792994260788,Bot,0,0,
42,mlp,full_dataset,validation,fpr_at_most_0.01,0.05904792994260788,Brute Force -Web,362,173,0.47790055248618785
42,mlp,full_dataset,validation,fpr_at_most_0.01,0.05904792994260788,Brute Force -XSS,151,125,0.8278145695364238
42,mlp,full_dataset,validation,fpr_at_most_0.01,0.05904792994260788,DDOS attack-HOIC,0,0,
42,mlp,full_dataset,validation,fpr_at_most_0.01,0.05904792994260788,DDOS attack-LOIC-UDP,0,0,
42,mlp,full_dataset,validation,fpr_at_most_0.01,0.05904792994260788,DDoS attacks-LOIC-HTTP,0,0,
42,mlp,full_dataset,validation,fpr_at_most_0.01,0.05904792994260788,DoS attacks-GoldenEye,0,0,
42,mlp,full_dataset,validation,fpr_at_most_0.01,0.05904792994260788,DoS attacks-Hulk,0,0,
42,mlp,full_dataset,validation,fpr_at_most_0.01,0.05904792994260788,DoS attacks-SlowHTTPTest,0,0,
42,mlp,full_dataset,validation,fpr_at_most_0.01,0.05904792994260788,DoS attacks-Slowloris,0,0,
42,mlp,full_dataset,validation,fpr_at_most_0.01,0.05904792994260788,FTP-BruteForce,0,0,
42,mlp,full_dataset,validation,fpr_at_most_0.01,0.05904792994260788,Infilteration,68857,1342,0.019489666991010356
42,mlp,full_dataset,validation,fpr_at_most_0.01,0.05904792994260788,SQL Injection,53,11,0.20754716981132076
42,mlp,full_dataset,validation,fpr_at_most_0.01,0.05904792994260788,SSH-Bruteforce,0,0,
42,mlp,full_dataset,test,fixed_0_5,0.5,Bot,282310,0,0.0
42,mlp,full_dataset,test,fixed_0_5,0.5,Brute Force -Web,0,0,
42,mlp,full_dataset,test,fixed_0_5,0.5,Brute Force -XSS,0,0,
42,mlp,full_dataset,test,fixed_0_5,0.5,DDOS attack-HOIC,0,0,
42,mlp,full_dataset,test,fixed_0_5,0.5,DDOS attack-LOIC-UDP,0,0,
42,mlp,full_dataset,test,fixed_0_5,0.5,DDoS attacks-LOIC-HTTP,0,0,
42,mlp,full_dataset,test,fixed_0_5,0.5,DoS attacks-GoldenEye,0,0,
42,mlp,full_dataset,test,fixed_0_5,0.5,DoS attacks-Hulk,0,0,
42,mlp,full_dataset,test,fixed_0_5,0.5,DoS attacks-SlowHTTPTest,0,0,
42,mlp,full_dataset,test,fixed_0_5,0.5,DoS attacks-Slowloris,0,0,
42,mlp,full_dataset,test,fixed_0_5,0.5,FTP-BruteForce,0,0,
42,mlp,full_dataset,test,fixed_0_5,0.5,Infilteration,93040,504,0.005417024935511608
42,mlp,full_dataset,test,fixed_0_5,0.5,SQL Injection,0,0,
42,mlp,full_dataset,test,fixed_0_5,0.5,SSH-Bruteforce,0,0,
42,mlp,full_dataset,test,fpr_at_most_0.01,0.05904792994260788,Bot,282310,0,0.0
42,mlp,full_dataset,test,fpr_at_most_0.01,0.05904792994260788,Brute Force -Web,0,0,
42,mlp,full_dataset,test,fpr_at_most_0.01,0.05904792994260788,Brute Force -XSS,0,0,
42,mlp,full_dataset,test,fpr_at_most_0.01,0.05904792994260788,DDOS attack-HOIC,0,0,
42,mlp,full_dataset,test,fpr_at_most_0.01,0.05904792994260788,DDOS attack-LOIC-UDP,0,0,
42,mlp,full_dataset,test,fpr_at_most_0.01,0.05904792994260788,DDoS attacks-LOIC-HTTP,0,0,
42,mlp,full_dataset,test,fpr_at_most_0.01,0.05904792994260788,DoS attacks-GoldenEye,0,0,
42,mlp,full_dataset,test,fpr_at_most_0.01,0.05904792994260788,DoS attacks-Hulk,0,0,
42,mlp,full_dataset,test,fpr_at_most_0.01,0.05904792994260788,DoS attacks-SlowHTTPTest,0,0,
42,mlp,full_dataset,test,fpr_at_most_0.01,0.05904792994260788,DoS attacks-Slowloris,0,0,
42,mlp,full_dataset,test,fpr_at_most_0.01,0.05904792994260788,FTP-BruteForce,0,0,
42,mlp,full_dataset,test,fpr_at_most_0.01,0.05904792994260788,Infilteration,93040,1842,0.019797936371453138
42,mlp,full_dataset,test,fpr_at_most_0.01,0.05904792994260788,SQL Injection,0,0,
42,mlp,full_dataset,test,fpr_at_most_0.01,0.05904792994260788,SSH-Bruteforce,0,0,
42,transformer_L1,phase5_matched,validation,fixed_0_5,0.5,Bot,0,0,
42,transformer_L1,phase5_matched,validation,fixed_0_5,0.5,Brute Force -Web,48,0,0.0
42,transformer_L1,phase5_matched,validation,fixed_0_5,0.5,Brute Force -XSS,11,0,0.0
42,transformer_L1,phase5_matched,validation,fixed_0_5,0.5,DDOS attack-HOIC,0,0,
42,transformer_L1,phase5_matched,validation,fixed_0_5,0.5,DDOS attack-LOIC-UDP,0,0,
42,transformer_L1,phase5_matched,validation,fixed_0_5,0.5,DDoS attacks-LOIC-HTTP,0,0,
42,transformer_L1,phase5_matched,validation,fixed_0_5,0.5,DoS attacks-GoldenEye,0,0,
42,transformer_L1,phase5_matched,validation,fixed_0_5,0.5,DoS attacks-Hulk,0,0,
42,transformer_L1,phase5_matched,validation,fixed_0_5,0.5,DoS attacks-SlowHTTPTest,0,0,
42,transformer_L1,phase5_matched,validation,fixed_0_5,0.5,DoS attacks-Slowloris,0,0,
42,transformer_L1,phase5_matched,validation,fixed_0_5,0.5,FTP-BruteForce,0,0,
42,transformer_L1,phase5_matched,validation,fixed_0_5,0.5,Infilteration,8551,705,0.08244649748567419
42,transformer_L1,phase5_matched,validation,fixed_0_5,0.5,SQL Injection,4,0,0.0
42,transformer_L1,phase5_matched,validation,fixed_0_5,0.5,SSH-Bruteforce,0,0,
42,transformer_L1,phase5_matched,validation,maximum_macro_f1,0.17631925642490387,Bot,0,0,
42,transformer_L1,phase5_matched,validation,maximum_macro_f1,0.17631925642490387,Brute Force -Web,48,2,0.041666666666666664
42,transformer_L1,phase5_matched,validation,maximum_macro_f1,0.17631925642490387,Brute Force -XSS,11,0,0.0
42,transformer_L1,phase5_matched,validation,maximum_macro_f1,0.17631925642490387,DDOS attack-HOIC,0,0,
42,transformer_L1,phase5_matched,validation,maximum_macro_f1,0.17631925642490387,DDOS attack-LOIC-UDP,0,0,
42,transformer_L1,phase5_matched,validation,maximum_macro_f1,0.17631925642490387,DDoS attacks-LOIC-HTTP,0,0,
42,transformer_L1,phase5_matched,validation,maximum_macro_f1,0.17631925642490387,DoS attacks-GoldenEye,0,0,
42,transformer_L1,phase5_matched,validation,maximum_macro_f1,0.17631925642490387,DoS attacks-Hulk,0,0,
42,transformer_L1,phase5_matched,validation,maximum_macro_f1,0.17631925642490387,DoS attacks-SlowHTTPTest,0,0,
42,transformer_L1,phase5_matched,validation,maximum_macro_f1,0.17631925642490387,DoS attacks-Slowloris,0,0,
42,transformer_L1,phase5_matched,validation,maximum_macro_f1,0.17631925642490387,FTP-BruteForce,0,0,
42,transformer_L1,phase5_matched,validation,maximum_macro_f1,0.17631925642490387,Infilteration,8551,739,0.08642264062682727
42,transformer_L1,phase5_matched,validation,maximum_macro_f1,0.17631925642490387,SQL Injection,4,0,0.0
42,transformer_L1,phase5_matched,validation,maximum_macro_f1,0.17631925642490387,SSH-Bruteforce,0,0,
42,transformer_L1,phase5_matched,validation,fpr_at_most_0.01,0.9938369393348694,Bot,0,0,
42,transformer_L1,phase5_matched,validation,fpr_at_most_0.01,0.9938369393348694,Brute Force -Web,48,0,0.0
42,transformer_L1,phase5_matched,validation,fpr_at_most_0.01,0.9938369393348694,Brute Force -XSS,11,0,0.0
42,transformer_L1,phase5_matched,validation,fpr_at_most_0.01,0.9938369393348694,DDOS attack-HOIC,0,0,
42,transformer_L1,phase5_matched,validation,fpr_at_most_0.01,0.9938369393348694,DDOS attack-LOIC-UDP,0,0,
42,transformer_L1,phase5_matched,validation,fpr_at_most_0.01,0.9938369393348694,DDoS attacks-LOIC-HTTP,0,0,
42,transformer_L1,phase5_matched,validation,fpr_at_most_0.01,0.9938369393348694,DoS attacks-GoldenEye,0,0,
42,transformer_L1,phase5_matched,validation,fpr_at_most_0.01,0.9938369393348694,DoS attacks-Hulk,0,0,
42,transformer_L1,phase5_matched,validation,fpr_at_most_0.01,0.9938369393348694,DoS attacks-SlowHTTPTest,0,0,
42,transformer_L1,phase5_matched,validation,fpr_at_most_0.01,0.9938369393348694,DoS attacks-Slowloris,0,0,
42,transformer_L1,phase5_matched,validation,fpr_at_most_0.01,0.9938369393348694,FTP-BruteForce,0,0,
42,transformer_L1,phase5_matched,validation,fpr_at_most_0.01,0.9938369393348694,Infilteration,8551,436,0.05098818851596305
42,transformer_L1,phase5_matched,validation,fpr_at_most_0.01,0.9938369393348694,SQL Injection,4,0,0.0
42,transformer_L1,phase5_matched,validation,fpr_at_most_0.01,0.9938369393348694,SSH-Bruteforce,0,0,
42,transformer_L1,phase5_matched,validation,fpr_at_most_0.005,0.9957486987113953,Bot,0,0,
42,transformer_L1,phase5_matched,validation,fpr_at_most_0.005,0.9957486987113953,Brute Force -Web,48,0,0.0
42,transformer_L1,phase5_matched,validation,fpr_at_most_0.005,0.9957486987113953,Brute Force -XSS,11,0,0.0
42,transformer_L1,phase5_matched,validation,fpr_at_most_0.005,0.9957486987113953,DDOS attack-HOIC,0,0,
42,transformer_L1,phase5_matched,validation,fpr_at_most_0.005,0.9957486987113953,DDOS attack-LOIC-UDP,0,0,
42,transformer_L1,phase5_matched,validation,fpr_at_most_0.005,0.9957486987113953,DDoS attacks-LOIC-HTTP,0,0,
42,transformer_L1,phase5_matched,validation,fpr_at_most_0.005,0.9957486987113953,DoS attacks-GoldenEye,0,0,
42,transformer_L1,phase5_matched,validation,fpr_at_most_0.005,0.9957486987113953,DoS attacks-Hulk,0,0,
42,transformer_L1,phase5_matched,validation,fpr_at_most_0.005,0.9957486987113953,DoS attacks-SlowHTTPTest,0,0,
42,transformer_L1,phase5_matched,validation,fpr_at_most_0.005,0.9957486987113953,DoS attacks-Slowloris,0,0,
42,transformer_L1,phase5_matched,validation,fpr_at_most_0.005,0.9957486987113953,FTP-BruteForce,0,0,
42,transformer_L1,phase5_matched,validation,fpr_at_most_0.005,0.9957486987113953,Infilteration,8551,195,0.022804350368377968
42,transformer_L1,phase5_matched,validation,fpr_at_most_0.005,0.9957486987113953,SQL Injection,4,0,0.0
42,transformer_L1,phase5_matched,validation,fpr_at_most_0.005,0.9957486987113953,SSH-Bruteforce,0,0,
42,transformer_L1,phase5_matched,validation,fpr_at_most_0.001,0.9981689453125,Bot,0,0,
42,transformer_L1,phase5_matched,validation,fpr_at_most_0.001,0.9981689453125,Brute Force -Web,48,0,0.0
42,transformer_L1,phase5_matched,validation,fpr_at_most_0.001,0.9981689453125,Brute Force -XSS,11,0,0.0
42,transformer_L1,phase5_matched,validation,fpr_at_most_0.001,0.9981689453125,DDOS attack-HOIC,0,0,
42,transformer_L1,phase5_matched,validation,fpr_at_most_0.001,0.9981689453125,DDOS attack-LOIC-UDP,0,0,
42,transformer_L1,phase5_matched,validation,fpr_at_most_0.001,0.9981689453125,DDoS attacks-LOIC-HTTP,0,0,
42,transformer_L1,phase5_matched,validation,fpr_at_most_0.001,0.9981689453125,DoS attacks-GoldenEye,0,0,
42,transformer_L1,phase5_matched,validation,fpr_at_most_0.001,0.9981689453125,DoS attacks-Hulk,0,0,
42,transformer_L1,phase5_matched,validation,fpr_at_most_0.001,0.9981689453125,DoS attacks-SlowHTTPTest,0,0,
42,transformer_L1,phase5_matched,validation,fpr_at_most_0.001,0.9981689453125,DoS attacks-Slowloris,0,0,
42,transformer_L1,phase5_matched,validation,fpr_at_most_0.001,0.9981689453125,FTP-BruteForce,0,0,
42,transformer_L1,phase5_matched,validation,fpr_at_most_0.001,0.9981689453125,Infilteration,8551,15,0.001754180797567536
42,transformer_L1,phase5_matched,validation,fpr_at_most_0.001,0.9981689453125,SQL Injection,4,0,0.0
42,transformer_L1,phase5_matched,validation,fpr_at_most_0.001,0.9981689453125,SSH-Bruteforce,0,0,
42,transformer_L1,phase5_matched,test,fixed_0_5,0.5,Bot,35326,0,0.0
42,transformer_L1,phase5_matched,test,fixed_0_5,0.5,Brute Force -Web,0,0,
42,transformer_L1,phase5_matched,test,fixed_0_5,0.5,Brute Force -XSS,0,0,
42,transformer_L1,phase5_matched,test,fixed_0_5,0.5,DDOS attack-HOIC,0,0,
42,transformer_L1,phase5_matched,test,fixed_0_5,0.5,DDOS attack-LOIC-UDP,0,0,
42,transformer_L1,phase5_matched,test,fixed_0_5,0.5,DDoS attacks-LOIC-HTTP,0,0,
42,transformer_L1,phase5_matched,test,fixed_0_5,0.5,DoS attacks-GoldenEye,0,0,
42,transformer_L1,phase5_matched,test,fixed_0_5,0.5,DoS attacks-Hulk,0,0,
42,transformer_L1,phase5_matched,test,fixed_0_5,0.5,DoS attacks-SlowHTTPTest,0,0,
42,transformer_L1,phase5_matched,test,fixed_0_5,0.5,DoS attacks-Slowloris,0,0,
42,transformer_L1,phase5_matched,test,fixed_0_5,0.5,FTP-BruteForce,0,0,
42,transformer_L1,phase5_matched,test,fixed_0_5,0.5,Infilteration,11632,1050,0.09026822558459423
42,transformer_L1,phase5_matched,test,fixed_0_5,0.5,SQL Injection,0,0,
42,transformer_L1,phase5_matched,test,fixed_0_5,0.5,SSH-Bruteforce,0,0,
42,transformer_L1,phase5_matched,test,maximum_macro_f1,0.17631925642490387,Bot,35326,16,0.00045292419181339525
42,transformer_L1,phase5_matched,test,maximum_macro_f1,0.17631925642490387,Brute Force -Web,0,0,
42,transformer_L1,phase5_matched,test,maximum_macro_f1,0.17631925642490387,Brute Force -XSS,0,0,
42,transformer_L1,phase5_matched,test,maximum_macro_f1,0.17631925642490387,DDOS attack-HOIC,0,0,
42,transformer_L1,phase5_matched,test,maximum_macro_f1,0.17631925642490387,DDOS attack-LOIC-UDP,0,0,
42,transformer_L1,phase5_matched,test,maximum_macro_f1,0.17631925642490387,DDoS attacks-LOIC-HTTP,0,0,
42,transformer_L1,phase5_matched,test,maximum_macro_f1,0.17631925642490387,DoS attacks-GoldenEye,0,0,
42,transformer_L1,phase5_matched,test,maximum_macro_f1,0.17631925642490387,DoS attacks-Hulk,0,0,
42,transformer_L1,phase5_matched,test,maximum_macro_f1,0.17631925642490387,DoS attacks-SlowHTTPTest,0,0,
42,transformer_L1,phase5_matched,test,maximum_macro_f1,0.17631925642490387,DoS attacks-Slowloris,0,0,
42,transformer_L1,phase5_matched,test,maximum_macro_f1,0.17631925642490387,FTP-BruteForce,0,0,
42,transformer_L1,phase5_matched,test,maximum_macro_f1,0.17631925642490387,Infilteration,11632,1111,0.09551237964236589
42,transformer_L1,phase5_matched,test,maximum_macro_f1,0.17631925642490387,SQL Injection,0,0,
42,transformer_L1,phase5_matched,test,maximum_macro_f1,0.17631925642490387,SSH-Bruteforce,0,0,
42,transformer_L1,phase5_matched,test,fpr_at_most_0.01,0.9938369393348694,Bot,35326,0,0.0
42,transformer_L1,phase5_matched,test,fpr_at_most_0.01,0.9938369393348694,Brute Force -Web,0,0,
42,transformer_L1,phase5_matched,test,fpr_at_most_0.01,0.9938369393348694,Brute Force -XSS,0,0,
42,transformer_L1,phase5_matched,test,fpr_at_most_0.01,0.9938369393348694,DDOS attack-HOIC,0,0,
42,transformer_L1,phase5_matched,test,fpr_at_most_0.01,0.9938369393348694,DDOS attack-LOIC-UDP,0,0,
42,transformer_L1,phase5_matched,test,fpr_at_most_0.01,0.9938369393348694,DDoS attacks-LOIC-HTTP,0,0,
42,transformer_L1,phase5_matched,test,fpr_at_most_0.01,0.9938369393348694,DoS attacks-GoldenEye,0,0,
42,transformer_L1,phase5_matched,test,fpr_at_most_0.01,0.9938369393348694,DoS attacks-Hulk,0,0,
42,transformer_L1,phase5_matched,test,fpr_at_most_0.01,0.9938369393348694,DoS attacks-SlowHTTPTest,0,0,
42,transformer_L1,phase5_matched,test,fpr_at_most_0.01,0.9938369393348694,DoS attacks-Slowloris,0,0,
42,transformer_L1,phase5_matched,test,fpr_at_most_0.01,0.9938369393348694,FTP-BruteForce,0,0,
42,transformer_L1,phase5_matched,test,fpr_at_most_0.01,0.9938369393348694,Infilteration,11632,645,0.05545048143053645
42,transformer_L1,phase5_matched,test,fpr_at_most_0.01,0.9938369393348694,SQL Injection,0,0,
42,transformer_L1,phase5_matched,test,fpr_at_most_0.01,0.9938369393348694,SSH-Bruteforce,0,0,
42,transformer_L1,phase5_matched,test,fpr_at_most_0.005,0.9957486987113953,Bot,35326,0,0.0
42,transformer_L1,phase5_matched,test,fpr_at_most_0.005,0.9957486987113953,Brute Force -Web,0,0,
42,transformer_L1,phase5_matched,test,fpr_at_most_0.005,0.9957486987113953,Brute Force -XSS,0,0,
42,transformer_L1,phase5_matched,test,fpr_at_most_0.005,0.9957486987113953,DDOS attack-HOIC,0,0,
42,transformer_L1,phase5_matched,test,fpr_at_most_0.005,0.9957486987113953,DDOS attack-LOIC-UDP,0,0,
42,transformer_L1,phase5_matched,test,fpr_at_most_0.005,0.9957486987113953,DDoS attacks-LOIC-HTTP,0,0,
42,transformer_L1,phase5_matched,test,fpr_at_most_0.005,0.9957486987113953,DoS attacks-GoldenEye,0,0,
42,transformer_L1,phase5_matched,test,fpr_at_most_0.005,0.9957486987113953,DoS attacks-Hulk,0,0,
42,transformer_L1,phase5_matched,test,fpr_at_most_0.005,0.9957486987113953,DoS attacks-SlowHTTPTest,0,0,
42,transformer_L1,phase5_matched,test,fpr_at_most_0.005,0.9957486987113953,DoS attacks-Slowloris,0,0,
42,transformer_L1,phase5_matched,test,fpr_at_most_0.005,0.9957486987113953,FTP-BruteForce,0,0,
42,transformer_L1,phase5_matched,test,fpr_at_most_0.005,0.9957486987113953,Infilteration,11632,306,0.026306740027510316
42,transformer_L1,phase5_matched,test,fpr_at_most_0.005,0.9957486987113953,SQL Injection,0,0,
42,transformer_L1,phase5_matched,test,fpr_at_most_0.005,0.9957486987113953,SSH-Bruteforce,0,0,
42,transformer_L1,phase5_matched,test,fpr_at_most_0.001,0.9981689453125,Bot,35326,0,0.0
42,transformer_L1,phase5_matched,test,fpr_at_most_0.001,0.9981689453125,Brute Force -Web,0,0,
42,transformer_L1,phase5_matched,test,fpr_at_most_0.001,0.9981689453125,Brute Force -XSS,0,0,
42,transformer_L1,phase5_matched,test,fpr_at_most_0.001,0.9981689453125,DDOS attack-HOIC,0,0,
42,transformer_L1,phase5_matched,test,fpr_at_most_0.001,0.9981689453125,DDOS attack-LOIC-UDP,0,0,
42,transformer_L1,phase5_matched,test,fpr_at_most_0.001,0.9981689453125,DDoS attacks-LOIC-HTTP,0,0,
42,transformer_L1,phase5_matched,test,fpr_at_most_0.001,0.9981689453125,DoS attacks-GoldenEye,0,0,
42,transformer_L1,phase5_matched,test,fpr_at_most_0.001,0.9981689453125,DoS attacks-Hulk,0,0,
42,transformer_L1,phase5_matched,test,fpr_at_most_0.001,0.9981689453125,DoS attacks-SlowHTTPTest,0,0,
42,transformer_L1,phase5_matched,test,fpr_at_most_0.001,0.9981689453125,DoS attacks-Slowloris,0,0,
42,transformer_L1,phase5_matched,test,fpr_at_most_0.001,0.9981689453125,FTP-BruteForce,0,0,
42,transformer_L1,phase5_matched,test,fpr_at_most_0.001,0.9981689453125,Infilteration,11632,44,0.003782668500687758
42,transformer_L1,phase5_matched,test,fpr_at_most_0.001,0.9981689453125,SQL Injection,0,0,
42,transformer_L1,phase5_matched,test,fpr_at_most_0.001,0.9981689453125,SSH-Bruteforce,0,0,
42,transformer_L64,phase5_matched,validation,fixed_0_5,0.5,Bot,0,0,
42,transformer_L64,phase5_matched,validation,fixed_0_5,0.5,Brute Force -Web,48,0,0.0
42,transformer_L64,phase5_matched,validation,fixed_0_5,0.5,Brute Force -XSS,11,0,0.0
42,transformer_L64,phase5_matched,validation,fixed_0_5,0.5,DDOS attack-HOIC,0,0,
42,transformer_L64,phase5_matched,validation,fixed_0_5,0.5,DDOS attack-LOIC-UDP,0,0,
42,transformer_L64,phase5_matched,validation,fixed_0_5,0.5,DDoS attacks-LOIC-HTTP,0,0,
42,transformer_L64,phase5_matched,validation,fixed_0_5,0.5,DoS attacks-GoldenEye,0,0,
42,transformer_L64,phase5_matched,validation,fixed_0_5,0.5,DoS attacks-Hulk,0,0,
42,transformer_L64,phase5_matched,validation,fixed_0_5,0.5,DoS attacks-SlowHTTPTest,0,0,
42,transformer_L64,phase5_matched,validation,fixed_0_5,0.5,DoS attacks-Slowloris,0,0,
42,transformer_L64,phase5_matched,validation,fixed_0_5,0.5,FTP-BruteForce,0,0,
42,transformer_L64,phase5_matched,validation,fixed_0_5,0.5,Infilteration,8551,716,0.08373289673722371
42,transformer_L64,phase5_matched,validation,fixed_0_5,0.5,SQL Injection,4,0,0.0
42,transformer_L64,phase5_matched,validation,fixed_0_5,0.5,SSH-Bruteforce,0,0,
42,transformer_L64,phase5_matched,validation,maximum_macro_f1,0.09466113150119781,Bot,0,0,
42,transformer_L64,phase5_matched,validation,maximum_macro_f1,0.09466113150119781,Brute Force -Web,48,0,0.0
42,transformer_L64,phase5_matched,validation,maximum_macro_f1,0.09466113150119781,Brute Force -XSS,11,0,0.0
42,transformer_L64,phase5_matched,validation,maximum_macro_f1,0.09466113150119781,DDOS attack-HOIC,0,0,
42,transformer_L64,phase5_matched,validation,maximum_macro_f1,0.09466113150119781,DDOS attack-LOIC-UDP,0,0,
42,transformer_L64,phase5_matched,validation,maximum_macro_f1,0.09466113150119781,DDoS attacks-LOIC-HTTP,0,0,
42,transformer_L64,phase5_matched,validation,maximum_macro_f1,0.09466113150119781,DoS attacks-GoldenEye,0,0,
42,transformer_L64,phase5_matched,validation,maximum_macro_f1,0.09466113150119781,DoS attacks-Hulk,0,0,
42,transformer_L64,phase5_matched,validation,maximum_macro_f1,0.09466113150119781,DoS attacks-SlowHTTPTest,0,0,
42,transformer_L64,phase5_matched,validation,maximum_macro_f1,0.09466113150119781,DoS attacks-Slowloris,0,0,
42,transformer_L64,phase5_matched,validation,maximum_macro_f1,0.09466113150119781,FTP-BruteForce,0,0,
42,transformer_L64,phase5_matched,validation,maximum_macro_f1,0.09466113150119781,Infilteration,8551,801,0.09367325459010642
42,transformer_L64,phase5_matched,validation,maximum_macro_f1,0.09466113150119781,SQL Injection,4,0,0.0
42,transformer_L64,phase5_matched,validation,maximum_macro_f1,0.09466113150119781,SSH-Bruteforce,0,0,
42,transformer_L64,phase5_matched,validation,fpr_at_most_0.01,0.9871999025344849,Bot,0,0,
42,transformer_L64,phase5_matched,validation,fpr_at_most_0.01,0.9871999025344849,Brute Force -Web,48,0,0.0
42,transformer_L64,phase5_matched,validation,fpr_at_most_0.01,0.9871999025344849,Brute Force -XSS,11,0,0.0
42,transformer_L64,phase5_matched,validation,fpr_at_most_0.01,0.9871999025344849,DDOS attack-HOIC,0,0,
42,transformer_L64,phase5_matched,validation,fpr_at_most_0.01,0.9871999025344849,DDOS attack-LOIC-UDP,0,0,
42,transformer_L64,phase5_matched,validation,fpr_at_most_0.01,0.9871999025344849,DDoS attacks-LOIC-HTTP,0,0,
42,transformer_L64,phase5_matched,validation,fpr_at_most_0.01,0.9871999025344849,DoS attacks-GoldenEye,0,0,
42,transformer_L64,phase5_matched,validation,fpr_at_most_0.01,0.9871999025344849,DoS attacks-Hulk,0,0,
42,transformer_L64,phase5_matched,validation,fpr_at_most_0.01,0.9871999025344849,DoS attacks-SlowHTTPTest,0,0,
42,transformer_L64,phase5_matched,validation,fpr_at_most_0.01,0.9871999025344849,DoS attacks-Slowloris,0,0,
42,transformer_L64,phase5_matched,validation,fpr_at_most_0.01,0.9871999025344849,FTP-BruteForce,0,0,
42,transformer_L64,phase5_matched,validation,fpr_at_most_0.01,0.9871999025344849,Infilteration,8551,450,0.05262542392702608
42,transformer_L64,phase5_matched,validation,fpr_at_most_0.01,0.9871999025344849,SQL Injection,4,0,0.0
42,transformer_L64,phase5_matched,validation,fpr_at_most_0.01,0.9871999025344849,SSH-Bruteforce,0,0,
42,transformer_L64,phase5_matched,validation,fpr_at_most_0.005,0.9894049167633057,Bot,0,0,
42,transformer_L64,phase5_matched,validation,fpr_at_most_0.005,0.9894049167633057,Brute Force -Web,48,0,0.0
42,transformer_L64,phase5_matched,validation,fpr_at_most_0.005,0.9894049167633057,Brute Force -XSS,11,0,0.0
42,transformer_L64,phase5_matched,validation,fpr_at_most_0.005,0.9894049167633057,DDOS attack-HOIC,0,0,
42,transformer_L64,phase5_matched,validation,fpr_at_most_0.005,0.9894049167633057,DDOS attack-LOIC-UDP,0,0,
42,transformer_L64,phase5_matched,validation,fpr_at_most_0.005,0.9894049167633057,DDoS attacks-LOIC-HTTP,0,0,
42,transformer_L64,phase5_matched,validation,fpr_at_most_0.005,0.9894049167633057,DoS attacks-GoldenEye,0,0,
42,transformer_L64,phase5_matched,validation,fpr_at_most_0.005,0.9894049167633057,DoS attacks-Hulk,0,0,
42,transformer_L64,phase5_matched,validation,fpr_at_most_0.005,0.9894049167633057,DoS attacks-SlowHTTPTest,0,0,
42,transformer_L64,phase5_matched,validation,fpr_at_most_0.005,0.9894049167633057,DoS attacks-Slowloris,0,0,
42,transformer_L64,phase5_matched,validation,fpr_at_most_0.005,0.9894049167633057,FTP-BruteForce,0,0,
42,transformer_L64,phase5_matched,validation,fpr_at_most_0.005,0.9894049167633057,Infilteration,8551,179,0.02093322418430593
42,transformer_L64,phase5_matched,validation,fpr_at_most_0.005,0.9894049167633057,SQL Injection,4,0,0.0
42,transformer_L64,phase5_matched,validation,fpr_at_most_0.005,0.9894049167633057,SSH-Bruteforce,0,0,
42,transformer_L64,phase5_matched,validation,fpr_at_most_0.001,0.9944402575492859,Bot,0,0,
42,transformer_L64,phase5_matched,validation,fpr_at_most_0.001,0.9944402575492859,Brute Force -Web,48,0,0.0
42,transformer_L64,phase5_matched,validation,fpr_at_most_0.001,0.9944402575492859,Brute Force -XSS,11,0,0.0
42,transformer_L64,phase5_matched,validation,fpr_at_most_0.001,0.9944402575492859,DDOS attack-HOIC,0,0,
42,transformer_L64,phase5_matched,validation,fpr_at_most_0.001,0.9944402575492859,DDOS attack-LOIC-UDP,0,0,
42,transformer_L64,phase5_matched,validation,fpr_at_most_0.001,0.9944402575492859,DDoS attacks-LOIC-HTTP,0,0,
42,transformer_L64,phase5_matched,validation,fpr_at_most_0.001,0.9944402575492859,DoS attacks-GoldenEye,0,0,
42,transformer_L64,phase5_matched,validation,fpr_at_most_0.001,0.9944402575492859,DoS attacks-Hulk,0,0,
42,transformer_L64,phase5_matched,validation,fpr_at_most_0.001,0.9944402575492859,DoS attacks-SlowHTTPTest,0,0,
42,transformer_L64,phase5_matched,validation,fpr_at_most_0.001,0.9944402575492859,DoS attacks-Slowloris,0,0,
42,transformer_L64,phase5_matched,validation,fpr_at_most_0.001,0.9944402575492859,FTP-BruteForce,0,0,
42,transformer_L64,phase5_matched,validation,fpr_at_most_0.001,0.9944402575492859,Infilteration,8551,26,0.003040580049117062
42,transformer_L64,phase5_matched,validation,fpr_at_most_0.001,0.9944402575492859,SQL Injection,4,0,0.0
42,transformer_L64,phase5_matched,validation,fpr_at_most_0.001,0.9944402575492859,SSH-Bruteforce,0,0,
42,transformer_L64,phase5_matched,test,fixed_0_5,0.5,Bot,35326,137,0.0038781633924021967
42,transformer_L64,phase5_matched,test,fixed_0_5,0.5,Brute Force -Web,0,0,
42,transformer_L64,phase5_matched,test,fixed_0_5,0.5,Brute Force -XSS,0,0,
42,transformer_L64,phase5_matched,test,fixed_0_5,0.5,DDOS attack-HOIC,0,0,
42,transformer_L64,phase5_matched,test,fixed_0_5,0.5,DDOS attack-LOIC-UDP,0,0,
42,transformer_L64,phase5_matched,test,fixed_0_5,0.5,DDoS attacks-LOIC-HTTP,0,0,
42,transformer_L64,phase5_matched,test,fixed_0_5,0.5,DoS attacks-GoldenEye,0,0,
42,transformer_L64,phase5_matched,test,fixed_0_5,0.5,DoS attacks-Hulk,0,0,
42,transformer_L64,phase5_matched,test,fixed_0_5,0.5,DoS attacks-SlowHTTPTest,0,0,
42,transformer_L64,phase5_matched,test,fixed_0_5,0.5,DoS attacks-Slowloris,0,0,
42,transformer_L64,phase5_matched,test,fixed_0_5,0.5,FTP-BruteForce,0,0,
42,transformer_L64,phase5_matched,test,fixed_0_5,0.5,Infilteration,11632,1128,0.0969738651994498
42,transformer_L64,phase5_matched,test,fixed_0_5,0.5,SQL Injection,0,0,
42,transformer_L64,phase5_matched,test,fixed_0_5,0.5,SSH-Bruteforce,0,0,
42,transformer_L64,phase5_matched,test,maximum_macro_f1,0.09466113150119781,Bot,35326,477,0.013502802468436846
42,transformer_L64,phase5_matched,test,maximum_macro_f1,0.09466113150119781,Brute Force -Web,0,0,
42,transformer_L64,phase5_matched,test,maximum_macro_f1,0.09466113150119781,Brute Force -XSS,0,0,
42,transformer_L64,phase5_matched,test,maximum_macro_f1,0.09466113150119781,DDOS attack-HOIC,0,0,
42,transformer_L64,phase5_matched,test,maximum_macro_f1,0.09466113150119781,DDOS attack-LOIC-UDP,0,0,
42,transformer_L64,phase5_matched,test,maximum_macro_f1,0.09466113150119781,DDoS attacks-LOIC-HTTP,0,0,
42,transformer_L64,phase5_matched,test,maximum_macro_f1,0.09466113150119781,DoS attacks-GoldenEye,0,0,
42,transformer_L64,phase5_matched,test,maximum_macro_f1,0.09466113150119781,DoS attacks-Hulk,0,0,
42,transformer_L64,phase5_matched,test,maximum_macro_f1,0.09466113150119781,DoS attacks-SlowHTTPTest,0,0,
42,transformer_L64,phase5_matched,test,maximum_macro_f1,0.09466113150119781,DoS attacks-Slowloris,0,0,
42,transformer_L64,phase5_matched,test,maximum_macro_f1,0.09466113150119781,FTP-BruteForce,0,0,
42,transformer_L64,phase5_matched,test,maximum_macro_f1,0.09466113150119781,Infilteration,11632,1372,0.11795048143053645
42,transformer_L64,phase5_matched,test,maximum_macro_f1,0.09466113150119781,SQL Injection,0,0,
42,transformer_L64,phase5_matched,test,maximum_macro_f1,0.09466113150119781,SSH-Bruteforce,0,0,
42,transformer_L64,phase5_matched,test,fpr_at_most_0.01,0.9871999025344849,Bot,35326,0,0.0
42,transformer_L64,phase5_matched,test,fpr_at_most_0.01,0.9871999025344849,Brute Force -Web,0,0,
42,transformer_L64,phase5_matched,test,fpr_at_most_0.01,0.9871999025344849,Brute Force -XSS,0,0,
42,transformer_L64,phase5_matched,test,fpr_at_most_0.01,0.9871999025344849,DDOS attack-HOIC,0,0,
42,transformer_L64,phase5_matched,test,fpr_at_most_0.01,0.9871999025344849,DDOS attack-LOIC-UDP,0,0,
42,transformer_L64,phase5_matched,test,fpr_at_most_0.01,0.9871999025344849,DDoS attacks-LOIC-HTTP,0,0,
42,transformer_L64,phase5_matched,test,fpr_at_most_0.01,0.9871999025344849,DoS attacks-GoldenEye,0,0,
42,transformer_L64,phase5_matched,test,fpr_at_most_0.01,0.9871999025344849,DoS attacks-Hulk,0,0,
42,transformer_L64,phase5_matched,test,fpr_at_most_0.01,0.9871999025344849,DoS attacks-SlowHTTPTest,0,0,
42,transformer_L64,phase5_matched,test,fpr_at_most_0.01,0.9871999025344849,DoS attacks-Slowloris,0,0,
42,transformer_L64,phase5_matched,test,fpr_at_most_0.01,0.9871999025344849,FTP-BruteForce,0,0,
42,transformer_L64,phase5_matched,test,fpr_at_most_0.01,0.9871999025344849,Infilteration,11632,690,0.05931911966987621
42,transformer_L64,phase5_matched,test,fpr_at_most_0.01,0.9871999025344849,SQL Injection,0,0,
42,transformer_L64,phase5_matched,test,fpr_at_most_0.01,0.9871999025344849,SSH-Bruteforce,0,0,
42,transformer_L64,phase5_matched,test,fpr_at_most_0.005,0.9894049167633057,Bot,35326,0,0.0
42,transformer_L64,phase5_matched,test,fpr_at_most_0.005,0.9894049167633057,Brute Force -Web,0,0,
42,transformer_L64,phase5_matched,test,fpr_at_most_0.005,0.9894049167633057,Brute Force -XSS,0,0,
42,transformer_L64,phase5_matched,test,fpr_at_most_0.005,0.9894049167633057,DDOS attack-HOIC,0,0,
42,transformer_L64,phase5_matched,test,fpr_at_most_0.005,0.9894049167633057,DDOS attack-LOIC-UDP,0,0,
42,transformer_L64,phase5_matched,test,fpr_at_most_0.005,0.9894049167633057,DDoS attacks-LOIC-HTTP,0,0,
42,transformer_L64,phase5_matched,test,fpr_at_most_0.005,0.9894049167633057,DoS attacks-GoldenEye,0,0,
42,transformer_L64,phase5_matched,test,fpr_at_most_0.005,0.9894049167633057,DoS attacks-Hulk,0,0,
42,transformer_L64,phase5_matched,test,fpr_at_most_0.005,0.9894049167633057,DoS attacks-SlowHTTPTest,0,0,
42,transformer_L64,phase5_matched,test,fpr_at_most_0.005,0.9894049167633057,DoS attacks-Slowloris,0,0,
42,transformer_L64,phase5_matched,test,fpr_at_most_0.005,0.9894049167633057,FTP-BruteForce,0,0,
42,transformer_L64,phase5_matched,test,fpr_at_most_0.005,0.9894049167633057,Infilteration,11632,366,0.03146492434662999
42,transformer_L64,phase5_matched,test,fpr_at_most_0.005,0.9894049167633057,SQL Injection,0,0,
42,transformer_L64,phase5_matched,test,fpr_at_most_0.005,0.9894049167633057,SSH-Bruteforce,0,0,
42,transformer_L64,phase5_matched,test,fpr_at_most_0.001,0.9944402575492859,Bot,35326,0,0.0
42,transformer_L64,phase5_matched,test,fpr_at_most_0.001,0.9944402575492859,Brute Force -Web,0,0,
42,transformer_L64,phase5_matched,test,fpr_at_most_0.001,0.9944402575492859,Brute Force -XSS,0,0,
42,transformer_L64,phase5_matched,test,fpr_at_most_0.001,0.9944402575492859,DDOS attack-HOIC,0,0,
42,transformer_L64,phase5_matched,test,fpr_at_most_0.001,0.9944402575492859,DDOS attack-LOIC-UDP,0,0,
42,transformer_L64,phase5_matched,test,fpr_at_most_0.001,0.9944402575492859,DDoS attacks-LOIC-HTTP,0,0,
42,transformer_L64,phase5_matched,test,fpr_at_most_0.001,0.9944402575492859,DoS attacks-GoldenEye,0,0,
42,transformer_L64,phase5_matched,test,fpr_at_most_0.001,0.9944402575492859,DoS attacks-Hulk,0,0,
42,transformer_L64,phase5_matched,test,fpr_at_most_0.001,0.9944402575492859,DoS attacks-SlowHTTPTest,0,0,
42,transformer_L64,phase5_matched,test,fpr_at_most_0.001,0.9944402575492859,DoS attacks-Slowloris,0,0,
42,transformer_L64,phase5_matched,test,fpr_at_most_0.001,0.9944402575492859,FTP-BruteForce,0,0,
42,transformer_L64,phase5_matched,test,fpr_at_most_0.001,0.9944402575492859,Infilteration,11632,85,0.007307427785419532
42,transformer_L64,phase5_matched,test,fpr_at_most_0.001,0.9944402575492859,SQL Injection,0,0,
42,transformer_L64,phase5_matched,test,fpr_at_most_0.001,0.9944402575492859,SSH-Bruteforce,0,0,
42,autoencoder_B,full_dataset,validation,benign_fpr_at_most_0.05,0.03691029245411019,Bot,0,0,
42,autoencoder_B,full_dataset,validation,benign_fpr_at_most_0.05,0.03691029245411019,Brute Force -Web,362,191,0.5276243093922652
42,autoencoder_B,full_dataset,validation,benign_fpr_at_most_0.05,0.03691029245411019,Brute Force -XSS,151,77,0.5099337748344371
42,autoencoder_B,full_dataset,validation,benign_fpr_at_most_0.05,0.03691029245411019,DDOS attack-HOIC,0,0,
42,autoencoder_B,full_dataset,validation,benign_fpr_at_most_0.05,0.03691029245411019,DDOS attack-LOIC-UDP,0,0,
42,autoencoder_B,full_dataset,validation,benign_fpr_at_most_0.05,0.03691029245411019,DDoS attacks-LOIC-HTTP,0,0,
42,autoencoder_B,full_dataset,validation,benign_fpr_at_most_0.05,0.03691029245411019,DoS attacks-GoldenEye,0,0,
42,autoencoder_B,full_dataset,validation,benign_fpr_at_most_0.05,0.03691029245411019,DoS attacks-Hulk,0,0,
42,autoencoder_B,full_dataset,validation,benign_fpr_at_most_0.05,0.03691029245411019,DoS attacks-SlowHTTPTest,0,0,
42,autoencoder_B,full_dataset,validation,benign_fpr_at_most_0.05,0.03691029245411019,DoS attacks-Slowloris,0,0,
42,autoencoder_B,full_dataset,validation,benign_fpr_at_most_0.05,0.03691029245411019,FTP-BruteForce,0,0,
42,autoencoder_B,full_dataset,validation,benign_fpr_at_most_0.05,0.03691029245411019,Infilteration,68857,7776,0.11292969487488563
42,autoencoder_B,full_dataset,validation,benign_fpr_at_most_0.05,0.03691029245411019,SQL Injection,53,6,0.11320754716981132
42,autoencoder_B,full_dataset,validation,benign_fpr_at_most_0.05,0.03691029245411019,SSH-Bruteforce,0,0,
42,autoencoder_B,full_dataset,validation,benign_fpr_at_most_0.01,0.2989627885301674,Bot,0,0,
42,autoencoder_B,full_dataset,validation,benign_fpr_at_most_0.01,0.2989627885301674,Brute Force -Web,362,128,0.35359116022099446
42,autoencoder_B,full_dataset,validation,benign_fpr_at_most_0.01,0.2989627885301674,Brute Force -XSS,151,75,0.4966887417218543
42,autoencoder_B,full_dataset,validation,benign_fpr_at_most_0.01,0.2989627885301674,DDOS attack-HOIC,0,0,
42,autoencoder_B,full_dataset,validation,benign_fpr_at_most_0.01,0.2989627885301674,DDOS attack-LOIC-UDP,0,0,
42,autoencoder_B,full_dataset,validation,benign_fpr_at_most_0.01,0.2989627885301674,DDoS attacks-LOIC-HTTP,0,0,
42,autoencoder_B,full_dataset,validation,benign_fpr_at_most_0.01,0.2989627885301674,DoS attacks-GoldenEye,0,0,
42,autoencoder_B,full_dataset,validation,benign_fpr_at_most_0.01,0.2989627885301674,DoS attacks-Hulk,0,0,
42,autoencoder_B,full_dataset,validation,benign_fpr_at_most_0.01,0.2989627885301674,DoS attacks-SlowHTTPTest,0,0,
42,autoencoder_B,full_dataset,validation,benign_fpr_at_most_0.01,0.2989627885301674,DoS attacks-Slowloris,0,0,
42,autoencoder_B,full_dataset,validation,benign_fpr_at_most_0.01,0.2989627885301674,FTP-BruteForce,0,0,
42,autoencoder_B,full_dataset,validation,benign_fpr_at_most_0.01,0.2989627885301674,Infilteration,68857,2260,0.032821644858184354
42,autoencoder_B,full_dataset,validation,benign_fpr_at_most_0.01,0.2989627885301674,SQL Injection,53,1,0.018867924528301886
42,autoencoder_B,full_dataset,validation,benign_fpr_at_most_0.01,0.2989627885301674,SSH-Bruteforce,0,0,
42,autoencoder_B,full_dataset,validation,benign_fpr_at_most_0.005,0.3771854580469557,Bot,0,0,
42,autoencoder_B,full_dataset,validation,benign_fpr_at_most_0.005,0.3771854580469557,Brute Force -Web,362,127,0.35082872928176795
42,autoencoder_B,full_dataset,validation,benign_fpr_at_most_0.005,0.3771854580469557,Brute Force -XSS,151,4,0.026490066225165563
42,autoencoder_B,full_dataset,validation,benign_fpr_at_most_0.005,0.3771854580469557,DDOS attack-HOIC,0,0,
42,autoencoder_B,full_dataset,validation,benign_fpr_at_most_0.005,0.3771854580469557,DDOS attack-LOIC-UDP,0,0,
42,autoencoder_B,full_dataset,validation,benign_fpr_at_most_0.005,0.3771854580469557,DDoS attacks-LOIC-HTTP,0,0,
42,autoencoder_B,full_dataset,validation,benign_fpr_at_most_0.005,0.3771854580469557,DoS attacks-GoldenEye,0,0,
42,autoencoder_B,full_dataset,validation,benign_fpr_at_most_0.005,0.3771854580469557,DoS attacks-Hulk,0,0,
42,autoencoder_B,full_dataset,validation,benign_fpr_at_most_0.005,0.3771854580469557,DoS attacks-SlowHTTPTest,0,0,
42,autoencoder_B,full_dataset,validation,benign_fpr_at_most_0.005,0.3771854580469557,DoS attacks-Slowloris,0,0,
42,autoencoder_B,full_dataset,validation,benign_fpr_at_most_0.005,0.3771854580469557,FTP-BruteForce,0,0,
42,autoencoder_B,full_dataset,validation,benign_fpr_at_most_0.005,0.3771854580469557,Infilteration,68857,764,0.01109545870427117
42,autoencoder_B,full_dataset,validation,benign_fpr_at_most_0.005,0.3771854580469557,SQL Injection,53,0,0.0
42,autoencoder_B,full_dataset,validation,benign_fpr_at_most_0.005,0.3771854580469557,SSH-Bruteforce,0,0,
42,autoencoder_B,full_dataset,validation,benign_fpr_at_most_0.001,1.1200285579471538,Bot,0,0,
42,autoencoder_B,full_dataset,validation,benign_fpr_at_most_0.001,1.1200285579471538,Brute Force -Web,362,22,0.06077348066298342
42,autoencoder_B,full_dataset,validation,benign_fpr_at_most_0.001,1.1200285579471538,Brute Force -XSS,151,0,0.0
42,autoencoder_B,full_dataset,validation,benign_fpr_at_most_0.001,1.1200285579471538,DDOS attack-HOIC,0,0,
42,autoencoder_B,full_dataset,validation,benign_fpr_at_most_0.001,1.1200285579471538,DDOS attack-LOIC-UDP,0,0,
42,autoencoder_B,full_dataset,validation,benign_fpr_at_most_0.001,1.1200285579471538,DDoS attacks-LOIC-HTTP,0,0,
42,autoencoder_B,full_dataset,validation,benign_fpr_at_most_0.001,1.1200285579471538,DoS attacks-GoldenEye,0,0,
42,autoencoder_B,full_dataset,validation,benign_fpr_at_most_0.001,1.1200285579471538,DoS attacks-Hulk,0,0,
42,autoencoder_B,full_dataset,validation,benign_fpr_at_most_0.001,1.1200285579471538,DoS attacks-SlowHTTPTest,0,0,
42,autoencoder_B,full_dataset,validation,benign_fpr_at_most_0.001,1.1200285579471538,DoS attacks-Slowloris,0,0,
42,autoencoder_B,full_dataset,validation,benign_fpr_at_most_0.001,1.1200285579471538,FTP-BruteForce,0,0,
42,autoencoder_B,full_dataset,validation,benign_fpr_at_most_0.001,1.1200285579471538,Infilteration,68857,21,0.0003049798858503856
42,autoencoder_B,full_dataset,validation,benign_fpr_at_most_0.001,1.1200285579471538,SQL Injection,53,0,0.0
42,autoencoder_B,full_dataset,validation,benign_fpr_at_most_0.001,1.1200285579471538,SSH-Bruteforce,0,0,
42,autoencoder_B,full_dataset,test,benign_fpr_at_most_0.05,0.03691029245411019,Bot,282310,5322,0.01885161701675463
42,autoencoder_B,full_dataset,test,benign_fpr_at_most_0.05,0.03691029245411019,Brute Force -Web,0,0,
42,autoencoder_B,full_dataset,test,benign_fpr_at_most_0.05,0.03691029245411019,Brute Force -XSS,0,0,
42,autoencoder_B,full_dataset,test,benign_fpr_at_most_0.05,0.03691029245411019,DDOS attack-HOIC,0,0,
42,autoencoder_B,full_dataset,test,benign_fpr_at_most_0.05,0.03691029245411019,DDOS attack-LOIC-UDP,0,0,
42,autoencoder_B,full_dataset,test,benign_fpr_at_most_0.05,0.03691029245411019,DDoS attacks-LOIC-HTTP,0,0,
42,autoencoder_B,full_dataset,test,benign_fpr_at_most_0.05,0.03691029245411019,DoS attacks-GoldenEye,0,0,
42,autoencoder_B,full_dataset,test,benign_fpr_at_most_0.05,0.03691029245411019,DoS attacks-Hulk,0,0,
42,autoencoder_B,full_dataset,test,benign_fpr_at_most_0.05,0.03691029245411019,DoS attacks-SlowHTTPTest,0,0,
42,autoencoder_B,full_dataset,test,benign_fpr_at_most_0.05,0.03691029245411019,DoS attacks-Slowloris,0,0,
42,autoencoder_B,full_dataset,test,benign_fpr_at_most_0.05,0.03691029245411019,FTP-BruteForce,0,0,
42,autoencoder_B,full_dataset,test,benign_fpr_at_most_0.05,0.03691029245411019,Infilteration,93040,11661,0.12533319002579535
42,autoencoder_B,full_dataset,test,benign_fpr_at_most_0.05,0.03691029245411019,SQL Injection,0,0,
42,autoencoder_B,full_dataset,test,benign_fpr_at_most_0.05,0.03691029245411019,SSH-Bruteforce,0,0,
42,autoencoder_B,full_dataset,test,benign_fpr_at_most_0.01,0.2989627885301674,Bot,282310,181,0.000641139173249265
42,autoencoder_B,full_dataset,test,benign_fpr_at_most_0.01,0.2989627885301674,Brute Force -Web,0,0,
42,autoencoder_B,full_dataset,test,benign_fpr_at_most_0.01,0.2989627885301674,Brute Force -XSS,0,0,
42,autoencoder_B,full_dataset,test,benign_fpr_at_most_0.01,0.2989627885301674,DDOS attack-HOIC,0,0,
42,autoencoder_B,full_dataset,test,benign_fpr_at_most_0.01,0.2989627885301674,DDOS attack-LOIC-UDP,0,0,
42,autoencoder_B,full_dataset,test,benign_fpr_at_most_0.01,0.2989627885301674,DDoS attacks-LOIC-HTTP,0,0,
42,autoencoder_B,full_dataset,test,benign_fpr_at_most_0.01,0.2989627885301674,DoS attacks-GoldenEye,0,0,
42,autoencoder_B,full_dataset,test,benign_fpr_at_most_0.01,0.2989627885301674,DoS attacks-Hulk,0,0,
42,autoencoder_B,full_dataset,test,benign_fpr_at_most_0.01,0.2989627885301674,DoS attacks-SlowHTTPTest,0,0,
42,autoencoder_B,full_dataset,test,benign_fpr_at_most_0.01,0.2989627885301674,DoS attacks-Slowloris,0,0,
42,autoencoder_B,full_dataset,test,benign_fpr_at_most_0.01,0.2989627885301674,FTP-BruteForce,0,0,
42,autoencoder_B,full_dataset,test,benign_fpr_at_most_0.01,0.2989627885301674,Infilteration,93040,2797,0.030062338779019777
42,autoencoder_B,full_dataset,test,benign_fpr_at_most_0.01,0.2989627885301674,SQL Injection,0,0,
42,autoencoder_B,full_dataset,test,benign_fpr_at_most_0.01,0.2989627885301674,SSH-Bruteforce,0,0,
42,autoencoder_B,full_dataset,test,benign_fpr_at_most_0.005,0.3771854580469557,Bot,282310,163,0.0005773794764620453
42,autoencoder_B,full_dataset,test,benign_fpr_at_most_0.005,0.3771854580469557,Brute Force -Web,0,0,
42,autoencoder_B,full_dataset,test,benign_fpr_at_most_0.005,0.3771854580469557,Brute Force -XSS,0,0,
42,autoencoder_B,full_dataset,test,benign_fpr_at_most_0.005,0.3771854580469557,DDOS attack-HOIC,0,0,
42,autoencoder_B,full_dataset,test,benign_fpr_at_most_0.005,0.3771854580469557,DDOS attack-LOIC-UDP,0,0,
42,autoencoder_B,full_dataset,test,benign_fpr_at_most_0.005,0.3771854580469557,DDoS attacks-LOIC-HTTP,0,0,
42,autoencoder_B,full_dataset,test,benign_fpr_at_most_0.005,0.3771854580469557,DoS attacks-GoldenEye,0,0,
42,autoencoder_B,full_dataset,test,benign_fpr_at_most_0.005,0.3771854580469557,DoS attacks-Hulk,0,0,
42,autoencoder_B,full_dataset,test,benign_fpr_at_most_0.005,0.3771854580469557,DoS attacks-SlowHTTPTest,0,0,
42,autoencoder_B,full_dataset,test,benign_fpr_at_most_0.005,0.3771854580469557,DoS attacks-Slowloris,0,0,
42,autoencoder_B,full_dataset,test,benign_fpr_at_most_0.005,0.3771854580469557,FTP-BruteForce,0,0,
42,autoencoder_B,full_dataset,test,benign_fpr_at_most_0.005,0.3771854580469557,Infilteration,93040,743,0.007985812553740326
42,autoencoder_B,full_dataset,test,benign_fpr_at_most_0.005,0.3771854580469557,SQL Injection,0,0,
42,autoencoder_B,full_dataset,test,benign_fpr_at_most_0.005,0.3771854580469557,SSH-Bruteforce,0,0,
42,autoencoder_B,full_dataset,test,benign_fpr_at_most_0.001,1.1200285579471538,Bot,282310,78,0.0002762920194112855
42,autoencoder_B,full_dataset,test,benign_fpr_at_most_0.001,1.1200285579471538,Brute Force -Web,0,0,
42,autoencoder_B,full_dataset,test,benign_fpr_at_most_0.001,1.1200285579471538,Brute Force -XSS,0,0,
42,autoencoder_B,full_dataset,test,benign_fpr_at_most_0.001,1.1200285579471538,DDOS attack-HOIC,0,0,
42,autoencoder_B,full_dataset,test,benign_fpr_at_most_0.001,1.1200285579471538,DDOS attack-LOIC-UDP,0,0,
42,autoencoder_B,full_dataset,test,benign_fpr_at_most_0.001,1.1200285579471538,DDoS attacks-LOIC-HTTP,0,0,
42,autoencoder_B,full_dataset,test,benign_fpr_at_most_0.001,1.1200285579471538,DoS attacks-GoldenEye,0,0,
42,autoencoder_B,full_dataset,test,benign_fpr_at_most_0.001,1.1200285579471538,DoS attacks-Hulk,0,0,
42,autoencoder_B,full_dataset,test,benign_fpr_at_most_0.001,1.1200285579471538,DoS attacks-SlowHTTPTest,0,0,
42,autoencoder_B,full_dataset,test,benign_fpr_at_most_0.001,1.1200285579471538,DoS attacks-Slowloris,0,0,
42,autoencoder_B,full_dataset,test,benign_fpr_at_most_0.001,1.1200285579471538,FTP-BruteForce,0,0,
42,autoencoder_B,full_dataset,test,benign_fpr_at_most_0.001,1.1200285579471538,Infilteration,93040,40,0.0004299226139294927
42,autoencoder_B,full_dataset,test,benign_fpr_at_most_0.001,1.1200285579471538,SQL Injection,0,0,
42,autoencoder_B,full_dataset,test,benign_fpr_at_most_0.001,1.1200285579471538,SSH-Bruteforce,0,0,
42,logistic_regression,phase5_matched,validation,fixed_0_5,0.5,Bot,0,0,
42,logistic_regression,phase5_matched,validation,fixed_0_5,0.5,Brute Force -Web,48,4,0.08333333333333333
42,logistic_regression,phase5_matched,validation,fixed_0_5,0.5,Brute Force -XSS,11,4,0.36363636363636365
42,logistic_regression,phase5_matched,validation,fixed_0_5,0.5,DDOS attack-HOIC,0,0,
42,logistic_regression,phase5_matched,validation,fixed_0_5,0.5,DDOS attack-LOIC-UDP,0,0,
42,logistic_regression,phase5_matched,validation,fixed_0_5,0.5,DDoS attacks-LOIC-HTTP,0,0,
42,logistic_regression,phase5_matched,validation,fixed_0_5,0.5,DoS attacks-GoldenEye,0,0,
42,logistic_regression,phase5_matched,validation,fixed_0_5,0.5,DoS attacks-Hulk,0,0,
42,logistic_regression,phase5_matched,validation,fixed_0_5,0.5,DoS attacks-SlowHTTPTest,0,0,
42,logistic_regression,phase5_matched,validation,fixed_0_5,0.5,DoS attacks-Slowloris,0,0,
42,logistic_regression,phase5_matched,validation,fixed_0_5,0.5,FTP-BruteForce,0,0,
42,logistic_regression,phase5_matched,validation,fixed_0_5,0.5,Infilteration,8551,616,0.07203835808677347
42,logistic_regression,phase5_matched,validation,fixed_0_5,0.5,SQL Injection,4,0,0.0
42,logistic_regression,phase5_matched,validation,fixed_0_5,0.5,SSH-Bruteforce,0,0,
42,logistic_regression,phase5_matched,validation,fpr_at_most_0.01,0.9831575751304626,Bot,0,0,
42,logistic_regression,phase5_matched,validation,fpr_at_most_0.01,0.9831575751304626,Brute Force -Web,48,0,0.0
42,logistic_regression,phase5_matched,validation,fpr_at_most_0.01,0.9831575751304626,Brute Force -XSS,11,0,0.0
42,logistic_regression,phase5_matched,validation,fpr_at_most_0.01,0.9831575751304626,DDOS attack-HOIC,0,0,
42,logistic_regression,phase5_matched,validation,fpr_at_most_0.01,0.9831575751304626,DDOS attack-LOIC-UDP,0,0,
42,logistic_regression,phase5_matched,validation,fpr_at_most_0.01,0.9831575751304626,DDoS attacks-LOIC-HTTP,0,0,
42,logistic_regression,phase5_matched,validation,fpr_at_most_0.01,0.9831575751304626,DoS attacks-GoldenEye,0,0,
42,logistic_regression,phase5_matched,validation,fpr_at_most_0.01,0.9831575751304626,DoS attacks-Hulk,0,0,
42,logistic_regression,phase5_matched,validation,fpr_at_most_0.01,0.9831575751304626,DoS attacks-SlowHTTPTest,0,0,
42,logistic_regression,phase5_matched,validation,fpr_at_most_0.01,0.9831575751304626,DoS attacks-Slowloris,0,0,
42,logistic_regression,phase5_matched,validation,fpr_at_most_0.01,0.9831575751304626,FTP-BruteForce,0,0,
42,logistic_regression,phase5_matched,validation,fpr_at_most_0.01,0.9831575751304626,Infilteration,8551,44,0.005145597006198105
42,logistic_regression,phase5_matched,validation,fpr_at_most_0.01,0.9831575751304626,SQL Injection,4,0,0.0
42,logistic_regression,phase5_matched,validation,fpr_at_most_0.01,0.9831575751304626,SSH-Bruteforce,0,0,
42,logistic_regression,phase5_matched,test,fixed_0_5,0.5,Bot,35326,0,0.0
42,logistic_regression,phase5_matched,test,fixed_0_5,0.5,Brute Force -Web,0,0,
42,logistic_regression,phase5_matched,test,fixed_0_5,0.5,Brute Force -XSS,0,0,
42,logistic_regression,phase5_matched,test,fixed_0_5,0.5,DDOS attack-HOIC,0,0,
42,logistic_regression,phase5_matched,test,fixed_0_5,0.5,DDOS attack-LOIC-UDP,0,0,
42,logistic_regression,phase5_matched,test,fixed_0_5,0.5,DDoS attacks-LOIC-HTTP,0,0,
42,logistic_regression,phase5_matched,test,fixed_0_5,0.5,DoS attacks-GoldenEye,0,0,
42,logistic_regression,phase5_matched,test,fixed_0_5,0.5,DoS attacks-Hulk,0,0,
42,logistic_regression,phase5_matched,test,fixed_0_5,0.5,DoS attacks-SlowHTTPTest,0,0,
42,logistic_regression,phase5_matched,test,fixed_0_5,0.5,DoS attacks-Slowloris,0,0,
42,logistic_regression,phase5_matched,test,fixed_0_5,0.5,FTP-BruteForce,0,0,
42,logistic_regression,phase5_matched,test,fixed_0_5,0.5,Infilteration,11632,394,0.03387207702888583
42,logistic_regression,phase5_matched,test,fixed_0_5,0.5,SQL Injection,0,0,
42,logistic_regression,phase5_matched,test,fixed_0_5,0.5,SSH-Bruteforce,0,0,
42,logistic_regression,phase5_matched,test,fpr_at_most_0.01,0.9831575751304626,Bot,35326,0,0.0
42,logistic_regression,phase5_matched,test,fpr_at_most_0.01,0.9831575751304626,Brute Force -Web,0,0,
42,logistic_regression,phase5_matched,test,fpr_at_most_0.01,0.9831575751304626,Brute Force -XSS,0,0,
42,logistic_regression,phase5_matched,test,fpr_at_most_0.01,0.9831575751304626,DDOS attack-HOIC,0,0,
42,logistic_regression,phase5_matched,test,fpr_at_most_0.01,0.9831575751304626,DDOS attack-LOIC-UDP,0,0,
42,logistic_regression,phase5_matched,test,fpr_at_most_0.01,0.9831575751304626,DDoS attacks-LOIC-HTTP,0,0,
42,logistic_regression,phase5_matched,test,fpr_at_most_0.01,0.9831575751304626,DoS attacks-GoldenEye,0,0,
42,logistic_regression,phase5_matched,test,fpr_at_most_0.01,0.9831575751304626,DoS attacks-Hulk,0,0,
42,logistic_regression,phase5_matched,test,fpr_at_most_0.01,0.9831575751304626,DoS attacks-SlowHTTPTest,0,0,
42,logistic_regression,phase5_matched,test,fpr_at_most_0.01,0.9831575751304626,DoS attacks-Slowloris,0,0,
42,logistic_regression,phase5_matched,test,fpr_at_most_0.01,0.9831575751304626,FTP-BruteForce,0,0,
42,logistic_regression,phase5_matched,test,fpr_at_most_0.01,0.9831575751304626,Infilteration,11632,59,0.005072214580467675
42,logistic_regression,phase5_matched,test,fpr_at_most_0.01,0.9831575751304626,SQL Injection,0,0,
42,logistic_regression,phase5_matched,test,fpr_at_most_0.01,0.9831575751304626,SSH-Bruteforce,0,0,
42,random_forest,phase5_matched,validation,fixed_0_5,0.5,Bot,0,0,
42,random_forest,phase5_matched,validation,fixed_0_5,0.5,Brute Force -Web,48,3,0.0625
42,random_forest,phase5_matched,validation,fixed_0_5,0.5,Brute Force -XSS,11,2,0.18181818181818182
42,random_forest,phase5_matched,validation,fixed_0_5,0.5,DDOS attack-HOIC,0,0,
42,random_forest,phase5_matched,validation,fixed_0_5,0.5,DDOS attack-LOIC-UDP,0,0,
42,random_forest,phase5_matched,validation,fixed_0_5,0.5,DDoS attacks-LOIC-HTTP,0,0,
42,random_forest,phase5_matched,validation,fixed_0_5,0.5,DoS attacks-GoldenEye,0,0,
42,random_forest,phase5_matched,validation,fixed_0_5,0.5,DoS attacks-Hulk,0,0,
42,random_forest,phase5_matched,validation,fixed_0_5,0.5,DoS attacks-SlowHTTPTest,0,0,
42,random_forest,phase5_matched,validation,fixed_0_5,0.5,DoS attacks-Slowloris,0,0,
42,random_forest,phase5_matched,validation,fixed_0_5,0.5,FTP-BruteForce,0,0,
42,random_forest,phase5_matched,validation,fixed_0_5,0.5,Infilteration,8551,18,0.0021050169570810432
42,random_forest,phase5_matched,validation,fixed_0_5,0.5,SQL Injection,4,0,0.0
42,random_forest,phase5_matched,validation,fixed_0_5,0.5,SSH-Bruteforce,0,0,
42,random_forest,phase5_matched,validation,fpr_at_most_0.01,0.17166316628920736,Bot,0,0,
42,random_forest,phase5_matched,validation,fpr_at_most_0.01,0.17166316628920736,Brute Force -Web,48,27,0.5625
42,random_forest,phase5_matched,validation,fpr_at_most_0.01,0.17166316628920736,Brute Force -XSS,11,9,0.8181818181818182
42,random_forest,phase5_matched,validation,fpr_at_most_0.01,0.17166316628920736,DDOS attack-HOIC,0,0,
42,random_forest,phase5_matched,validation,fpr_at_most_0.01,0.17166316628920736,DDOS attack-LOIC-UDP,0,0,
42,random_forest,phase5_matched,validation,fpr_at_most_0.01,0.17166316628920736,DDoS attacks-LOIC-HTTP,0,0,
42,random_forest,phase5_matched,validation,fpr_at_most_0.01,0.17166316628920736,DoS attacks-GoldenEye,0,0,
42,random_forest,phase5_matched,validation,fpr_at_most_0.01,0.17166316628920736,DoS attacks-Hulk,0,0,
42,random_forest,phase5_matched,validation,fpr_at_most_0.01,0.17166316628920736,DoS attacks-SlowHTTPTest,0,0,
42,random_forest,phase5_matched,validation,fpr_at_most_0.01,0.17166316628920736,DoS attacks-Slowloris,0,0,
42,random_forest,phase5_matched,validation,fpr_at_most_0.01,0.17166316628920736,FTP-BruteForce,0,0,
42,random_forest,phase5_matched,validation,fpr_at_most_0.01,0.17166316628920736,Infilteration,8551,111,0.012980937901999766
42,random_forest,phase5_matched,validation,fpr_at_most_0.01,0.17166316628920736,SQL Injection,4,2,0.5
42,random_forest,phase5_matched,validation,fpr_at_most_0.01,0.17166316628920736,SSH-Bruteforce,0,0,
42,random_forest,phase5_matched,test,fixed_0_5,0.5,Bot,35326,0,0.0
42,random_forest,phase5_matched,test,fixed_0_5,0.5,Brute Force -Web,0,0,
42,random_forest,phase5_matched,test,fixed_0_5,0.5,Brute Force -XSS,0,0,
42,random_forest,phase5_matched,test,fixed_0_5,0.5,DDOS attack-HOIC,0,0,
42,random_forest,phase5_matched,test,fixed_0_5,0.5,DDOS attack-LOIC-UDP,0,0,
42,random_forest,phase5_matched,test,fixed_0_5,0.5,DDoS attacks-LOIC-HTTP,0,0,
42,random_forest,phase5_matched,test,fixed_0_5,0.5,DoS attacks-GoldenEye,0,0,
42,random_forest,phase5_matched,test,fixed_0_5,0.5,DoS attacks-Hulk,0,0,
42,random_forest,phase5_matched,test,fixed_0_5,0.5,DoS attacks-SlowHTTPTest,0,0,
42,random_forest,phase5_matched,test,fixed_0_5,0.5,DoS attacks-Slowloris,0,0,
42,random_forest,phase5_matched,test,fixed_0_5,0.5,FTP-BruteForce,0,0,
42,random_forest,phase5_matched,test,fixed_0_5,0.5,Infilteration,11632,39,0.0033528198074277856
42,random_forest,phase5_matched,test,fixed_0_5,0.5,SQL Injection,0,0,
42,random_forest,phase5_matched,test,fixed_0_5,0.5,SSH-Bruteforce,0,0,
42,random_forest,phase5_matched,test,fpr_at_most_0.01,0.17166316628920736,Bot,35326,16165,0.45759497254147086
42,random_forest,phase5_matched,test,fpr_at_most_0.01,0.17166316628920736,Brute Force -Web,0,0,
42,random_forest,phase5_matched,test,fpr_at_most_0.01,0.17166316628920736,Brute Force -XSS,0,0,
42,random_forest,phase5_matched,test,fpr_at_most_0.01,0.17166316628920736,DDOS attack-HOIC,0,0,
42,random_forest,phase5_matched,test,fpr_at_most_0.01,0.17166316628920736,DDOS attack-LOIC-UDP,0,0,
42,random_forest,phase5_matched,test,fpr_at_most_0.01,0.17166316628920736,DDoS attacks-LOIC-HTTP,0,0,
42,random_forest,phase5_matched,test,fpr_at_most_0.01,0.17166316628920736,DoS attacks-GoldenEye,0,0,
42,random_forest,phase5_matched,test,fpr_at_most_0.01,0.17166316628920736,DoS attacks-Hulk,0,0,
42,random_forest,phase5_matched,test,fpr_at_most_0.01,0.17166316628920736,DoS attacks-SlowHTTPTest,0,0,
42,random_forest,phase5_matched,test,fpr_at_most_0.01,0.17166316628920736,DoS attacks-Slowloris,0,0,
42,random_forest,phase5_matched,test,fpr_at_most_0.01,0.17166316628920736,FTP-BruteForce,0,0,
42,random_forest,phase5_matched,test,fpr_at_most_0.01,0.17166316628920736,Infilteration,11632,254,0.0218363136176066
42,random_forest,phase5_matched,test,fpr_at_most_0.01,0.17166316628920736,SQL Injection,0,0,
42,random_forest,phase5_matched,test,fpr_at_most_0.01,0.17166316628920736,SSH-Bruteforce,0,0,
42,xgboost,phase5_matched,validation,fixed_0_5,0.5,Bot,0,0,
42,xgboost,phase5_matched,validation,fixed_0_5,0.5,Brute Force -Web,48,11,0.22916666666666666
42,xgboost,phase5_matched,validation,fixed_0_5,0.5,Brute Force -XSS,11,7,0.6363636363636364
42,xgboost,phase5_matched,validation,fixed_0_5,0.5,DDOS attack-HOIC,0,0,
42,xgboost,phase5_matched,validation,fixed_0_5,0.5,DDOS attack-LOIC-UDP,0,0,
42,xgboost,phase5_matched,validation,fixed_0_5,0.5,DDoS attacks-LOIC-HTTP,0,0,
42,xgboost,phase5_matched,validation,fixed_0_5,0.5,DoS attacks-GoldenEye,0,0,
42,xgboost,phase5_matched,validation,fixed_0_5,0.5,DoS attacks-Hulk,0,0,
42,xgboost,phase5_matched,validation,fixed_0_5,0.5,DoS attacks-SlowHTTPTest,0,0,
42,xgboost,phase5_matched,validation,fixed_0_5,0.5,DoS attacks-Slowloris,0,0,
42,xgboost,phase5_matched,validation,fixed_0_5,0.5,FTP-BruteForce,0,0,
42,xgboost,phase5_matched,validation,fixed_0_5,0.5,Infilteration,8551,87,0.010174248625891709
42,xgboost,phase5_matched,validation,fixed_0_5,0.5,SQL Injection,4,0,0.0
42,xgboost,phase5_matched,validation,fixed_0_5,0.5,SSH-Bruteforce,0,0,
42,xgboost,phase5_matched,validation,fpr_at_most_0.01,0.09503710269927979,Bot,0,0,
42,xgboost,phase5_matched,validation,fpr_at_most_0.01,0.09503710269927979,Brute Force -Web,48,18,0.375
42,xgboost,phase5_matched,validation,fpr_at_most_0.01,0.09503710269927979,Brute Force -XSS,11,8,0.7272727272727273
42,xgboost,phase5_matched,validation,fpr_at_most_0.01,0.09503710269927979,DDOS attack-HOIC,0,0,
42,xgboost,phase5_matched,validation,fpr_at_most_0.01,0.09503710269927979,DDOS attack-LOIC-UDP,0,0,
42,xgboost,phase5_matched,validation,fpr_at_most_0.01,0.09503710269927979,DDoS attacks-LOIC-HTTP,0,0,
42,xgboost,phase5_matched,validation,fpr_at_most_0.01,0.09503710269927979,DoS attacks-GoldenEye,0,0,
42,xgboost,phase5_matched,validation,fpr_at_most_0.01,0.09503710269927979,DoS attacks-Hulk,0,0,
42,xgboost,phase5_matched,validation,fpr_at_most_0.01,0.09503710269927979,DoS attacks-SlowHTTPTest,0,0,
42,xgboost,phase5_matched,validation,fpr_at_most_0.01,0.09503710269927979,DoS attacks-Slowloris,0,0,
42,xgboost,phase5_matched,validation,fpr_at_most_0.01,0.09503710269927979,FTP-BruteForce,0,0,
42,xgboost,phase5_matched,validation,fpr_at_most_0.01,0.09503710269927979,Infilteration,8551,118,0.013799555607531282
42,xgboost,phase5_matched,validation,fpr_at_most_0.01,0.09503710269927979,SQL Injection,4,1,0.25
42,xgboost,phase5_matched,validation,fpr_at_most_0.01,0.09503710269927979,SSH-Bruteforce,0,0,
42,xgboost,phase5_matched,test,fixed_0_5,0.5,Bot,35326,0,0.0
42,xgboost,phase5_matched,test,fixed_0_5,0.5,Brute Force -Web,0,0,
42,xgboost,phase5_matched,test,fixed_0_5,0.5,Brute Force -XSS,0,0,
42,xgboost,phase5_matched,test,fixed_0_5,0.5,DDOS attack-HOIC,0,0,
42,xgboost,phase5_matched,test,fixed_0_5,0.5,DDOS attack-LOIC-UDP,0,0,
42,xgboost,phase5_matched,test,fixed_0_5,0.5,DDoS attacks-LOIC-HTTP,0,0,
42,xgboost,phase5_matched,test,fixed_0_5,0.5,DoS attacks-GoldenEye,0,0,
42,xgboost,phase5_matched,test,fixed_0_5,0.5,DoS attacks-Hulk,0,0,
42,xgboost,phase5_matched,test,fixed_0_5,0.5,DoS attacks-SlowHTTPTest,0,0,
42,xgboost,phase5_matched,test,fixed_0_5,0.5,DoS attacks-Slowloris,0,0,
42,xgboost,phase5_matched,test,fixed_0_5,0.5,FTP-BruteForce,0,0,
42,xgboost,phase5_matched,test,fixed_0_5,0.5,Infilteration,11632,169,0.01452888583218707
42,xgboost,phase5_matched,test,fixed_0_5,0.5,SQL Injection,0,0,
42,xgboost,phase5_matched,test,fixed_0_5,0.5,SSH-Bruteforce,0,0,
42,xgboost,phase5_matched,test,fpr_at_most_0.01,0.09503710269927979,Bot,35326,0,0.0
42,xgboost,phase5_matched,test,fpr_at_most_0.01,0.09503710269927979,Brute Force -Web,0,0,
42,xgboost,phase5_matched,test,fpr_at_most_0.01,0.09503710269927979,Brute Force -XSS,0,0,
42,xgboost,phase5_matched,test,fpr_at_most_0.01,0.09503710269927979,DDOS attack-HOIC,0,0,
42,xgboost,phase5_matched,test,fpr_at_most_0.01,0.09503710269927979,DDOS attack-LOIC-UDP,0,0,
42,xgboost,phase5_matched,test,fpr_at_most_0.01,0.09503710269927979,DDoS attacks-LOIC-HTTP,0,0,
42,xgboost,phase5_matched,test,fpr_at_most_0.01,0.09503710269927979,DoS attacks-GoldenEye,0,0,
42,xgboost,phase5_matched,test,fpr_at_most_0.01,0.09503710269927979,DoS attacks-Hulk,0,0,
42,xgboost,phase5_matched,test,fpr_at_most_0.01,0.09503710269927979,DoS attacks-SlowHTTPTest,0,0,
42,xgboost,phase5_matched,test,fpr_at_most_0.01,0.09503710269927979,DoS attacks-Slowloris,0,0,
42,xgboost,phase5_matched,test,fpr_at_most_0.01,0.09503710269927979,FTP-BruteForce,0,0,
42,xgboost,phase5_matched,test,fpr_at_most_0.01,0.09503710269927979,Infilteration,11632,281,0.024157496561210454
42,xgboost,phase5_matched,test,fpr_at_most_0.01,0.09503710269927979,SQL Injection,0,0,
42,xgboost,phase5_matched,test,fpr_at_most_0.01,0.09503710269927979,SSH-Bruteforce,0,0,
42,mlp,phase5_matched,validation,fixed_0_5,0.5,Bot,0,0,
42,mlp,phase5_matched,validation,fixed_0_5,0.5,Brute Force -Web,48,11,0.22916666666666666
42,mlp,phase5_matched,validation,fixed_0_5,0.5,Brute Force -XSS,11,6,0.5454545454545454
42,mlp,phase5_matched,validation,fixed_0_5,0.5,DDOS attack-HOIC,0,0,
42,mlp,phase5_matched,validation,fixed_0_5,0.5,DDOS attack-LOIC-UDP,0,0,
42,mlp,phase5_matched,validation,fixed_0_5,0.5,DDoS attacks-LOIC-HTTP,0,0,
42,mlp,phase5_matched,validation,fixed_0_5,0.5,DoS attacks-GoldenEye,0,0,
42,mlp,phase5_matched,validation,fixed_0_5,0.5,DoS attacks-Hulk,0,0,
42,mlp,phase5_matched,validation,fixed_0_5,0.5,DoS attacks-SlowHTTPTest,0,0,
42,mlp,phase5_matched,validation,fixed_0_5,0.5,DoS attacks-Slowloris,0,0,
42,mlp,phase5_matched,validation,fixed_0_5,0.5,FTP-BruteForce,0,0,
42,mlp,phase5_matched,validation,fixed_0_5,0.5,Infilteration,8551,25,0.00292363466261256
42,mlp,phase5_matched,validation,fixed_0_5,0.5,SQL Injection,4,0,0.0
42,mlp,phase5_matched,validation,fixed_0_5,0.5,SSH-Bruteforce,0,0,
42,mlp,phase5_matched,validation,fpr_at_most_0.01,0.06002175807952881,Bot,0,0,
42,mlp,phase5_matched,validation,fpr_at_most_0.01,0.06002175807952881,Brute Force -Web,48,24,0.5
42,mlp,phase5_matched,validation,fpr_at_most_0.01,0.06002175807952881,Brute Force -XSS,11,9,0.8181818181818182
42,mlp,phase5_matched,validation,fpr_at_most_0.01,0.06002175807952881,DDOS attack-HOIC,0,0,
42,mlp,phase5_matched,validation,fpr_at_most_0.01,0.06002175807952881,DDOS attack-LOIC-UDP,0,0,
42,mlp,phase5_matched,validation,fpr_at_most_0.01,0.06002175807952881,DDoS attacks-LOIC-HTTP,0,0,
42,mlp,phase5_matched,validation,fpr_at_most_0.01,0.06002175807952881,DoS attacks-GoldenEye,0,0,
42,mlp,phase5_matched,validation,fpr_at_most_0.01,0.06002175807952881,DoS attacks-Hulk,0,0,
42,mlp,phase5_matched,validation,fpr_at_most_0.01,0.06002175807952881,DoS attacks-SlowHTTPTest,0,0,
42,mlp,phase5_matched,validation,fpr_at_most_0.01,0.06002175807952881,DoS attacks-Slowloris,0,0,
42,mlp,phase5_matched,validation,fpr_at_most_0.01,0.06002175807952881,FTP-BruteForce,0,0,
42,mlp,phase5_matched,validation,fpr_at_most_0.01,0.06002175807952881,Infilteration,8551,140,0.016372354110630337
42,mlp,phase5_matched,validation,fpr_at_most_0.01,0.06002175807952881,SQL Injection,4,2,0.5
42,mlp,phase5_matched,validation,fpr_at_most_0.01,0.06002175807952881,SSH-Bruteforce,0,0,
42,mlp,phase5_matched,test,fixed_0_5,0.5,Bot,35326,0,0.0
42,mlp,phase5_matched,test,fixed_0_5,0.5,Brute Force -Web,0,0,
42,mlp,phase5_matched,test,fixed_0_5,0.5,Brute Force -XSS,0,0,
42,mlp,phase5_matched,test,fixed_0_5,0.5,DDOS attack-HOIC,0,0,
42,mlp,phase5_matched,test,fixed_0_5,0.5,DDOS attack-LOIC-UDP,0,0,
42,mlp,phase5_matched,test,fixed_0_5,0.5,DDoS attacks-LOIC-HTTP,0,0,
42,mlp,phase5_matched,test,fixed_0_5,0.5,DoS attacks-GoldenEye,0,0,
42,mlp,phase5_matched,test,fixed_0_5,0.5,DoS attacks-Hulk,0,0,
42,mlp,phase5_matched,test,fixed_0_5,0.5,DoS attacks-SlowHTTPTest,0,0,
42,mlp,phase5_matched,test,fixed_0_5,0.5,DoS attacks-Slowloris,0,0,
42,mlp,phase5_matched,test,fixed_0_5,0.5,FTP-BruteForce,0,0,
42,mlp,phase5_matched,test,fixed_0_5,0.5,Infilteration,11632,76,0.006533700137551582
42,mlp,phase5_matched,test,fixed_0_5,0.5,SQL Injection,0,0,
42,mlp,phase5_matched,test,fixed_0_5,0.5,SSH-Bruteforce,0,0,
42,mlp,phase5_matched,test,fpr_at_most_0.01,0.06002175807952881,Bot,35326,0,0.0
42,mlp,phase5_matched,test,fpr_at_most_0.01,0.06002175807952881,Brute Force -Web,0,0,
42,mlp,phase5_matched,test,fpr_at_most_0.01,0.06002175807952881,Brute Force -XSS,0,0,
42,mlp,phase5_matched,test,fpr_at_most_0.01,0.06002175807952881,DDOS attack-HOIC,0,0,
42,mlp,phase5_matched,test,fpr_at_most_0.01,0.06002175807952881,DDOS attack-LOIC-UDP,0,0,
42,mlp,phase5_matched,test,fpr_at_most_0.01,0.06002175807952881,DDoS attacks-LOIC-HTTP,0,0,
42,mlp,phase5_matched,test,fpr_at_most_0.01,0.06002175807952881,DoS attacks-GoldenEye,0,0,
42,mlp,phase5_matched,test,fpr_at_most_0.01,0.06002175807952881,DoS attacks-Hulk,0,0,
42,mlp,phase5_matched,test,fpr_at_most_0.01,0.06002175807952881,DoS attacks-SlowHTTPTest,0,0,
42,mlp,phase5_matched,test,fpr_at_most_0.01,0.06002175807952881,DoS attacks-Slowloris,0,0,
42,mlp,phase5_matched,test,fpr_at_most_0.01,0.06002175807952881,FTP-BruteForce,0,0,
42,mlp,phase5_matched,test,fpr_at_most_0.01,0.06002175807952881,Infilteration,11632,192,0.016506189821182942
42,mlp,phase5_matched,test,fpr_at_most_0.01,0.06002175807952881,SQL Injection,0,0,
42,mlp,phase5_matched,test,fpr_at_most_0.01,0.06002175807952881,SSH-Bruteforce,0,0,
42,rf_or_ae,full_dataset,validation,component_1_percent,0.5,Benign,1583520,31142,0.019666313024148733
42,rf_or_ae,full_dataset,validation,component_1_percent,0.5,Bot,0,0,
42,rf_or_ae,full_dataset,validation,component_1_percent,0.5,Brute Force -Web,362,281,0.7762430939226519
42,rf_or_ae,full_dataset,validation,component_1_percent,0.5,Brute Force -XSS,151,118,0.7814569536423841
42,rf_or_ae,full_dataset,validation,component_1_percent,0.5,DDOS attack-HOIC,0,0,
42,rf_or_ae,full_dataset,validation,component_1_percent,0.5,DDOS attack-LOIC-UDP,0,0,
42,rf_or_ae,full_dataset,validation,component_1_percent,0.5,DDoS attacks-LOIC-HTTP,0,0,
42,rf_or_ae,full_dataset,validation,component_1_percent,0.5,DoS attacks-GoldenEye,0,0,
42,rf_or_ae,full_dataset,validation,component_1_percent,0.5,DoS attacks-Hulk,0,0,
42,rf_or_ae,full_dataset,validation,component_1_percent,0.5,DoS attacks-SlowHTTPTest,0,0,
42,rf_or_ae,full_dataset,validation,component_1_percent,0.5,DoS attacks-Slowloris,0,0,
42,rf_or_ae,full_dataset,validation,component_1_percent,0.5,FTP-BruteForce,0,0,
42,rf_or_ae,full_dataset,validation,component_1_percent,0.5,Infilteration,68857,3227,0.04686524245900925
42,rf_or_ae,full_dataset,validation,component_1_percent,0.5,SQL Injection,53,18,0.33962264150943394
42,rf_or_ae,full_dataset,validation,component_1_percent,0.5,SSH-Bruteforce,0,0,
42,rf_or_ae,full_dataset,test,component_1_percent,0.5,Benign,998793,16727,0.016747213887161803
42,rf_or_ae,full_dataset,test,component_1_percent,0.5,Bot,282310,127111,0.45025326768446033
42,rf_or_ae,full_dataset,test,component_1_percent,0.5,Brute Force -Web,0,0,
42,rf_or_ae,full_dataset,test,component_1_percent,0.5,Brute Force -XSS,0,0,
42,rf_or_ae,full_dataset,test,component_1_percent,0.5,DDOS attack-HOIC,0,0,
42,rf_or_ae,full_dataset,test,component_1_percent,0.5,DDOS attack-LOIC-UDP,0,0,
42,rf_or_ae,full_dataset,test,component_1_percent,0.5,DDoS attacks-LOIC-HTTP,0,0,
42,rf_or_ae,full_dataset,test,component_1_percent,0.5,DoS attacks-GoldenEye,0,0,
42,rf_or_ae,full_dataset,test,component_1_percent,0.5,DoS attacks-Hulk,0,0,
42,rf_or_ae,full_dataset,test,component_1_percent,0.5,DoS attacks-SlowHTTPTest,0,0,
42,rf_or_ae,full_dataset,test,component_1_percent,0.5,DoS attacks-Slowloris,0,0,
42,rf_or_ae,full_dataset,test,component_1_percent,0.5,FTP-BruteForce,0,0,
42,rf_or_ae,full_dataset,test,component_1_percent,0.5,Infilteration,93040,4352,0.04677558039552881
42,rf_or_ae,full_dataset,test,component_1_percent,0.5,SQL Injection,0,0,
42,rf_or_ae,full_dataset,test,component_1_percent,0.5,SSH-Bruteforce,0,0,
123,logistic_regression,full_dataset,validation,fixed_0_5,0.5,Bot,0,0,
123,logistic_regression,full_dataset,validation,fixed_0_5,0.5,Brute Force -Web,362,62,0.1712707182320442
123,logistic_regression,full_dataset,validation,fixed_0_5,0.5,Brute Force -XSS,151,64,0.423841059602649
123,logistic_regression,full_dataset,validation,fixed_0_5,0.5,DDOS attack-HOIC,0,0,
123,logistic_regression,full_dataset,validation,fixed_0_5,0.5,DDOS attack-LOIC-UDP,0,0,
123,logistic_regression,full_dataset,validation,fixed_0_5,0.5,DDoS attacks-LOIC-HTTP,0,0,
123,logistic_regression,full_dataset,validation,fixed_0_5,0.5,DoS attacks-GoldenEye,0,0,
123,logistic_regression,full_dataset,validation,fixed_0_5,0.5,DoS attacks-Hulk,0,0,
123,logistic_regression,full_dataset,validation,fixed_0_5,0.5,DoS attacks-SlowHTTPTest,0,0,
123,logistic_regression,full_dataset,validation,fixed_0_5,0.5,DoS attacks-Slowloris,0,0,
123,logistic_regression,full_dataset,validation,fixed_0_5,0.5,FTP-BruteForce,0,0,
123,logistic_regression,full_dataset,validation,fixed_0_5,0.5,Infilteration,68857,4998,0.07258521283239176
123,logistic_regression,full_dataset,validation,fixed_0_5,0.5,SQL Injection,53,21,0.39622641509433965
123,logistic_regression,full_dataset,validation,fixed_0_5,0.5,SSH-Bruteforce,0,0,
123,logistic_regression,full_dataset,validation,fpr_at_most_0.01,0.9831206798553467,Bot,0,0,
123,logistic_regression,full_dataset,validation,fpr_at_most_0.01,0.9831206798553467,Brute Force -Web,362,0,0.0
123,logistic_regression,full_dataset,validation,fpr_at_most_0.01,0.9831206798553467,Brute Force -XSS,151,0,0.0
123,logistic_regression,full_dataset,validation,fpr_at_most_0.01,0.9831206798553467,DDOS attack-HOIC,0,0,
123,logistic_regression,full_dataset,validation,fpr_at_most_0.01,0.9831206798553467,DDOS attack-LOIC-UDP,0,0,
123,logistic_regression,full_dataset,validation,fpr_at_most_0.01,0.9831206798553467,DDoS attacks-LOIC-HTTP,0,0,
123,logistic_regression,full_dataset,validation,fpr_at_most_0.01,0.9831206798553467,DoS attacks-GoldenEye,0,0,
123,logistic_regression,full_dataset,validation,fpr_at_most_0.01,0.9831206798553467,DoS attacks-Hulk,0,0,
123,logistic_regression,full_dataset,validation,fpr_at_most_0.01,0.9831206798553467,DoS attacks-SlowHTTPTest,0,0,
123,logistic_regression,full_dataset,validation,fpr_at_most_0.01,0.9831206798553467,DoS attacks-Slowloris,0,0,
123,logistic_regression,full_dataset,validation,fpr_at_most_0.01,0.9831206798553467,FTP-BruteForce,0,0,
123,logistic_regression,full_dataset,validation,fpr_at_most_0.01,0.9831206798553467,Infilteration,68857,311,0.004516606880927139
123,logistic_regression,full_dataset,validation,fpr_at_most_0.01,0.9831206798553467,SQL Injection,53,10,0.18867924528301888
123,logistic_regression,full_dataset,validation,fpr_at_most_0.01,0.9831206798553467,SSH-Bruteforce,0,0,
123,logistic_regression,full_dataset,test,fixed_0_5,0.5,Bot,282310,0,0.0
123,logistic_regression,full_dataset,test,fixed_0_5,0.5,Brute Force -Web,0,0,
123,logistic_regression,full_dataset,test,fixed_0_5,0.5,Brute Force -XSS,0,0,
123,logistic_regression,full_dataset,test,fixed_0_5,0.5,DDOS attack-HOIC,0,0,
123,logistic_regression,full_dataset,test,fixed_0_5,0.5,DDOS attack-LOIC-UDP,0,0,
123,logistic_regression,full_dataset,test,fixed_0_5,0.5,DDoS attacks-LOIC-HTTP,0,0,
123,logistic_regression,full_dataset,test,fixed_0_5,0.5,DoS attacks-GoldenEye,0,0,
123,logistic_regression,full_dataset,test,fixed_0_5,0.5,DoS attacks-Hulk,0,0,
123,logistic_regression,full_dataset,test,fixed_0_5,0.5,DoS attacks-SlowHTTPTest,0,0,
123,logistic_regression,full_dataset,test,fixed_0_5,0.5,DoS attacks-Slowloris,0,0,
123,logistic_regression,full_dataset,test,fixed_0_5,0.5,FTP-BruteForce,0,0,
123,logistic_regression,full_dataset,test,fixed_0_5,0.5,Infilteration,93040,3042,0.03269561478933792
123,logistic_regression,full_dataset,test,fixed_0_5,0.5,SQL Injection,0,0,
123,logistic_regression,full_dataset,test,fixed_0_5,0.5,SSH-Bruteforce,0,0,
123,logistic_regression,full_dataset,test,fpr_at_most_0.01,0.9831206798553467,Bot,282310,0,0.0
123,logistic_regression,full_dataset,test,fpr_at_most_0.01,0.9831206798553467,Brute Force -Web,0,0,
123,logistic_regression,full_dataset,test,fpr_at_most_0.01,0.9831206798553467,Brute Force -XSS,0,0,
123,logistic_regression,full_dataset,test,fpr_at_most_0.01,0.9831206798553467,DDOS attack-HOIC,0,0,
123,logistic_regression,full_dataset,test,fpr_at_most_0.01,0.9831206798553467,DDOS attack-LOIC-UDP,0,0,
123,logistic_regression,full_dataset,test,fpr_at_most_0.01,0.9831206798553467,DDoS attacks-LOIC-HTTP,0,0,
123,logistic_regression,full_dataset,test,fpr_at_most_0.01,0.9831206798553467,DoS attacks-GoldenEye,0,0,
123,logistic_regression,full_dataset,test,fpr_at_most_0.01,0.9831206798553467,DoS attacks-Hulk,0,0,
123,logistic_regression,full_dataset,test,fpr_at_most_0.01,0.9831206798553467,DoS attacks-SlowHTTPTest,0,0,
123,logistic_regression,full_dataset,test,fpr_at_most_0.01,0.9831206798553467,DoS attacks-Slowloris,0,0,
123,logistic_regression,full_dataset,test,fpr_at_most_0.01,0.9831206798553467,FTP-BruteForce,0,0,
123,logistic_regression,full_dataset,test,fpr_at_most_0.01,0.9831206798553467,Infilteration,93040,433,0.0046539122957867584
123,logistic_regression,full_dataset,test,fpr_at_most_0.01,0.9831206798553467,SQL Injection,0,0,
123,logistic_regression,full_dataset,test,fpr_at_most_0.01,0.9831206798553467,SSH-Bruteforce,0,0,
123,random_forest,full_dataset,validation,fixed_0_5,0.5,Bot,0,0,
123,random_forest,full_dataset,validation,fixed_0_5,0.5,Brute Force -Web,362,67,0.1850828729281768
123,random_forest,full_dataset,validation,fixed_0_5,0.5,Brute Force -XSS,151,23,0.152317880794702
123,random_forest,full_dataset,validation,fixed_0_5,0.5,DDOS attack-HOIC,0,0,
123,random_forest,full_dataset,validation,fixed_0_5,0.5,DDOS attack-LOIC-UDP,0,0,
123,random_forest,full_dataset,validation,fixed_0_5,0.5,DDoS attacks-LOIC-HTTP,0,0,
123,random_forest,full_dataset,validation,fixed_0_5,0.5,DoS attacks-GoldenEye,0,0,
123,random_forest,full_dataset,validation,fixed_0_5,0.5,DoS attacks-Hulk,0,0,
123,random_forest,full_dataset,validation,fixed_0_5,0.5,DoS attacks-SlowHTTPTest,0,0,
123,random_forest,full_dataset,validation,fixed_0_5,0.5,DoS attacks-Slowloris,0,0,
123,random_forest,full_dataset,validation,fixed_0_5,0.5,FTP-BruteForce,0,0,
123,random_forest,full_dataset,validation,fixed_0_5,0.5,Infilteration,68857,187,0.002715773269239148
123,random_forest,full_dataset,validation,fixed_0_5,0.5,SQL Injection,53,3,0.05660377358490566
123,random_forest,full_dataset,validation,fixed_0_5,0.5,SSH-Bruteforce,0,0,
123,random_forest,full_dataset,validation,fpr_at_most_0.01,0.23178273040160707,Bot,0,0,
123,random_forest,full_dataset,validation,fpr_at_most_0.01,0.23178273040160707,Brute Force -Web,362,145,0.4005524861878453
123,random_forest,full_dataset,validation,fpr_at_most_0.01,0.23178273040160707,Brute Force -XSS,151,112,0.7417218543046358
123,random_forest,full_dataset,validation,fpr_at_most_0.01,0.23178273040160707,DDOS attack-HOIC,0,0,
123,random_forest,full_dataset,validation,fpr_at_most_0.01,0.23178273040160707,DDOS attack-LOIC-UDP,0,0,
123,random_forest,full_dataset,validation,fpr_at_most_0.01,0.23178273040160707,DDoS attacks-LOIC-HTTP,0,0,
123,random_forest,full_dataset,validation,fpr_at_most_0.01,0.23178273040160707,DoS attacks-GoldenEye,0,0,
123,random_forest,full_dataset,validation,fpr_at_most_0.01,0.23178273040160707,DoS attacks-Hulk,0,0,
123,random_forest,full_dataset,validation,fpr_at_most_0.01,0.23178273040160707,DoS attacks-SlowHTTPTest,0,0,
123,random_forest,full_dataset,validation,fpr_at_most_0.01,0.23178273040160707,DoS attacks-Slowloris,0,0,
123,random_forest,full_dataset,validation,fpr_at_most_0.01,0.23178273040160707,FTP-BruteForce,0,0,
123,random_forest,full_dataset,validation,fpr_at_most_0.01,0.23178273040160707,Infilteration,68857,1869,0.027143209840684315
123,random_forest,full_dataset,validation,fpr_at_most_0.01,0.23178273040160707,SQL Injection,53,7,0.1320754716981132
123,random_forest,full_dataset,validation,fpr_at_most_0.01,0.23178273040160707,SSH-Bruteforce,0,0,
123,random_forest,full_dataset,test,fixed_0_5,0.5,Bot,282310,0,0.0
123,random_forest,full_dataset,test,fixed_0_5,0.5,Brute Force -Web,0,0,
123,random_forest,full_dataset,test,fixed_0_5,0.5,Brute Force -XSS,0,0,
123,random_forest,full_dataset,test,fixed_0_5,0.5,DDOS attack-HOIC,0,0,
123,random_forest,full_dataset,test,fixed_0_5,0.5,DDOS attack-LOIC-UDP,0,0,
123,random_forest,full_dataset,test,fixed_0_5,0.5,DDoS attacks-LOIC-HTTP,0,0,
123,random_forest,full_dataset,test,fixed_0_5,0.5,DoS attacks-GoldenEye,0,0,
123,random_forest,full_dataset,test,fixed_0_5,0.5,DoS attacks-Hulk,0,0,
123,random_forest,full_dataset,test,fixed_0_5,0.5,DoS attacks-SlowHTTPTest,0,0,
123,random_forest,full_dataset,test,fixed_0_5,0.5,DoS attacks-Slowloris,0,0,
123,random_forest,full_dataset,test,fixed_0_5,0.5,FTP-BruteForce,0,0,
123,random_forest,full_dataset,test,fixed_0_5,0.5,Infilteration,93040,296,0.003181427343078246
123,random_forest,full_dataset,test,fixed_0_5,0.5,SQL Injection,0,0,
123,random_forest,full_dataset,test,fixed_0_5,0.5,SSH-Bruteforce,0,0,
123,random_forest,full_dataset,test,fpr_at_most_0.01,0.23178273040160707,Bot,282310,60498,0.2142963409018455
123,random_forest,full_dataset,test,fpr_at_most_0.01,0.23178273040160707,Brute Force -Web,0,0,
123,random_forest,full_dataset,test,fpr_at_most_0.01,0.23178273040160707,Brute Force -XSS,0,0,
123,random_forest,full_dataset,test,fpr_at_most_0.01,0.23178273040160707,DDOS attack-HOIC,0,0,
123,random_forest,full_dataset,test,fpr_at_most_0.01,0.23178273040160707,DDOS attack-LOIC-UDP,0,0,
123,random_forest,full_dataset,test,fpr_at_most_0.01,0.23178273040160707,DDoS attacks-LOIC-HTTP,0,0,
123,random_forest,full_dataset,test,fpr_at_most_0.01,0.23178273040160707,DoS attacks-GoldenEye,0,0,
123,random_forest,full_dataset,test,fpr_at_most_0.01,0.23178273040160707,DoS attacks-Hulk,0,0,
123,random_forest,full_dataset,test,fpr_at_most_0.01,0.23178273040160707,DoS attacks-SlowHTTPTest,0,0,
123,random_forest,full_dataset,test,fpr_at_most_0.01,0.23178273040160707,DoS attacks-Slowloris,0,0,
123,random_forest,full_dataset,test,fpr_at_most_0.01,0.23178273040160707,FTP-BruteForce,0,0,
123,random_forest,full_dataset,test,fpr_at_most_0.01,0.23178273040160707,Infilteration,93040,2631,0.028278159931212382
123,random_forest,full_dataset,test,fpr_at_most_0.01,0.23178273040160707,SQL Injection,0,0,
123,random_forest,full_dataset,test,fpr_at_most_0.01,0.23178273040160707,SSH-Bruteforce,0,0,
123,xgboost,full_dataset,validation,fixed_0_5,0.5,Bot,0,0,
123,xgboost,full_dataset,validation,fixed_0_5,0.5,Brute Force -Web,362,207,0.5718232044198895
123,xgboost,full_dataset,validation,fixed_0_5,0.5,Brute Force -XSS,151,139,0.9205298013245033
123,xgboost,full_dataset,validation,fixed_0_5,0.5,DDOS attack-HOIC,0,0,
123,xgboost,full_dataset,validation,fixed_0_5,0.5,DDOS attack-LOIC-UDP,0,0,
123,xgboost,full_dataset,validation,fixed_0_5,0.5,DDoS attacks-LOIC-HTTP,0,0,
123,xgboost,full_dataset,validation,fixed_0_5,0.5,DoS attacks-GoldenEye,0,0,
123,xgboost,full_dataset,validation,fixed_0_5,0.5,DoS attacks-Hulk,0,0,
123,xgboost,full_dataset,validation,fixed_0_5,0.5,DoS attacks-SlowHTTPTest,0,0,
123,xgboost,full_dataset,validation,fixed_0_5,0.5,DoS attacks-Slowloris,0,0,
123,xgboost,full_dataset,validation,fixed_0_5,0.5,FTP-BruteForce,0,0,
123,xgboost,full_dataset,validation,fixed_0_5,0.5,Infilteration,68857,412,0.005983414903350422
123,xgboost,full_dataset,validation,fixed_0_5,0.5,SQL Injection,53,39,0.7358490566037735
123,xgboost,full_dataset,validation,fixed_0_5,0.5,SSH-Bruteforce,0,0,
123,xgboost,full_dataset,validation,fpr_at_most_0.01,0.004443179350346327,Bot,0,0,
123,xgboost,full_dataset,validation,fpr_at_most_0.01,0.004443179350346327,Brute Force -Web,362,210,0.580110497237569
123,xgboost,full_dataset,validation,fpr_at_most_0.01,0.004443179350346327,Brute Force -XSS,151,146,0.9668874172185431
123,xgboost,full_dataset,validation,fpr_at_most_0.01,0.004443179350346327,DDOS attack-HOIC,0,0,
123,xgboost,full_dataset,validation,fpr_at_most_0.01,0.004443179350346327,DDOS attack-LOIC-UDP,0,0,
123,xgboost,full_dataset,validation,fpr_at_most_0.01,0.004443179350346327,DDoS attacks-LOIC-HTTP,0,0,
123,xgboost,full_dataset,validation,fpr_at_most_0.01,0.004443179350346327,DoS attacks-GoldenEye,0,0,
123,xgboost,full_dataset,validation,fpr_at_most_0.01,0.004443179350346327,DoS attacks-Hulk,0,0,
123,xgboost,full_dataset,validation,fpr_at_most_0.01,0.004443179350346327,DoS attacks-SlowHTTPTest,0,0,
123,xgboost,full_dataset,validation,fpr_at_most_0.01,0.004443179350346327,DoS attacks-Slowloris,0,0,
123,xgboost,full_dataset,validation,fpr_at_most_0.01,0.004443179350346327,FTP-BruteForce,0,0,
123,xgboost,full_dataset,validation,fpr_at_most_0.01,0.004443179350346327,Infilteration,68857,961,0.013956460490581931
123,xgboost,full_dataset,validation,fpr_at_most_0.01,0.004443179350346327,SQL Injection,53,50,0.9433962264150944
123,xgboost,full_dataset,validation,fpr_at_most_0.01,0.004443179350346327,SSH-Bruteforce,0,0,
123,xgboost,full_dataset,test,fixed_0_5,0.5,Bot,282310,0,0.0
123,xgboost,full_dataset,test,fixed_0_5,0.5,Brute Force -Web,0,0,
123,xgboost,full_dataset,test,fixed_0_5,0.5,Brute Force -XSS,0,0,
123,xgboost,full_dataset,test,fixed_0_5,0.5,DDOS attack-HOIC,0,0,
123,xgboost,full_dataset,test,fixed_0_5,0.5,DDOS attack-LOIC-UDP,0,0,
123,xgboost,full_dataset,test,fixed_0_5,0.5,DDoS attacks-LOIC-HTTP,0,0,
123,xgboost,full_dataset,test,fixed_0_5,0.5,DoS attacks-GoldenEye,0,0,
123,xgboost,full_dataset,test,fixed_0_5,0.5,DoS attacks-Hulk,0,0,
123,xgboost,full_dataset,test,fixed_0_5,0.5,DoS attacks-SlowHTTPTest,0,0,
123,xgboost,full_dataset,test,fixed_0_5,0.5,DoS attacks-Slowloris,0,0,
123,xgboost,full_dataset,test,fixed_0_5,0.5,FTP-BruteForce,0,0,
123,xgboost,full_dataset,test,fixed_0_5,0.5,Infilteration,93040,497,0.005341788478073947
123,xgboost,full_dataset,test,fixed_0_5,0.5,SQL Injection,0,0,
123,xgboost,full_dataset,test,fixed_0_5,0.5,SSH-Bruteforce,0,0,
123,xgboost,full_dataset,test,fpr_at_most_0.01,0.004443179350346327,Bot,282310,0,0.0
123,xgboost,full_dataset,test,fpr_at_most_0.01,0.004443179350346327,Brute Force -Web,0,0,
123,xgboost,full_dataset,test,fpr_at_most_0.01,0.004443179350346327,Brute Force -XSS,0,0,
123,xgboost,full_dataset,test,fpr_at_most_0.01,0.004443179350346327,DDOS attack-HOIC,0,0,
123,xgboost,full_dataset,test,fpr_at_most_0.01,0.004443179350346327,DDOS attack-LOIC-UDP,0,0,
123,xgboost,full_dataset,test,fpr_at_most_0.01,0.004443179350346327,DDoS attacks-LOIC-HTTP,0,0,
123,xgboost,full_dataset,test,fpr_at_most_0.01,0.004443179350346327,DoS attacks-GoldenEye,0,0,
123,xgboost,full_dataset,test,fpr_at_most_0.01,0.004443179350346327,DoS attacks-Hulk,0,0,
123,xgboost,full_dataset,test,fpr_at_most_0.01,0.004443179350346327,DoS attacks-SlowHTTPTest,0,0,
123,xgboost,full_dataset,test,fpr_at_most_0.01,0.004443179350346327,DoS attacks-Slowloris,0,0,
123,xgboost,full_dataset,test,fpr_at_most_0.01,0.004443179350346327,FTP-BruteForce,0,0,
123,xgboost,full_dataset,test,fpr_at_most_0.01,0.004443179350346327,Infilteration,93040,2026,0.021775580395528803
123,xgboost,full_dataset,test,fpr_at_most_0.01,0.004443179350346327,SQL Injection,0,0,
123,xgboost,full_dataset,test,fpr_at_most_0.01,0.004443179350346327,SSH-Bruteforce,0,0,
123,mlp,full_dataset,validation,fixed_0_5,0.5,Bot,0,0,
123,mlp,full_dataset,validation,fixed_0_5,0.5,Brute Force -Web,362,124,0.3425414364640884
123,mlp,full_dataset,validation,fixed_0_5,0.5,Brute Force -XSS,151,72,0.4768211920529801
123,mlp,full_dataset,validation,fixed_0_5,0.5,DDOS attack-HOIC,0,0,
123,mlp,full_dataset,validation,fixed_0_5,0.5,DDOS attack-LOIC-UDP,0,0,
123,mlp,full_dataset,validation,fixed_0_5,0.5,DDoS attacks-LOIC-HTTP,0,0,
123,mlp,full_dataset,validation,fixed_0_5,0.5,DoS attacks-GoldenEye,0,0,
123,mlp,full_dataset,validation,fixed_0_5,0.5,DoS attacks-Hulk,0,0,
123,mlp,full_dataset,validation,fixed_0_5,0.5,DoS attacks-SlowHTTPTest,0,0,
123,mlp,full_dataset,validation,fixed_0_5,0.5,DoS attacks-Slowloris,0,0,
123,mlp,full_dataset,validation,fixed_0_5,0.5,FTP-BruteForce,0,0,
123,mlp,full_dataset,validation,fixed_0_5,0.5,Infilteration,68857,384,0.0055767750555499075
123,mlp,full_dataset,validation,fixed_0_5,0.5,SQL Injection,53,24,0.4528301886792453
123,mlp,full_dataset,validation,fixed_0_5,0.5,SSH-Bruteforce,0,0,
123,mlp,full_dataset,validation,fpr_at_most_0.01,0.0006149690598249435,Bot,0,0,
123,mlp,full_dataset,validation,fpr_at_most_0.01,0.0006149690598249435,Brute Force -Web,362,209,0.5773480662983426
123,mlp,full_dataset,validation,fpr_at_most_0.01,0.0006149690598249435,Brute Force -XSS,151,146,0.9668874172185431
123,mlp,full_dataset,validation,fpr_at_most_0.01,0.0006149690598249435,DDOS attack-HOIC,0,0,
123,mlp,full_dataset,validation,fpr_at_most_0.01,0.0006149690598249435,DDOS attack-LOIC-UDP,0,0,
123,mlp,full_dataset,validation,fpr_at_most_0.01,0.0006149690598249435,DDoS attacks-LOIC-HTTP,0,0,
123,mlp,full_dataset,validation,fpr_at_most_0.01,0.0006149690598249435,DoS attacks-GoldenEye,0,0,
123,mlp,full_dataset,validation,fpr_at_most_0.01,0.0006149690598249435,DoS attacks-Hulk,0,0,
123,mlp,full_dataset,validation,fpr_at_most_0.01,0.0006149690598249435,DoS attacks-SlowHTTPTest,0,0,
123,mlp,full_dataset,validation,fpr_at_most_0.01,0.0006149690598249435,DoS attacks-Slowloris,0,0,
123,mlp,full_dataset,validation,fpr_at_most_0.01,0.0006149690598249435,FTP-BruteForce,0,0,
123,mlp,full_dataset,validation,fpr_at_most_0.01,0.0006149690598249435,Infilteration,68857,1018,0.01478426303789012
123,mlp,full_dataset,validation,fpr_at_most_0.01,0.0006149690598249435,SQL Injection,53,44,0.8301886792452831
123,mlp,full_dataset,validation,fpr_at_most_0.01,0.0006149690598249435,SSH-Bruteforce,0,0,
123,mlp,full_dataset,test,fixed_0_5,0.5,Bot,282310,0,0.0
123,mlp,full_dataset,test,fixed_0_5,0.5,Brute Force -Web,0,0,
123,mlp,full_dataset,test,fixed_0_5,0.5,Brute Force -XSS,0,0,
123,mlp,full_dataset,test,fixed_0_5,0.5,DDOS attack-HOIC,0,0,
123,mlp,full_dataset,test,fixed_0_5,0.5,DDOS attack-LOIC-UDP,0,0,
123,mlp,full_dataset,test,fixed_0_5,0.5,DDoS attacks-LOIC-HTTP,0,0,
123,mlp,full_dataset,test,fixed_0_5,0.5,DoS attacks-GoldenEye,0,0,
123,mlp,full_dataset,test,fixed_0_5,0.5,DoS attacks-Hulk,0,0,
123,mlp,full_dataset,test,fixed_0_5,0.5,DoS attacks-SlowHTTPTest,0,0,
123,mlp,full_dataset,test,fixed_0_5,0.5,DoS attacks-Slowloris,0,0,
123,mlp,full_dataset,test,fixed_0_5,0.5,FTP-BruteForce,0,0,
123,mlp,full_dataset,test,fixed_0_5,0.5,Infilteration,93040,861,0.00925408426483233
123,mlp,full_dataset,test,fixed_0_5,0.5,SQL Injection,0,0,
123,mlp,full_dataset,test,fixed_0_5,0.5,SSH-Bruteforce,0,0,
123,mlp,full_dataset,test,fpr_at_most_0.01,0.0006149690598249435,Bot,282310,0,0.0
123,mlp,full_dataset,test,fpr_at_most_0.01,0.0006149690598249435,Brute Force -Web,0,0,
123,mlp,full_dataset,test,fpr_at_most_0.01,0.0006149690598249435,Brute Force -XSS,0,0,
123,mlp,full_dataset,test,fpr_at_most_0.01,0.0006149690598249435,DDOS attack-HOIC,0,0,
123,mlp,full_dataset,test,fpr_at_most_0.01,0.0006149690598249435,DDOS attack-LOIC-UDP,0,0,
123,mlp,full_dataset,test,fpr_at_most_0.01,0.0006149690598249435,DDoS attacks-LOIC-HTTP,0,0,
123,mlp,full_dataset,test,fpr_at_most_0.01,0.0006149690598249435,DoS attacks-GoldenEye,0,0,
123,mlp,full_dataset,test,fpr_at_most_0.01,0.0006149690598249435,DoS attacks-Hulk,0,0,
123,mlp,full_dataset,test,fpr_at_most_0.01,0.0006149690598249435,DoS attacks-SlowHTTPTest,0,0,
123,mlp,full_dataset,test,fpr_at_most_0.01,0.0006149690598249435,DoS attacks-Slowloris,0,0,
123,mlp,full_dataset,test,fpr_at_most_0.01,0.0006149690598249435,FTP-BruteForce,0,0,
123,mlp,full_dataset,test,fpr_at_most_0.01,0.0006149690598249435,Infilteration,93040,1455,0.015638435081685297
123,mlp,full_dataset,test,fpr_at_most_0.01,0.0006149690598249435,SQL Injection,0,0,
123,mlp,full_dataset,test,fpr_at_most_0.01,0.0006149690598249435,SSH-Bruteforce,0,0,
123,transformer_L1,phase5_matched,validation,fixed_0_5,0.5,Bot,0,0,
123,transformer_L1,phase5_matched,validation,fixed_0_5,0.5,Brute Force -Web,48,0,0.0
123,transformer_L1,phase5_matched,validation,fixed_0_5,0.5,Brute Force -XSS,11,0,0.0
123,transformer_L1,phase5_matched,validation,fixed_0_5,0.5,DDOS attack-HOIC,0,0,
123,transformer_L1,phase5_matched,validation,fixed_0_5,0.5,DDOS attack-LOIC-UDP,0,0,
123,transformer_L1,phase5_matched,validation,fixed_0_5,0.5,DDoS attacks-LOIC-HTTP,0,0,
123,transformer_L1,phase5_matched,validation,fixed_0_5,0.5,DoS attacks-GoldenEye,0,0,
123,transformer_L1,phase5_matched,validation,fixed_0_5,0.5,DoS attacks-Hulk,0,0,
123,transformer_L1,phase5_matched,validation,fixed_0_5,0.5,DoS attacks-SlowHTTPTest,0,0,
123,transformer_L1,phase5_matched,validation,fixed_0_5,0.5,DoS attacks-Slowloris,0,0,
123,transformer_L1,phase5_matched,validation,fixed_0_5,0.5,FTP-BruteForce,0,0,
123,transformer_L1,phase5_matched,validation,fixed_0_5,0.5,Infilteration,8551,623,0.07285697579230499
123,transformer_L1,phase5_matched,validation,fixed_0_5,0.5,SQL Injection,4,0,0.0
123,transformer_L1,phase5_matched,validation,fixed_0_5,0.5,SSH-Bruteforce,0,0,
123,transformer_L1,phase5_matched,validation,maximum_macro_f1,0.15346816182136536,Bot,0,0,
123,transformer_L1,phase5_matched,validation,maximum_macro_f1,0.15346816182136536,Brute Force -Web,48,0,0.0
123,transformer_L1,phase5_matched,validation,maximum_macro_f1,0.15346816182136536,Brute Force -XSS,11,0,0.0
123,transformer_L1,phase5_matched,validation,maximum_macro_f1,0.15346816182136536,DDOS attack-HOIC,0,0,
123,transformer_L1,phase5_matched,validation,maximum_macro_f1,0.15346816182136536,DDOS attack-LOIC-UDP,0,0,
123,transformer_L1,phase5_matched,validation,maximum_macro_f1,0.15346816182136536,DDoS attacks-LOIC-HTTP,0,0,
123,transformer_L1,phase5_matched,validation,maximum_macro_f1,0.15346816182136536,DoS attacks-GoldenEye,0,0,
123,transformer_L1,phase5_matched,validation,maximum_macro_f1,0.15346816182136536,DoS attacks-Hulk,0,0,
123,transformer_L1,phase5_matched,validation,maximum_macro_f1,0.15346816182136536,DoS attacks-SlowHTTPTest,0,0,
123,transformer_L1,phase5_matched,validation,maximum_macro_f1,0.15346816182136536,DoS attacks-Slowloris,0,0,
123,transformer_L1,phase5_matched,validation,maximum_macro_f1,0.15346816182136536,FTP-BruteForce,0,0,
123,transformer_L1,phase5_matched,validation,maximum_macro_f1,0.15346816182136536,Infilteration,8551,678,0.07928897205005263
123,transformer_L1,phase5_matched,validation,maximum_macro_f1,0.15346816182136536,SQL Injection,4,0,0.0
123,transformer_L1,phase5_matched,validation,maximum_macro_f1,0.15346816182136536,SSH-Bruteforce,0,0,
123,transformer_L1,phase5_matched,validation,fpr_at_most_0.01,0.9761857390403748,Bot,0,0,
123,transformer_L1,phase5_matched,validation,fpr_at_most_0.01,0.9761857390403748,Brute Force -Web,48,0,0.0
123,transformer_L1,phase5_matched,validation,fpr_at_most_0.01,0.9761857390403748,Brute Force -XSS,11,0,0.0
123,transformer_L1,phase5_matched,validation,fpr_at_most_0.01,0.9761857390403748,DDOS attack-HOIC,0,0,
123,transformer_L1,phase5_matched,validation,fpr_at_most_0.01,0.9761857390403748,DDOS attack-LOIC-UDP,0,0,
123,transformer_L1,phase5_matched,validation,fpr_at_most_0.01,0.9761857390403748,DDoS attacks-LOIC-HTTP,0,0,
123,transformer_L1,phase5_matched,validation,fpr_at_most_0.01,0.9761857390403748,DoS attacks-GoldenEye,0,0,
123,transformer_L1,phase5_matched,validation,fpr_at_most_0.01,0.9761857390403748,DoS attacks-Hulk,0,0,
123,transformer_L1,phase5_matched,validation,fpr_at_most_0.01,0.9761857390403748,DoS attacks-SlowHTTPTest,0,0,
123,transformer_L1,phase5_matched,validation,fpr_at_most_0.01,0.9761857390403748,DoS attacks-Slowloris,0,0,
123,transformer_L1,phase5_matched,validation,fpr_at_most_0.01,0.9761857390403748,FTP-BruteForce,0,0,
123,transformer_L1,phase5_matched,validation,fpr_at_most_0.01,0.9761857390403748,Infilteration,8551,452,0.05285931470003508
123,transformer_L1,phase5_matched,validation,fpr_at_most_0.01,0.9761857390403748,SQL Injection,4,0,0.0
123,transformer_L1,phase5_matched,validation,fpr_at_most_0.01,0.9761857390403748,SSH-Bruteforce,0,0,
123,transformer_L1,phase5_matched,validation,fpr_at_most_0.005,0.9850318431854248,Bot,0,0,
123,transformer_L1,phase5_matched,validation,fpr_at_most_0.005,0.9850318431854248,Brute Force -Web,48,0,0.0
123,transformer_L1,phase5_matched,validation,fpr_at_most_0.005,0.9850318431854248,Brute Force -XSS,11,0,0.0
123,transformer_L1,phase5_matched,validation,fpr_at_most_0.005,0.9850318431854248,DDOS attack-HOIC,0,0,
123,transformer_L1,phase5_matched,validation,fpr_at_most_0.005,0.9850318431854248,DDOS attack-LOIC-UDP,0,0,
123,transformer_L1,phase5_matched,validation,fpr_at_most_0.005,0.9850318431854248,DDoS attacks-LOIC-HTTP,0,0,
123,transformer_L1,phase5_matched,validation,fpr_at_most_0.005,0.9850318431854248,DoS attacks-GoldenEye,0,0,
123,transformer_L1,phase5_matched,validation,fpr_at_most_0.005,0.9850318431854248,DoS attacks-Hulk,0,0,
123,transformer_L1,phase5_matched,validation,fpr_at_most_0.005,0.9850318431854248,DoS attacks-SlowHTTPTest,0,0,
123,transformer_L1,phase5_matched,validation,fpr_at_most_0.005,0.9850318431854248,DoS attacks-Slowloris,0,0,
123,transformer_L1,phase5_matched,validation,fpr_at_most_0.005,0.9850318431854248,FTP-BruteForce,0,0,
123,transformer_L1,phase5_matched,validation,fpr_at_most_0.005,0.9850318431854248,Infilteration,8551,191,0.02233656882235996
123,transformer_L1,phase5_matched,validation,fpr_at_most_0.005,0.9850318431854248,SQL Injection,4,0,0.0
123,transformer_L1,phase5_matched,validation,fpr_at_most_0.005,0.9850318431854248,SSH-Bruteforce,0,0,
123,transformer_L1,phase5_matched,validation,fpr_at_most_0.001,0.9867267608642578,Bot,0,0,
123,transformer_L1,phase5_matched,validation,fpr_at_most_0.001,0.9867267608642578,Brute Force -Web,48,0,0.0
123,transformer_L1,phase5_matched,validation,fpr_at_most_0.001,0.9867267608642578,Brute Force -XSS,11,0,0.0
123,transformer_L1,phase5_matched,validation,fpr_at_most_0.001,0.9867267608642578,DDOS attack-HOIC,0,0,
123,transformer_L1,phase5_matched,validation,fpr_at_most_0.001,0.9867267608642578,DDOS attack-LOIC-UDP,0,0,
123,transformer_L1,phase5_matched,validation,fpr_at_most_0.001,0.9867267608642578,DDoS attacks-LOIC-HTTP,0,0,
123,transformer_L1,phase5_matched,validation,fpr_at_most_0.001,0.9867267608642578,DoS attacks-GoldenEye,0,0,
123,transformer_L1,phase5_matched,validation,fpr_at_most_0.001,0.9867267608642578,DoS attacks-Hulk,0,0,
123,transformer_L1,phase5_matched,validation,fpr_at_most_0.001,0.9867267608642578,DoS attacks-SlowHTTPTest,0,0,
123,transformer_L1,phase5_matched,validation,fpr_at_most_0.001,0.9867267608642578,DoS attacks-Slowloris,0,0,
123,transformer_L1,phase5_matched,validation,fpr_at_most_0.001,0.9867267608642578,FTP-BruteForce,0,0,
123,transformer_L1,phase5_matched,validation,fpr_at_most_0.001,0.9867267608642578,Infilteration,8551,12,0.0014033446380540288
123,transformer_L1,phase5_matched,validation,fpr_at_most_0.001,0.9867267608642578,SQL Injection,4,0,0.0
123,transformer_L1,phase5_matched,validation,fpr_at_most_0.001,0.9867267608642578,SSH-Bruteforce,0,0,
123,transformer_L1,phase5_matched,test,fixed_0_5,0.5,Bot,35326,0,0.0
123,transformer_L1,phase5_matched,test,fixed_0_5,0.5,Brute Force -Web,0,0,
123,transformer_L1,phase5_matched,test,fixed_0_5,0.5,Brute Force -XSS,0,0,
123,transformer_L1,phase5_matched,test,fixed_0_5,0.5,DDOS attack-HOIC,0,0,
123,transformer_L1,phase5_matched,test,fixed_0_5,0.5,DDOS attack-LOIC-UDP,0,0,
123,transformer_L1,phase5_matched,test,fixed_0_5,0.5,DDoS attacks-LOIC-HTTP,0,0,
123,transformer_L1,phase5_matched,test,fixed_0_5,0.5,DoS attacks-GoldenEye,0,0,
123,transformer_L1,phase5_matched,test,fixed_0_5,0.5,DoS attacks-Hulk,0,0,
123,transformer_L1,phase5_matched,test,fixed_0_5,0.5,DoS attacks-SlowHTTPTest,0,0,
123,transformer_L1,phase5_matched,test,fixed_0_5,0.5,DoS attacks-Slowloris,0,0,
123,transformer_L1,phase5_matched,test,fixed_0_5,0.5,FTP-BruteForce,0,0,
123,transformer_L1,phase5_matched,test,fixed_0_5,0.5,Infilteration,11632,862,0.07410591471801926
123,transformer_L1,phase5_matched,test,fixed_0_5,0.5,SQL Injection,0,0,
123,transformer_L1,phase5_matched,test,fixed_0_5,0.5,SSH-Bruteforce,0,0,
123,transformer_L1,phase5_matched,test,maximum_macro_f1,0.15346816182136536,Bot,35326,0,0.0
123,transformer_L1,phase5_matched,test,maximum_macro_f1,0.15346816182136536,Brute Force -Web,0,0,
123,transformer_L1,phase5_matched,test,maximum_macro_f1,0.15346816182136536,Brute Force -XSS,0,0,
123,transformer_L1,phase5_matched,test,maximum_macro_f1,0.15346816182136536,DDOS attack-HOIC,0,0,
123,transformer_L1,phase5_matched,test,maximum_macro_f1,0.15346816182136536,DDOS attack-LOIC-UDP,0,0,
123,transformer_L1,phase5_matched,test,maximum_macro_f1,0.15346816182136536,DDoS attacks-LOIC-HTTP,0,0,
123,transformer_L1,phase5_matched,test,maximum_macro_f1,0.15346816182136536,DoS attacks-GoldenEye,0,0,
123,transformer_L1,phase5_matched,test,maximum_macro_f1,0.15346816182136536,DoS attacks-Hulk,0,0,
123,transformer_L1,phase5_matched,test,maximum_macro_f1,0.15346816182136536,DoS attacks-SlowHTTPTest,0,0,
123,transformer_L1,phase5_matched,test,maximum_macro_f1,0.15346816182136536,DoS attacks-Slowloris,0,0,
123,transformer_L1,phase5_matched,test,maximum_macro_f1,0.15346816182136536,FTP-BruteForce,0,0,
123,transformer_L1,phase5_matched,test,maximum_macro_f1,0.15346816182136536,Infilteration,11632,961,0.0826169188445667
123,transformer_L1,phase5_matched,test,maximum_macro_f1,0.15346816182136536,SQL Injection,0,0,
123,transformer_L1,phase5_matched,test,maximum_macro_f1,0.15346816182136536,SSH-Bruteforce,0,0,
123,transformer_L1,phase5_matched,test,fpr_at_most_0.01,0.9761857390403748,Bot,35326,0,0.0
123,transformer_L1,phase5_matched,test,fpr_at_most_0.01,0.9761857390403748,Brute Force -Web,0,0,
123,transformer_L1,phase5_matched,test,fpr_at_most_0.01,0.9761857390403748,Brute Force -XSS,0,0,
123,transformer_L1,phase5_matched,test,fpr_at_most_0.01,0.9761857390403748,DDOS attack-HOIC,0,0,
123,transformer_L1,phase5_matched,test,fpr_at_most_0.01,0.9761857390403748,DDOS attack-LOIC-UDP,0,0,
123,transformer_L1,phase5_matched,test,fpr_at_most_0.01,0.9761857390403748,DDoS attacks-LOIC-HTTP,0,0,
123,transformer_L1,phase5_matched,test,fpr_at_most_0.01,0.9761857390403748,DoS attacks-GoldenEye,0,0,
123,transformer_L1,phase5_matched,test,fpr_at_most_0.01,0.9761857390403748,DoS attacks-Hulk,0,0,
123,transformer_L1,phase5_matched,test,fpr_at_most_0.01,0.9761857390403748,DoS attacks-SlowHTTPTest,0,0,
123,transformer_L1,phase5_matched,test,fpr_at_most_0.01,0.9761857390403748,DoS attacks-Slowloris,0,0,
123,transformer_L1,phase5_matched,test,fpr_at_most_0.01,0.9761857390403748,FTP-BruteForce,0,0,
123,transformer_L1,phase5_matched,test,fpr_at_most_0.01,0.9761857390403748,Infilteration,11632,601,0.05166781292984869
123,transformer_L1,phase5_matched,test,fpr_at_most_0.01,0.9761857390403748,SQL Injection,0,0,
123,transformer_L1,phase5_matched,test,fpr_at_most_0.01,0.9761857390403748,SSH-Bruteforce,0,0,
123,transformer_L1,phase5_matched,test,fpr_at_most_0.005,0.9850318431854248,Bot,35326,0,0.0
123,transformer_L1,phase5_matched,test,fpr_at_most_0.005,0.9850318431854248,Brute Force -Web,0,0,
123,transformer_L1,phase5_matched,test,fpr_at_most_0.005,0.9850318431854248,Brute Force -XSS,0,0,
123,transformer_L1,phase5_matched,test,fpr_at_most_0.005,0.9850318431854248,DDOS attack-HOIC,0,0,
123,transformer_L1,phase5_matched,test,fpr_at_most_0.005,0.9850318431854248,DDOS attack-LOIC-UDP,0,0,
123,transformer_L1,phase5_matched,test,fpr_at_most_0.005,0.9850318431854248,DDoS attacks-LOIC-HTTP,0,0,
123,transformer_L1,phase5_matched,test,fpr_at_most_0.005,0.9850318431854248,DoS attacks-GoldenEye,0,0,
123,transformer_L1,phase5_matched,test,fpr_at_most_0.005,0.9850318431854248,DoS attacks-Hulk,0,0,
123,transformer_L1,phase5_matched,test,fpr_at_most_0.005,0.9850318431854248,DoS attacks-SlowHTTPTest,0,0,
123,transformer_L1,phase5_matched,test,fpr_at_most_0.005,0.9850318431854248,DoS attacks-Slowloris,0,0,
123,transformer_L1,phase5_matched,test,fpr_at_most_0.005,0.9850318431854248,FTP-BruteForce,0,0,
123,transformer_L1,phase5_matched,test,fpr_at_most_0.005,0.9850318431854248,Infilteration,11632,280,0.024071526822558458
123,transformer_L1,phase5_matched,test,fpr_at_most_0.005,0.9850318431854248,SQL Injection,0,0,
123,transformer_L1,phase5_matched,test,fpr_at_most_0.005,0.9850318431854248,SSH-Bruteforce,0,0,
123,transformer_L1,phase5_matched,test,fpr_at_most_0.001,0.9867267608642578,Bot,35326,0,0.0
123,transformer_L1,phase5_matched,test,fpr_at_most_0.001,0.9867267608642578,Brute Force -Web,0,0,
123,transformer_L1,phase5_matched,test,fpr_at_most_0.001,0.9867267608642578,Brute Force -XSS,0,0,
123,transformer_L1,phase5_matched,test,fpr_at_most_0.001,0.9867267608642578,DDOS attack-HOIC,0,0,
123,transformer_L1,phase5_matched,test,fpr_at_most_0.001,0.9867267608642578,DDOS attack-LOIC-UDP,0,0,
123,transformer_L1,phase5_matched,test,fpr_at_most_0.001,0.9867267608642578,DDoS attacks-LOIC-HTTP,0,0,
123,transformer_L1,phase5_matched,test,fpr_at_most_0.001,0.9867267608642578,DoS attacks-GoldenEye,0,0,
123,transformer_L1,phase5_matched,test,fpr_at_most_0.001,0.9867267608642578,DoS attacks-Hulk,0,0,
123,transformer_L1,phase5_matched,test,fpr_at_most_0.001,0.9867267608642578,DoS attacks-SlowHTTPTest,0,0,
123,transformer_L1,phase5_matched,test,fpr_at_most_0.001,0.9867267608642578,DoS attacks-Slowloris,0,0,
123,transformer_L1,phase5_matched,test,fpr_at_most_0.001,0.9867267608642578,FTP-BruteForce,0,0,
123,transformer_L1,phase5_matched,test,fpr_at_most_0.001,0.9867267608642578,Infilteration,11632,37,0.0031808803301237964
123,transformer_L1,phase5_matched,test,fpr_at_most_0.001,0.9867267608642578,SQL Injection,0,0,
123,transformer_L1,phase5_matched,test,fpr_at_most_0.001,0.9867267608642578,SSH-Bruteforce,0,0,
123,transformer_L64,phase5_matched,validation,fixed_0_5,0.5,Bot,0,0,
123,transformer_L64,phase5_matched,validation,fixed_0_5,0.5,Brute Force -Web,48,0,0.0
123,transformer_L64,phase5_matched,validation,fixed_0_5,0.5,Brute Force -XSS,11,0,0.0
123,transformer_L64,phase5_matched,validation,fixed_0_5,0.5,DDOS attack-HOIC,0,0,
123,transformer_L64,phase5_matched,validation,fixed_0_5,0.5,DDOS attack-LOIC-UDP,0,0,
123,transformer_L64,phase5_matched,validation,fixed_0_5,0.5,DDoS attacks-LOIC-HTTP,0,0,
123,transformer_L64,phase5_matched,validation,fixed_0_5,0.5,DoS attacks-GoldenEye,0,0,
123,transformer_L64,phase5_matched,validation,fixed_0_5,0.5,DoS attacks-Hulk,0,0,
123,transformer_L64,phase5_matched,validation,fixed_0_5,0.5,DoS attacks-SlowHTTPTest,0,0,
123,transformer_L64,phase5_matched,validation,fixed_0_5,0.5,DoS attacks-Slowloris,0,0,
123,transformer_L64,phase5_matched,validation,fixed_0_5,0.5,FTP-BruteForce,0,0,
123,transformer_L64,phase5_matched,validation,fixed_0_5,0.5,Infilteration,8551,704,0.08232955209916969
123,transformer_L64,phase5_matched,validation,fixed_0_5,0.5,SQL Injection,4,0,0.0
123,transformer_L64,phase5_matched,validation,fixed_0_5,0.5,SSH-Bruteforce,0,0,
123,transformer_L64,phase5_matched,validation,maximum_macro_f1,0.05581173300743103,Bot,0,0,
123,transformer_L64,phase5_matched,validation,maximum_macro_f1,0.05581173300743103,Brute Force -Web,48,0,0.0
123,transformer_L64,phase5_matched,validation,maximum_macro_f1,0.05581173300743103,Brute Force -XSS,11,0,0.0
123,transformer_L64,phase5_matched,validation,maximum_macro_f1,0.05581173300743103,DDOS attack-HOIC,0,0,
123,transformer_L64,phase5_matched,validation,maximum_macro_f1,0.05581173300743103,DDOS attack-LOIC-UDP,0,0,
123,transformer_L64,phase5_matched,validation,maximum_macro_f1,0.05581173300743103,DDoS attacks-LOIC-HTTP,0,0,
123,transformer_L64,phase5_matched,validation,maximum_macro_f1,0.05581173300743103,DoS attacks-GoldenEye,0,0,
123,transformer_L64,phase5_matched,validation,maximum_macro_f1,0.05581173300743103,DoS attacks-Hulk,0,0,
123,transformer_L64,phase5_matched,validation,maximum_macro_f1,0.05581173300743103,DoS attacks-SlowHTTPTest,0,0,
123,transformer_L64,phase5_matched,validation,maximum_macro_f1,0.05581173300743103,DoS attacks-Slowloris,0,0,
123,transformer_L64,phase5_matched,validation,maximum_macro_f1,0.05581173300743103,FTP-BruteForce,0,0,
123,transformer_L64,phase5_matched,validation,maximum_macro_f1,0.05581173300743103,Infilteration,8551,801,0.09367325459010642
123,transformer_L64,phase5_matched,validation,maximum_macro_f1,0.05581173300743103,SQL Injection,4,0,0.0
123,transformer_L64,phase5_matched,validation,maximum_macro_f1,0.05581173300743103,SSH-Bruteforce,0,0,
123,transformer_L64,phase5_matched,validation,fpr_at_most_0.01,0.9945336580276489,Bot,0,0,
123,transformer_L64,phase5_matched,validation,fpr_at_most_0.01,0.9945336580276489,Brute Force -Web,48,0,0.0
123,transformer_L64,phase5_matched,validation,fpr_at_most_0.01,0.9945336580276489,Brute Force -XSS,11,0,0.0
123,transformer_L64,phase5_matched,validation,fpr_at_most_0.01,0.9945336580276489,DDOS attack-HOIC,0,0,
123,transformer_L64,phase5_matched,validation,fpr_at_most_0.01,0.9945336580276489,DDOS attack-LOIC-UDP,0,0,
123,transformer_L64,phase5_matched,validation,fpr_at_most_0.01,0.9945336580276489,DDoS attacks-LOIC-HTTP,0,0,
123,transformer_L64,phase5_matched,validation,fpr_at_most_0.01,0.9945336580276489,DoS attacks-GoldenEye,0,0,
123,transformer_L64,phase5_matched,validation,fpr_at_most_0.01,0.9945336580276489,DoS attacks-Hulk,0,0,
123,transformer_L64,phase5_matched,validation,fpr_at_most_0.01,0.9945336580276489,DoS attacks-SlowHTTPTest,0,0,
123,transformer_L64,phase5_matched,validation,fpr_at_most_0.01,0.9945336580276489,DoS attacks-Slowloris,0,0,
123,transformer_L64,phase5_matched,validation,fpr_at_most_0.01,0.9945336580276489,FTP-BruteForce,0,0,
123,transformer_L64,phase5_matched,validation,fpr_at_most_0.01,0.9945336580276489,Infilteration,8551,500,0.0584726932522512
123,transformer_L64,phase5_matched,validation,fpr_at_most_0.01,0.9945336580276489,SQL Injection,4,0,0.0
123,transformer_L64,phase5_matched,validation,fpr_at_most_0.01,0.9945336580276489,SSH-Bruteforce,0,0,
123,transformer_L64,phase5_matched,validation,fpr_at_most_0.005,0.996577799320221,Bot,0,0,
123,transformer_L64,phase5_matched,validation,fpr_at_most_0.005,0.996577799320221,Brute Force -Web,48,0,0.0
123,transformer_L64,phase5_matched,validation,fpr_at_most_0.005,0.996577799320221,Brute Force -XSS,11,0,0.0
123,transformer_L64,phase5_matched,validation,fpr_at_most_0.005,0.996577799320221,DDOS attack-HOIC,0,0,
123,transformer_L64,phase5_matched,validation,fpr_at_most_0.005,0.996577799320221,DDOS attack-LOIC-UDP,0,0,
123,transformer_L64,phase5_matched,validation,fpr_at_most_0.005,0.996577799320221,DDoS attacks-LOIC-HTTP,0,0,
123,transformer_L64,phase5_matched,validation,fpr_at_most_0.005,0.996577799320221,DoS attacks-GoldenEye,0,0,
123,transformer_L64,phase5_matched,validation,fpr_at_most_0.005,0.996577799320221,DoS attacks-Hulk,0,0,
123,transformer_L64,phase5_matched,validation,fpr_at_most_0.005,0.996577799320221,DoS attacks-SlowHTTPTest,0,0,
123,transformer_L64,phase5_matched,validation,fpr_at_most_0.005,0.996577799320221,DoS attacks-Slowloris,0,0,
123,transformer_L64,phase5_matched,validation,fpr_at_most_0.005,0.996577799320221,FTP-BruteForce,0,0,
123,transformer_L64,phase5_matched,validation,fpr_at_most_0.005,0.996577799320221,Infilteration,8551,243,0.028417728920594083
123,transformer_L64,phase5_matched,validation,fpr_at_most_0.005,0.996577799320221,SQL Injection,4,0,0.0
123,transformer_L64,phase5_matched,validation,fpr_at_most_0.005,0.996577799320221,SSH-Bruteforce,0,0,
123,transformer_L64,phase5_matched,validation,fpr_at_most_0.001,0.9968094229698181,Bot,0,0,
123,transformer_L64,phase5_matched,validation,fpr_at_most_0.001,0.9968094229698181,Brute Force -Web,48,0,0.0
123,transformer_L64,phase5_matched,validation,fpr_at_most_0.001,0.9968094229698181,Brute Force -XSS,11,0,0.0
123,transformer_L64,phase5_matched,validation,fpr_at_most_0.001,0.9968094229698181,DDOS attack-HOIC,0,0,
123,transformer_L64,phase5_matched,validation,fpr_at_most_0.001,0.9968094229698181,DDOS attack-LOIC-UDP,0,0,
123,transformer_L64,phase5_matched,validation,fpr_at_most_0.001,0.9968094229698181,DDoS attacks-LOIC-HTTP,0,0,
123,transformer_L64,phase5_matched,validation,fpr_at_most_0.001,0.9968094229698181,DoS attacks-GoldenEye,0,0,
123,transformer_L64,phase5_matched,validation,fpr_at_most_0.001,0.9968094229698181,DoS attacks-Hulk,0,0,
123,transformer_L64,phase5_matched,validation,fpr_at_most_0.001,0.9968094229698181,DoS attacks-SlowHTTPTest,0,0,
123,transformer_L64,phase5_matched,validation,fpr_at_most_0.001,0.9968094229698181,DoS attacks-Slowloris,0,0,
123,transformer_L64,phase5_matched,validation,fpr_at_most_0.001,0.9968094229698181,FTP-BruteForce,0,0,
123,transformer_L64,phase5_matched,validation,fpr_at_most_0.001,0.9968094229698181,Infilteration,8551,52,0.006081160098234124
123,transformer_L64,phase5_matched,validation,fpr_at_most_0.001,0.9968094229698181,SQL Injection,4,0,0.0
123,transformer_L64,phase5_matched,validation,fpr_at_most_0.001,0.9968094229698181,SSH-Bruteforce,0,0,
123,transformer_L64,phase5_matched,test,fixed_0_5,0.5,Bot,35326,0,0.0
123,transformer_L64,phase5_matched,test,fixed_0_5,0.5,Brute Force -Web,0,0,
123,transformer_L64,phase5_matched,test,fixed_0_5,0.5,Brute Force -XSS,0,0,
123,transformer_L64,phase5_matched,test,fixed_0_5,0.5,DDOS attack-HOIC,0,0,
123,transformer_L64,phase5_matched,test,fixed_0_5,0.5,DDOS attack-LOIC-UDP,0,0,
123,transformer_L64,phase5_matched,test,fixed_0_5,0.5,DDoS attacks-LOIC-HTTP,0,0,
123,transformer_L64,phase5_matched,test,fixed_0_5,0.5,DoS attacks-GoldenEye,0,0,
123,transformer_L64,phase5_matched,test,fixed_0_5,0.5,DoS attacks-Hulk,0,0,
123,transformer_L64,phase5_matched,test,fixed_0_5,0.5,DoS attacks-SlowHTTPTest,0,0,
123,transformer_L64,phase5_matched,test,fixed_0_5,0.5,DoS attacks-Slowloris,0,0,
123,transformer_L64,phase5_matched,test,fixed_0_5,0.5,FTP-BruteForce,0,0,
123,transformer_L64,phase5_matched,test,fixed_0_5,0.5,Infilteration,11632,1003,0.08622764786795048
123,transformer_L64,phase5_matched,test,fixed_0_5,0.5,SQL Injection,0,0,
123,transformer_L64,phase5_matched,test,fixed_0_5,0.5,SSH-Bruteforce,0,0,
123,transformer_L64,phase5_matched,test,maximum_macro_f1,0.05581173300743103,Bot,35326,88,0.002491083054973674
123,transformer_L64,phase5_matched,test,maximum_macro_f1,0.05581173300743103,Brute Force -Web,0,0,
123,transformer_L64,phase5_matched,test,maximum_macro_f1,0.05581173300743103,Brute Force -XSS,0,0,
123,transformer_L64,phase5_matched,test,maximum_macro_f1,0.05581173300743103,DDOS attack-HOIC,0,0,
123,transformer_L64,phase5_matched,test,maximum_macro_f1,0.05581173300743103,DDOS attack-LOIC-UDP,0,0,
123,transformer_L64,phase5_matched,test,maximum_macro_f1,0.05581173300743103,DDoS attacks-LOIC-HTTP,0,0,
123,transformer_L64,phase5_matched,test,maximum_macro_f1,0.05581173300743103,DoS attacks-GoldenEye,0,0,
123,transformer_L64,phase5_matched,test,maximum_macro_f1,0.05581173300743103,DoS attacks-Hulk,0,0,
123,transformer_L64,phase5_matched,test,maximum_macro_f1,0.05581173300743103,DoS attacks-SlowHTTPTest,0,0,
123,transformer_L64,phase5_matched,test,maximum_macro_f1,0.05581173300743103,DoS attacks-Slowloris,0,0,
123,transformer_L64,phase5_matched,test,maximum_macro_f1,0.05581173300743103,FTP-BruteForce,0,0,
123,transformer_L64,phase5_matched,test,maximum_macro_f1,0.05581173300743103,Infilteration,11632,1183,0.1017022008253095
123,transformer_L64,phase5_matched,test,maximum_macro_f1,0.05581173300743103,SQL Injection,0,0,
123,transformer_L64,phase5_matched,test,maximum_macro_f1,0.05581173300743103,SSH-Bruteforce,0,0,
123,transformer_L64,phase5_matched,test,fpr_at_most_0.01,0.9945336580276489,Bot,35326,0,0.0
123,transformer_L64,phase5_matched,test,fpr_at_most_0.01,0.9945336580276489,Brute Force -Web,0,0,
123,transformer_L64,phase5_matched,test,fpr_at_most_0.01,0.9945336580276489,Brute Force -XSS,0,0,
123,transformer_L64,phase5_matched,test,fpr_at_most_0.01,0.9945336580276489,DDOS attack-HOIC,0,0,
123,transformer_L64,phase5_matched,test,fpr_at_most_0.01,0.9945336580276489,DDOS attack-LOIC-UDP,0,0,
123,transformer_L64,phase5_matched,test,fpr_at_most_0.01,0.9945336580276489,DDoS attacks-LOIC-HTTP,0,0,
123,transformer_L64,phase5_matched,test,fpr_at_most_0.01,0.9945336580276489,DoS attacks-GoldenEye,0,0,
123,transformer_L64,phase5_matched,test,fpr_at_most_0.01,0.9945336580276489,DoS attacks-Hulk,0,0,
123,transformer_L64,phase5_matched,test,fpr_at_most_0.01,0.9945336580276489,DoS attacks-SlowHTTPTest,0,0,
123,transformer_L64,phase5_matched,test,fpr_at_most_0.01,0.9945336580276489,DoS attacks-Slowloris,0,0,
123,transformer_L64,phase5_matched,test,fpr_at_most_0.01,0.9945336580276489,FTP-BruteForce,0,0,
123,transformer_L64,phase5_matched,test,fpr_at_most_0.01,0.9945336580276489,Infilteration,11632,655,0.0563101788170564
123,transformer_L64,phase5_matched,test,fpr_at_most_0.01,0.9945336580276489,SQL Injection,0,0,
123,transformer_L64,phase5_matched,test,fpr_at_most_0.01,0.9945336580276489,SSH-Bruteforce,0,0,
123,transformer_L64,phase5_matched,test,fpr_at_most_0.005,0.996577799320221,Bot,35326,0,0.0
123,transformer_L64,phase5_matched,test,fpr_at_most_0.005,0.996577799320221,Brute Force -Web,0,0,
123,transformer_L64,phase5_matched,test,fpr_at_most_0.005,0.996577799320221,Brute Force -XSS,0,0,
123,transformer_L64,phase5_matched,test,fpr_at_most_0.005,0.996577799320221,DDOS attack-HOIC,0,0,
123,transformer_L64,phase5_matched,test,fpr_at_most_0.005,0.996577799320221,DDOS attack-LOIC-UDP,0,0,
123,transformer_L64,phase5_matched,test,fpr_at_most_0.005,0.996577799320221,DDoS attacks-LOIC-HTTP,0,0,
123,transformer_L64,phase5_matched,test,fpr_at_most_0.005,0.996577799320221,DoS attacks-GoldenEye,0,0,
123,transformer_L64,phase5_matched,test,fpr_at_most_0.005,0.996577799320221,DoS attacks-Hulk,0,0,
123,transformer_L64,phase5_matched,test,fpr_at_most_0.005,0.996577799320221,DoS attacks-SlowHTTPTest,0,0,
123,transformer_L64,phase5_matched,test,fpr_at_most_0.005,0.996577799320221,DoS attacks-Slowloris,0,0,
123,transformer_L64,phase5_matched,test,fpr_at_most_0.005,0.996577799320221,FTP-BruteForce,0,0,
123,transformer_L64,phase5_matched,test,fpr_at_most_0.005,0.996577799320221,Infilteration,11632,296,0.02544704264099037
123,transformer_L64,phase5_matched,test,fpr_at_most_0.005,0.996577799320221,SQL Injection,0,0,
123,transformer_L64,phase5_matched,test,fpr_at_most_0.005,0.996577799320221,SSH-Bruteforce,0,0,
123,transformer_L64,phase5_matched,test,fpr_at_most_0.001,0.9968094229698181,Bot,35326,0,0.0
123,transformer_L64,phase5_matched,test,fpr_at_most_0.001,0.9968094229698181,Brute Force -Web,0,0,
123,transformer_L64,phase5_matched,test,fpr_at_most_0.001,0.9968094229698181,Brute Force -XSS,0,0,
123,transformer_L64,phase5_matched,test,fpr_at_most_0.001,0.9968094229698181,DDOS attack-HOIC,0,0,
123,transformer_L64,phase5_matched,test,fpr_at_most_0.001,0.9968094229698181,DDOS attack-LOIC-UDP,0,0,
123,transformer_L64,phase5_matched,test,fpr_at_most_0.001,0.9968094229698181,DDoS attacks-LOIC-HTTP,0,0,
123,transformer_L64,phase5_matched,test,fpr_at_most_0.001,0.9968094229698181,DoS attacks-GoldenEye,0,0,
123,transformer_L64,phase5_matched,test,fpr_at_most_0.001,0.9968094229698181,DoS attacks-Hulk,0,0,
123,transformer_L64,phase5_matched,test,fpr_at_most_0.001,0.9968094229698181,DoS attacks-SlowHTTPTest,0,0,
123,transformer_L64,phase5_matched,test,fpr_at_most_0.001,0.9968094229698181,DoS attacks-Slowloris,0,0,
123,transformer_L64,phase5_matched,test,fpr_at_most_0.001,0.9968094229698181,FTP-BruteForce,0,0,
123,transformer_L64,phase5_matched,test,fpr_at_most_0.001,0.9968094229698181,Infilteration,11632,50,0.004298486932599725
123,transformer_L64,phase5_matched,test,fpr_at_most_0.001,0.9968094229698181,SQL Injection,0,0,
123,transformer_L64,phase5_matched,test,fpr_at_most_0.001,0.9968094229698181,SSH-Bruteforce,0,0,
123,autoencoder_B,full_dataset,validation,benign_fpr_at_most_0.05,0.07832950544848798,Bot,0,0,
123,autoencoder_B,full_dataset,validation,benign_fpr_at_most_0.05,0.07832950544848798,Brute Force -Web,362,191,0.5276243093922652
123,autoencoder_B,full_dataset,validation,benign_fpr_at_most_0.05,0.07832950544848798,Brute Force -XSS,151,77,0.5099337748344371
123,autoencoder_B,full_dataset,validation,benign_fpr_at_most_0.05,0.07832950544848798,DDOS attack-HOIC,0,0,
123,autoencoder_B,full_dataset,validation,benign_fpr_at_most_0.05,0.07832950544848798,DDOS attack-LOIC-UDP,0,0,
123,autoencoder_B,full_dataset,validation,benign_fpr_at_most_0.05,0.07832950544848798,DDoS attacks-LOIC-HTTP,0,0,
123,autoencoder_B,full_dataset,validation,benign_fpr_at_most_0.05,0.07832950544848798,DoS attacks-GoldenEye,0,0,
123,autoencoder_B,full_dataset,validation,benign_fpr_at_most_0.05,0.07832950544848798,DoS attacks-Hulk,0,0,
123,autoencoder_B,full_dataset,validation,benign_fpr_at_most_0.05,0.07832950544848798,DoS attacks-SlowHTTPTest,0,0,
123,autoencoder_B,full_dataset,validation,benign_fpr_at_most_0.05,0.07832950544848798,DoS attacks-Slowloris,0,0,
123,autoencoder_B,full_dataset,validation,benign_fpr_at_most_0.05,0.07832950544848798,FTP-BruteForce,0,0,
123,autoencoder_B,full_dataset,validation,benign_fpr_at_most_0.05,0.07832950544848798,Infilteration,68857,7708,0.11194214095879867
123,autoencoder_B,full_dataset,validation,benign_fpr_at_most_0.05,0.07832950544848798,SQL Injection,53,5,0.09433962264150944
123,autoencoder_B,full_dataset,validation,benign_fpr_at_most_0.05,0.07832950544848798,SSH-Bruteforce,0,0,
123,autoencoder_B,full_dataset,validation,benign_fpr_at_most_0.01,0.24862767327293328,Bot,0,0,
123,autoencoder_B,full_dataset,validation,benign_fpr_at_most_0.01,0.24862767327293328,Brute Force -Web,362,188,0.5193370165745856
123,autoencoder_B,full_dataset,validation,benign_fpr_at_most_0.01,0.24862767327293328,Brute Force -XSS,151,76,0.5033112582781457
123,autoencoder_B,full_dataset,validation,benign_fpr_at_most_0.01,0.24862767327293328,DDOS attack-HOIC,0,0,
123,autoencoder_B,full_dataset,validation,benign_fpr_at_most_0.01,0.24862767327293328,DDOS attack-LOIC-UDP,0,0,
123,autoencoder_B,full_dataset,validation,benign_fpr_at_most_0.01,0.24862767327293328,DDoS attacks-LOIC-HTTP,0,0,
123,autoencoder_B,full_dataset,validation,benign_fpr_at_most_0.01,0.24862767327293328,DoS attacks-GoldenEye,0,0,
123,autoencoder_B,full_dataset,validation,benign_fpr_at_most_0.01,0.24862767327293328,DoS attacks-Hulk,0,0,
123,autoencoder_B,full_dataset,validation,benign_fpr_at_most_0.01,0.24862767327293328,DoS attacks-SlowHTTPTest,0,0,
123,autoencoder_B,full_dataset,validation,benign_fpr_at_most_0.01,0.24862767327293328,DoS attacks-Slowloris,0,0,
123,autoencoder_B,full_dataset,validation,benign_fpr_at_most_0.01,0.24862767327293328,FTP-BruteForce,0,0,
123,autoencoder_B,full_dataset,validation,benign_fpr_at_most_0.01,0.24862767327293328,Infilteration,68857,1699,0.02467432505046691
123,autoencoder_B,full_dataset,validation,benign_fpr_at_most_0.01,0.24862767327293328,SQL Injection,53,2,0.03773584905660377
123,autoencoder_B,full_dataset,validation,benign_fpr_at_most_0.01,0.24862767327293328,SSH-Bruteforce,0,0,
123,autoencoder_B,full_dataset,validation,benign_fpr_at_most_0.005,0.44913815686184566,Bot,0,0,
123,autoencoder_B,full_dataset,validation,benign_fpr_at_most_0.005,0.44913815686184566,Brute Force -Web,362,127,0.35082872928176795
123,autoencoder_B,full_dataset,validation,benign_fpr_at_most_0.005,0.44913815686184566,Brute Force -XSS,151,76,0.5033112582781457
123,autoencoder_B,full_dataset,validation,benign_fpr_at_most_0.005,0.44913815686184566,DDOS attack-HOIC,0,0,
123,autoencoder_B,full_dataset,validation,benign_fpr_at_most_0.005,0.44913815686184566,DDOS attack-LOIC-UDP,0,0,
123,autoencoder_B,full_dataset,validation,benign_fpr_at_most_0.005,0.44913815686184566,DDoS attacks-LOIC-HTTP,0,0,
123,autoencoder_B,full_dataset,validation,benign_fpr_at_most_0.005,0.44913815686184566,DoS attacks-GoldenEye,0,0,
123,autoencoder_B,full_dataset,validation,benign_fpr_at_most_0.005,0.44913815686184566,DoS attacks-Hulk,0,0,
123,autoencoder_B,full_dataset,validation,benign_fpr_at_most_0.005,0.44913815686184566,DoS attacks-SlowHTTPTest,0,0,
123,autoencoder_B,full_dataset,validation,benign_fpr_at_most_0.005,0.44913815686184566,DoS attacks-Slowloris,0,0,
123,autoencoder_B,full_dataset,validation,benign_fpr_at_most_0.005,0.44913815686184566,FTP-BruteForce,0,0,
123,autoencoder_B,full_dataset,validation,benign_fpr_at_most_0.005,0.44913815686184566,Infilteration,68857,680,0.009875539160869628
123,autoencoder_B,full_dataset,validation,benign_fpr_at_most_0.005,0.44913815686184566,SQL Injection,53,2,0.03773584905660377
123,autoencoder_B,full_dataset,validation,benign_fpr_at_most_0.005,0.44913815686184566,SSH-Bruteforce,0,0,
123,autoencoder_B,full_dataset,validation,benign_fpr_at_most_0.001,1.1337894625766662,Bot,0,0,
123,autoencoder_B,full_dataset,validation,benign_fpr_at_most_0.001,1.1337894625766662,Brute Force -Web,362,0,0.0
123,autoencoder_B,full_dataset,validation,benign_fpr_at_most_0.001,1.1337894625766662,Brute Force -XSS,151,0,0.0
123,autoencoder_B,full_dataset,validation,benign_fpr_at_most_0.001,1.1337894625766662,DDOS attack-HOIC,0,0,
123,autoencoder_B,full_dataset,validation,benign_fpr_at_most_0.001,1.1337894625766662,DDOS attack-LOIC-UDP,0,0,
123,autoencoder_B,full_dataset,validation,benign_fpr_at_most_0.001,1.1337894625766662,DDoS attacks-LOIC-HTTP,0,0,
123,autoencoder_B,full_dataset,validation,benign_fpr_at_most_0.001,1.1337894625766662,DoS attacks-GoldenEye,0,0,
123,autoencoder_B,full_dataset,validation,benign_fpr_at_most_0.001,1.1337894625766662,DoS attacks-Hulk,0,0,
123,autoencoder_B,full_dataset,validation,benign_fpr_at_most_0.001,1.1337894625766662,DoS attacks-SlowHTTPTest,0,0,
123,autoencoder_B,full_dataset,validation,benign_fpr_at_most_0.001,1.1337894625766662,DoS attacks-Slowloris,0,0,
123,autoencoder_B,full_dataset,validation,benign_fpr_at_most_0.001,1.1337894625766662,FTP-BruteForce,0,0,
123,autoencoder_B,full_dataset,validation,benign_fpr_at_most_0.001,1.1337894625766662,Infilteration,68857,25,0.00036307129267903045
123,autoencoder_B,full_dataset,validation,benign_fpr_at_most_0.001,1.1337894625766662,SQL Injection,53,0,0.0
123,autoencoder_B,full_dataset,validation,benign_fpr_at_most_0.001,1.1337894625766662,SSH-Bruteforce,0,0,
123,autoencoder_B,full_dataset,test,benign_fpr_at_most_0.05,0.07832950544848798,Bot,282310,941,0.0033332152598207643
123,autoencoder_B,full_dataset,test,benign_fpr_at_most_0.05,0.07832950544848798,Brute Force -Web,0,0,
123,autoencoder_B,full_dataset,test,benign_fpr_at_most_0.05,0.07832950544848798,Brute Force -XSS,0,0,
123,autoencoder_B,full_dataset,test,benign_fpr_at_most_0.05,0.07832950544848798,DDOS attack-HOIC,0,0,
123,autoencoder_B,full_dataset,test,benign_fpr_at_most_0.05,0.07832950544848798,DDOS attack-LOIC-UDP,0,0,
123,autoencoder_B,full_dataset,test,benign_fpr_at_most_0.05,0.07832950544848798,DDoS attacks-LOIC-HTTP,0,0,
123,autoencoder_B,full_dataset,test,benign_fpr_at_most_0.05,0.07832950544848798,DoS attacks-GoldenEye,0,0,
123,autoencoder_B,full_dataset,test,benign_fpr_at_most_0.05,0.07832950544848798,DoS attacks-Hulk,0,0,
123,autoencoder_B,full_dataset,test,benign_fpr_at_most_0.05,0.07832950544848798,DoS attacks-SlowHTTPTest,0,0,
123,autoencoder_B,full_dataset,test,benign_fpr_at_most_0.05,0.07832950544848798,DoS attacks-Slowloris,0,0,
123,autoencoder_B,full_dataset,test,benign_fpr_at_most_0.05,0.07832950544848798,FTP-BruteForce,0,0,
123,autoencoder_B,full_dataset,test,benign_fpr_at_most_0.05,0.07832950544848798,Infilteration,93040,12142,0.13050300945829751
123,autoencoder_B,full_dataset,test,benign_fpr_at_most_0.05,0.07832950544848798,SQL Injection,0,0,
123,autoencoder_B,full_dataset,test,benign_fpr_at_most_0.05,0.07832950544848798,SSH-Bruteforce,0,0,
123,autoencoder_B,full_dataset,test,benign_fpr_at_most_0.01,0.24862767327293328,Bot,282310,203,0.0007190676915447558
123,autoencoder_B,full_dataset,test,benign_fpr_at_most_0.01,0.24862767327293328,Brute Force -Web,0,0,
123,autoencoder_B,full_dataset,test,benign_fpr_at_most_0.01,0.24862767327293328,Brute Force -XSS,0,0,
123,autoencoder_B,full_dataset,test,benign_fpr_at_most_0.01,0.24862767327293328,DDOS attack-HOIC,0,0,
123,autoencoder_B,full_dataset,test,benign_fpr_at_most_0.01,0.24862767327293328,DDOS attack-LOIC-UDP,0,0,
123,autoencoder_B,full_dataset,test,benign_fpr_at_most_0.01,0.24862767327293328,DDoS attacks-LOIC-HTTP,0,0,
123,autoencoder_B,full_dataset,test,benign_fpr_at_most_0.01,0.24862767327293328,DoS attacks-GoldenEye,0,0,
123,autoencoder_B,full_dataset,test,benign_fpr_at_most_0.01,0.24862767327293328,DoS attacks-Hulk,0,0,
123,autoencoder_B,full_dataset,test,benign_fpr_at_most_0.01,0.24862767327293328,DoS attacks-SlowHTTPTest,0,0,
123,autoencoder_B,full_dataset,test,benign_fpr_at_most_0.01,0.24862767327293328,DoS attacks-Slowloris,0,0,
123,autoencoder_B,full_dataset,test,benign_fpr_at_most_0.01,0.24862767327293328,FTP-BruteForce,0,0,
123,autoencoder_B,full_dataset,test,benign_fpr_at_most_0.01,0.24862767327293328,Infilteration,93040,2446,0.026289767841788478
123,autoencoder_B,full_dataset,test,benign_fpr_at_most_0.01,0.24862767327293328,SQL Injection,0,0,
123,autoencoder_B,full_dataset,test,benign_fpr_at_most_0.01,0.24862767327293328,SSH-Bruteforce,0,0,
123,autoencoder_B,full_dataset,test,benign_fpr_at_most_0.005,0.44913815686184566,Bot,282310,156,0.000552584038822571
123,autoencoder_B,full_dataset,test,benign_fpr_at_most_0.005,0.44913815686184566,Brute Force -Web,0,0,
123,autoencoder_B,full_dataset,test,benign_fpr_at_most_0.005,0.44913815686184566,Brute Force -XSS,0,0,
123,autoencoder_B,full_dataset,test,benign_fpr_at_most_0.005,0.44913815686184566,DDOS attack-HOIC,0,0,
123,autoencoder_B,full_dataset,test,benign_fpr_at_most_0.005,0.44913815686184566,DDOS attack-LOIC-UDP,0,0,
123,autoencoder_B,full_dataset,test,benign_fpr_at_most_0.005,0.44913815686184566,DDoS attacks-LOIC-HTTP,0,0,
123,autoencoder_B,full_dataset,test,benign_fpr_at_most_0.005,0.44913815686184566,DoS attacks-GoldenEye,0,0,
123,autoencoder_B,full_dataset,test,benign_fpr_at_most_0.005,0.44913815686184566,DoS attacks-Hulk,0,0,
123,autoencoder_B,full_dataset,test,benign_fpr_at_most_0.005,0.44913815686184566,DoS attacks-SlowHTTPTest,0,0,
123,autoencoder_B,full_dataset,test,benign_fpr_at_most_0.005,0.44913815686184566,DoS attacks-Slowloris,0,0,
123,autoencoder_B,full_dataset,test,benign_fpr_at_most_0.005,0.44913815686184566,FTP-BruteForce,0,0,
123,autoencoder_B,full_dataset,test,benign_fpr_at_most_0.005,0.44913815686184566,Infilteration,93040,548,0.0058899398108340495
123,autoencoder_B,full_dataset,test,benign_fpr_at_most_0.005,0.44913815686184566,SQL Injection,0,0,
123,autoencoder_B,full_dataset,test,benign_fpr_at_most_0.005,0.44913815686184566,SSH-Bruteforce,0,0,
123,autoencoder_B,full_dataset,test,benign_fpr_at_most_0.001,1.1337894625766662,Bot,282310,109,0.0003861003861003861
123,autoencoder_B,full_dataset,test,benign_fpr_at_most_0.001,1.1337894625766662,Brute Force -Web,0,0,
123,autoencoder_B,full_dataset,test,benign_fpr_at_most_0.001,1.1337894625766662,Brute Force -XSS,0,0,
123,autoencoder_B,full_dataset,test,benign_fpr_at_most_0.001,1.1337894625766662,DDOS attack-HOIC,0,0,
123,autoencoder_B,full_dataset,test,benign_fpr_at_most_0.001,1.1337894625766662,DDOS attack-LOIC-UDP,0,0,
123,autoencoder_B,full_dataset,test,benign_fpr_at_most_0.001,1.1337894625766662,DDoS attacks-LOIC-HTTP,0,0,
123,autoencoder_B,full_dataset,test,benign_fpr_at_most_0.001,1.1337894625766662,DoS attacks-GoldenEye,0,0,
123,autoencoder_B,full_dataset,test,benign_fpr_at_most_0.001,1.1337894625766662,DoS attacks-Hulk,0,0,
123,autoencoder_B,full_dataset,test,benign_fpr_at_most_0.001,1.1337894625766662,DoS attacks-SlowHTTPTest,0,0,
123,autoencoder_B,full_dataset,test,benign_fpr_at_most_0.001,1.1337894625766662,DoS attacks-Slowloris,0,0,
123,autoencoder_B,full_dataset,test,benign_fpr_at_most_0.001,1.1337894625766662,FTP-BruteForce,0,0,
123,autoencoder_B,full_dataset,test,benign_fpr_at_most_0.001,1.1337894625766662,Infilteration,93040,46,0.0004944110060189166
123,autoencoder_B,full_dataset,test,benign_fpr_at_most_0.001,1.1337894625766662,SQL Injection,0,0,
123,autoencoder_B,full_dataset,test,benign_fpr_at_most_0.001,1.1337894625766662,SSH-Bruteforce,0,0,
123,logistic_regression,phase5_matched,validation,fixed_0_5,0.5,Bot,0,0,
123,logistic_regression,phase5_matched,validation,fixed_0_5,0.5,Brute Force -Web,48,4,0.08333333333333333
123,logistic_regression,phase5_matched,validation,fixed_0_5,0.5,Brute Force -XSS,11,4,0.36363636363636365
123,logistic_regression,phase5_matched,validation,fixed_0_5,0.5,DDOS attack-HOIC,0,0,
123,logistic_regression,phase5_matched,validation,fixed_0_5,0.5,DDOS attack-LOIC-UDP,0,0,
123,logistic_regression,phase5_matched,validation,fixed_0_5,0.5,DDoS attacks-LOIC-HTTP,0,0,
123,logistic_regression,phase5_matched,validation,fixed_0_5,0.5,DoS attacks-GoldenEye,0,0,
123,logistic_regression,phase5_matched,validation,fixed_0_5,0.5,DoS attacks-Hulk,0,0,
123,logistic_regression,phase5_matched,validation,fixed_0_5,0.5,DoS attacks-SlowHTTPTest,0,0,
123,logistic_regression,phase5_matched,validation,fixed_0_5,0.5,DoS attacks-Slowloris,0,0,
123,logistic_regression,phase5_matched,validation,fixed_0_5,0.5,FTP-BruteForce,0,0,
123,logistic_regression,phase5_matched,validation,fixed_0_5,0.5,Infilteration,8551,616,0.07203835808677347
123,logistic_regression,phase5_matched,validation,fixed_0_5,0.5,SQL Injection,4,0,0.0
123,logistic_regression,phase5_matched,validation,fixed_0_5,0.5,SSH-Bruteforce,0,0,
123,logistic_regression,phase5_matched,validation,fpr_at_most_0.01,0.9831206798553467,Bot,0,0,
123,logistic_regression,phase5_matched,validation,fpr_at_most_0.01,0.9831206798553467,Brute Force -Web,48,0,0.0
123,logistic_regression,phase5_matched,validation,fpr_at_most_0.01,0.9831206798553467,Brute Force -XSS,11,0,0.0
123,logistic_regression,phase5_matched,validation,fpr_at_most_0.01,0.9831206798553467,DDOS attack-HOIC,0,0,
123,logistic_regression,phase5_matched,validation,fpr_at_most_0.01,0.9831206798553467,DDOS attack-LOIC-UDP,0,0,
123,logistic_regression,phase5_matched,validation,fpr_at_most_0.01,0.9831206798553467,DDoS attacks-LOIC-HTTP,0,0,
123,logistic_regression,phase5_matched,validation,fpr_at_most_0.01,0.9831206798553467,DoS attacks-GoldenEye,0,0,
123,logistic_regression,phase5_matched,validation,fpr_at_most_0.01,0.9831206798553467,DoS attacks-Hulk,0,0,
123,logistic_regression,phase5_matched,validation,fpr_at_most_0.01,0.9831206798553467,DoS attacks-SlowHTTPTest,0,0,
123,logistic_regression,phase5_matched,validation,fpr_at_most_0.01,0.9831206798553467,DoS attacks-Slowloris,0,0,
123,logistic_regression,phase5_matched,validation,fpr_at_most_0.01,0.9831206798553467,FTP-BruteForce,0,0,
123,logistic_regression,phase5_matched,validation,fpr_at_most_0.01,0.9831206798553467,Infilteration,8551,44,0.005145597006198105
123,logistic_regression,phase5_matched,validation,fpr_at_most_0.01,0.9831206798553467,SQL Injection,4,0,0.0
123,logistic_regression,phase5_matched,validation,fpr_at_most_0.01,0.9831206798553467,SSH-Bruteforce,0,0,
123,logistic_regression,phase5_matched,test,fixed_0_5,0.5,Bot,35326,0,0.0
123,logistic_regression,phase5_matched,test,fixed_0_5,0.5,Brute Force -Web,0,0,
123,logistic_regression,phase5_matched,test,fixed_0_5,0.5,Brute Force -XSS,0,0,
123,logistic_regression,phase5_matched,test,fixed_0_5,0.5,DDOS attack-HOIC,0,0,
123,logistic_regression,phase5_matched,test,fixed_0_5,0.5,DDOS attack-LOIC-UDP,0,0,
123,logistic_regression,phase5_matched,test,fixed_0_5,0.5,DDoS attacks-LOIC-HTTP,0,0,
123,logistic_regression,phase5_matched,test,fixed_0_5,0.5,DoS attacks-GoldenEye,0,0,
123,logistic_regression,phase5_matched,test,fixed_0_5,0.5,DoS attacks-Hulk,0,0,
123,logistic_regression,phase5_matched,test,fixed_0_5,0.5,DoS attacks-SlowHTTPTest,0,0,
123,logistic_regression,phase5_matched,test,fixed_0_5,0.5,DoS attacks-Slowloris,0,0,
123,logistic_regression,phase5_matched,test,fixed_0_5,0.5,FTP-BruteForce,0,0,
123,logistic_regression,phase5_matched,test,fixed_0_5,0.5,Infilteration,11632,394,0.03387207702888583
123,logistic_regression,phase5_matched,test,fixed_0_5,0.5,SQL Injection,0,0,
123,logistic_regression,phase5_matched,test,fixed_0_5,0.5,SSH-Bruteforce,0,0,
123,logistic_regression,phase5_matched,test,fpr_at_most_0.01,0.9831206798553467,Bot,35326,0,0.0
123,logistic_regression,phase5_matched,test,fpr_at_most_0.01,0.9831206798553467,Brute Force -Web,0,0,
123,logistic_regression,phase5_matched,test,fpr_at_most_0.01,0.9831206798553467,Brute Force -XSS,0,0,
123,logistic_regression,phase5_matched,test,fpr_at_most_0.01,0.9831206798553467,DDOS attack-HOIC,0,0,
123,logistic_regression,phase5_matched,test,fpr_at_most_0.01,0.9831206798553467,DDOS attack-LOIC-UDP,0,0,
123,logistic_regression,phase5_matched,test,fpr_at_most_0.01,0.9831206798553467,DDoS attacks-LOIC-HTTP,0,0,
123,logistic_regression,phase5_matched,test,fpr_at_most_0.01,0.9831206798553467,DoS attacks-GoldenEye,0,0,
123,logistic_regression,phase5_matched,test,fpr_at_most_0.01,0.9831206798553467,DoS attacks-Hulk,0,0,
123,logistic_regression,phase5_matched,test,fpr_at_most_0.01,0.9831206798553467,DoS attacks-SlowHTTPTest,0,0,
123,logistic_regression,phase5_matched,test,fpr_at_most_0.01,0.9831206798553467,DoS attacks-Slowloris,0,0,
123,logistic_regression,phase5_matched,test,fpr_at_most_0.01,0.9831206798553467,FTP-BruteForce,0,0,
123,logistic_regression,phase5_matched,test,fpr_at_most_0.01,0.9831206798553467,Infilteration,11632,59,0.005072214580467675
123,logistic_regression,phase5_matched,test,fpr_at_most_0.01,0.9831206798553467,SQL Injection,0,0,
123,logistic_regression,phase5_matched,test,fpr_at_most_0.01,0.9831206798553467,SSH-Bruteforce,0,0,
123,random_forest,phase5_matched,validation,fixed_0_5,0.5,Bot,0,0,
123,random_forest,phase5_matched,validation,fixed_0_5,0.5,Brute Force -Web,48,12,0.25
123,random_forest,phase5_matched,validation,fixed_0_5,0.5,Brute Force -XSS,11,1,0.09090909090909091
123,random_forest,phase5_matched,validation,fixed_0_5,0.5,DDOS attack-HOIC,0,0,
123,random_forest,phase5_matched,validation,fixed_0_5,0.5,DDOS attack-LOIC-UDP,0,0,
123,random_forest,phase5_matched,validation,fixed_0_5,0.5,DDoS attacks-LOIC-HTTP,0,0,
123,random_forest,phase5_matched,validation,fixed_0_5,0.5,DoS attacks-GoldenEye,0,0,
123,random_forest,phase5_matched,validation,fixed_0_5,0.5,DoS attacks-Hulk,0,0,
123,random_forest,phase5_matched,validation,fixed_0_5,0.5,DoS attacks-SlowHTTPTest,0,0,
123,random_forest,phase5_matched,validation,fixed_0_5,0.5,DoS attacks-Slowloris,0,0,
123,random_forest,phase5_matched,validation,fixed_0_5,0.5,FTP-BruteForce,0,0,
123,random_forest,phase5_matched,validation,fixed_0_5,0.5,Infilteration,8551,25,0.00292363466261256
123,random_forest,phase5_matched,validation,fixed_0_5,0.5,SQL Injection,4,0,0.0
123,random_forest,phase5_matched,validation,fixed_0_5,0.5,SSH-Bruteforce,0,0,
123,random_forest,phase5_matched,validation,fpr_at_most_0.01,0.23178273040160707,Bot,0,0,
123,random_forest,phase5_matched,validation,fpr_at_most_0.01,0.23178273040160707,Brute Force -Web,48,26,0.5416666666666666
123,random_forest,phase5_matched,validation,fpr_at_most_0.01,0.23178273040160707,Brute Force -XSS,11,8,0.7272727272727273
123,random_forest,phase5_matched,validation,fpr_at_most_0.01,0.23178273040160707,DDOS attack-HOIC,0,0,
123,random_forest,phase5_matched,validation,fpr_at_most_0.01,0.23178273040160707,DDOS attack-LOIC-UDP,0,0,
123,random_forest,phase5_matched,validation,fpr_at_most_0.01,0.23178273040160707,DDoS attacks-LOIC-HTTP,0,0,
123,random_forest,phase5_matched,validation,fpr_at_most_0.01,0.23178273040160707,DoS attacks-GoldenEye,0,0,
123,random_forest,phase5_matched,validation,fpr_at_most_0.01,0.23178273040160707,DoS attacks-Hulk,0,0,
123,random_forest,phase5_matched,validation,fpr_at_most_0.01,0.23178273040160707,DoS attacks-SlowHTTPTest,0,0,
123,random_forest,phase5_matched,validation,fpr_at_most_0.01,0.23178273040160707,DoS attacks-Slowloris,0,0,
123,random_forest,phase5_matched,validation,fpr_at_most_0.01,0.23178273040160707,FTP-BruteForce,0,0,
123,random_forest,phase5_matched,validation,fpr_at_most_0.01,0.23178273040160707,Infilteration,8551,221,0.02584493041749503
123,random_forest,phase5_matched,validation,fpr_at_most_0.01,0.23178273040160707,SQL Injection,4,0,0.0
123,random_forest,phase5_matched,validation,fpr_at_most_0.01,0.23178273040160707,SSH-Bruteforce,0,0,
123,random_forest,phase5_matched,test,fixed_0_5,0.5,Bot,35326,0,0.0
123,random_forest,phase5_matched,test,fixed_0_5,0.5,Brute Force -Web,0,0,
123,random_forest,phase5_matched,test,fixed_0_5,0.5,Brute Force -XSS,0,0,
123,random_forest,phase5_matched,test,fixed_0_5,0.5,DDOS attack-HOIC,0,0,
123,random_forest,phase5_matched,test,fixed_0_5,0.5,DDOS attack-LOIC-UDP,0,0,
123,random_forest,phase5_matched,test,fixed_0_5,0.5,DDoS attacks-LOIC-HTTP,0,0,
123,random_forest,phase5_matched,test,fixed_0_5,0.5,DoS attacks-GoldenEye,0,0,
123,random_forest,phase5_matched,test,fixed_0_5,0.5,DoS attacks-Hulk,0,0,
123,random_forest,phase5_matched,test,fixed_0_5,0.5,DoS attacks-SlowHTTPTest,0,0,
123,random_forest,phase5_matched,test,fixed_0_5,0.5,DoS attacks-Slowloris,0,0,
123,random_forest,phase5_matched,test,fixed_0_5,0.5,FTP-BruteForce,0,0,
123,random_forest,phase5_matched,test,fixed_0_5,0.5,Infilteration,11632,44,0.003782668500687758
123,random_forest,phase5_matched,test,fixed_0_5,0.5,SQL Injection,0,0,
123,random_forest,phase5_matched,test,fixed_0_5,0.5,SSH-Bruteforce,0,0,
123,random_forest,phase5_matched,test,fpr_at_most_0.01,0.23178273040160707,Bot,35326,7668,0.21706391892656968
123,random_forest,phase5_matched,test,fpr_at_most_0.01,0.23178273040160707,Brute Force -Web,0,0,
123,random_forest,phase5_matched,test,fpr_at_most_0.01,0.23178273040160707,Brute Force -XSS,0,0,
123,random_forest,phase5_matched,test,fpr_at_most_0.01,0.23178273040160707,DDOS attack-HOIC,0,0,
123,random_forest,phase5_matched,test,fpr_at_most_0.01,0.23178273040160707,DDOS attack-LOIC-UDP,0,0,
123,random_forest,phase5_matched,test,fpr_at_most_0.01,0.23178273040160707,DDoS attacks-LOIC-HTTP,0,0,
123,random_forest,phase5_matched,test,fpr_at_most_0.01,0.23178273040160707,DoS attacks-GoldenEye,0,0,
123,random_forest,phase5_matched,test,fpr_at_most_0.01,0.23178273040160707,DoS attacks-Hulk,0,0,
123,random_forest,phase5_matched,test,fpr_at_most_0.01,0.23178273040160707,DoS attacks-SlowHTTPTest,0,0,
123,random_forest,phase5_matched,test,fpr_at_most_0.01,0.23178273040160707,DoS attacks-Slowloris,0,0,
123,random_forest,phase5_matched,test,fpr_at_most_0.01,0.23178273040160707,FTP-BruteForce,0,0,
123,random_forest,phase5_matched,test,fpr_at_most_0.01,0.23178273040160707,Infilteration,11632,318,0.02733837689133425
123,random_forest,phase5_matched,test,fpr_at_most_0.01,0.23178273040160707,SQL Injection,0,0,
123,random_forest,phase5_matched,test,fpr_at_most_0.01,0.23178273040160707,SSH-Bruteforce,0,0,
123,xgboost,phase5_matched,validation,fixed_0_5,0.5,Bot,0,0,
123,xgboost,phase5_matched,validation,fixed_0_5,0.5,Brute Force -Web,48,27,0.5625
123,xgboost,phase5_matched,validation,fixed_0_5,0.5,Brute Force -XSS,11,9,0.8181818181818182
123,xgboost,phase5_matched,validation,fixed_0_5,0.5,DDOS attack-HOIC,0,0,
123,xgboost,phase5_matched,validation,fixed_0_5,0.5,DDOS attack-LOIC-UDP,0,0,
123,xgboost,phase5_matched,validation,fixed_0_5,0.5,DDoS attacks-LOIC-HTTP,0,0,
123,xgboost,phase5_matched,validation,fixed_0_5,0.5,DoS attacks-GoldenEye,0,0,
123,xgboost,phase5_matched,validation,fixed_0_5,0.5,DoS attacks-Hulk,0,0,
123,xgboost,phase5_matched,validation,fixed_0_5,0.5,DoS attacks-SlowHTTPTest,0,0,
123,xgboost,phase5_matched,validation,fixed_0_5,0.5,DoS attacks-Slowloris,0,0,
123,xgboost,phase5_matched,validation,fixed_0_5,0.5,FTP-BruteForce,0,0,
123,xgboost,phase5_matched,validation,fixed_0_5,0.5,Infilteration,8551,56,0.006548941644252134
123,xgboost,phase5_matched,validation,fixed_0_5,0.5,SQL Injection,4,4,1.0
123,xgboost,phase5_matched,validation,fixed_0_5,0.5,SSH-Bruteforce,0,0,
123,xgboost,phase5_matched,validation,fpr_at_most_0.01,0.004888053983449936,Bot,0,0,
123,xgboost,phase5_matched,validation,fpr_at_most_0.01,0.004888053983449936,Brute Force -Web,48,27,0.5625
123,xgboost,phase5_matched,validation,fpr_at_most_0.01,0.004888053983449936,Brute Force -XSS,11,11,1.0
123,xgboost,phase5_matched,validation,fpr_at_most_0.01,0.004888053983449936,DDOS attack-HOIC,0,0,
123,xgboost,phase5_matched,validation,fpr_at_most_0.01,0.004888053983449936,DDOS attack-LOIC-UDP,0,0,
123,xgboost,phase5_matched,validation,fpr_at_most_0.01,0.004888053983449936,DDoS attacks-LOIC-HTTP,0,0,
123,xgboost,phase5_matched,validation,fpr_at_most_0.01,0.004888053983449936,DoS attacks-GoldenEye,0,0,
123,xgboost,phase5_matched,validation,fpr_at_most_0.01,0.004888053983449936,DoS attacks-Hulk,0,0,
123,xgboost,phase5_matched,validation,fpr_at_most_0.01,0.004888053983449936,DoS attacks-SlowHTTPTest,0,0,
123,xgboost,phase5_matched,validation,fpr_at_most_0.01,0.004888053983449936,DoS attacks-Slowloris,0,0,
123,xgboost,phase5_matched,validation,fpr_at_most_0.01,0.004888053983449936,FTP-BruteForce,0,0,
123,xgboost,phase5_matched,validation,fpr_at_most_0.01,0.004888053983449936,Infilteration,8551,113,0.01321482867500877
123,xgboost,phase5_matched,validation,fpr_at_most_0.01,0.004888053983449936,SQL Injection,4,4,1.0
123,xgboost,phase5_matched,validation,fpr_at_most_0.01,0.004888053983449936,SSH-Bruteforce,0,0,
123,xgboost,phase5_matched,test,fixed_0_5,0.5,Bot,35326,0,0.0
123,xgboost,phase5_matched,test,fixed_0_5,0.5,Brute Force -Web,0,0,
123,xgboost,phase5_matched,test,fixed_0_5,0.5,Brute Force -XSS,0,0,
123,xgboost,phase5_matched,test,fixed_0_5,0.5,DDOS attack-HOIC,0,0,
123,xgboost,phase5_matched,test,fixed_0_5,0.5,DDOS attack-LOIC-UDP,0,0,
123,xgboost,phase5_matched,test,fixed_0_5,0.5,DDoS attacks-LOIC-HTTP,0,0,
123,xgboost,phase5_matched,test,fixed_0_5,0.5,DoS attacks-GoldenEye,0,0,
123,xgboost,phase5_matched,test,fixed_0_5,0.5,DoS attacks-Hulk,0,0,
123,xgboost,phase5_matched,test,fixed_0_5,0.5,DoS attacks-SlowHTTPTest,0,0,
123,xgboost,phase5_matched,test,fixed_0_5,0.5,DoS attacks-Slowloris,0,0,
123,xgboost,phase5_matched,test,fixed_0_5,0.5,FTP-BruteForce,0,0,
123,xgboost,phase5_matched,test,fixed_0_5,0.5,Infilteration,11632,70,0.0060178817056396145
123,xgboost,phase5_matched,test,fixed_0_5,0.5,SQL Injection,0,0,
123,xgboost,phase5_matched,test,fixed_0_5,0.5,SSH-Bruteforce,0,0,
123,xgboost,phase5_matched,test,fpr_at_most_0.01,0.004888053983449936,Bot,35326,0,0.0
123,xgboost,phase5_matched,test,fpr_at_most_0.01,0.004888053983449936,Brute Force -Web,0,0,
123,xgboost,phase5_matched,test,fpr_at_most_0.01,0.004888053983449936,Brute Force -XSS,0,0,
123,xgboost,phase5_matched,test,fpr_at_most_0.01,0.004888053983449936,DDOS attack-HOIC,0,0,
123,xgboost,phase5_matched,test,fpr_at_most_0.01,0.004888053983449936,DDOS attack-LOIC-UDP,0,0,
123,xgboost,phase5_matched,test,fpr_at_most_0.01,0.004888053983449936,DDoS attacks-LOIC-HTTP,0,0,
123,xgboost,phase5_matched,test,fpr_at_most_0.01,0.004888053983449936,DoS attacks-GoldenEye,0,0,
123,xgboost,phase5_matched,test,fpr_at_most_0.01,0.004888053983449936,DoS attacks-Hulk,0,0,
123,xgboost,phase5_matched,test,fpr_at_most_0.01,0.004888053983449936,DoS attacks-SlowHTTPTest,0,0,
123,xgboost,phase5_matched,test,fpr_at_most_0.01,0.004888053983449936,DoS attacks-Slowloris,0,0,
123,xgboost,phase5_matched,test,fpr_at_most_0.01,0.004888053983449936,FTP-BruteForce,0,0,
123,xgboost,phase5_matched,test,fpr_at_most_0.01,0.004888053983449936,Infilteration,11632,266,0.022867950481430536
123,xgboost,phase5_matched,test,fpr_at_most_0.01,0.004888053983449936,SQL Injection,0,0,
123,xgboost,phase5_matched,test,fpr_at_most_0.01,0.004888053983449936,SSH-Bruteforce,0,0,
123,mlp,phase5_matched,validation,fixed_0_5,0.5,Bot,0,0,
123,mlp,phase5_matched,validation,fixed_0_5,0.5,Brute Force -Web,48,20,0.4166666666666667
123,mlp,phase5_matched,validation,fixed_0_5,0.5,Brute Force -XSS,11,6,0.5454545454545454
123,mlp,phase5_matched,validation,fixed_0_5,0.5,DDOS attack-HOIC,0,0,
123,mlp,phase5_matched,validation,fixed_0_5,0.5,DDOS attack-LOIC-UDP,0,0,
123,mlp,phase5_matched,validation,fixed_0_5,0.5,DDoS attacks-LOIC-HTTP,0,0,
123,mlp,phase5_matched,validation,fixed_0_5,0.5,DoS attacks-GoldenEye,0,0,
123,mlp,phase5_matched,validation,fixed_0_5,0.5,DoS attacks-Hulk,0,0,
123,mlp,phase5_matched,validation,fixed_0_5,0.5,DoS attacks-SlowHTTPTest,0,0,
123,mlp,phase5_matched,validation,fixed_0_5,0.5,DoS attacks-Slowloris,0,0,
123,mlp,phase5_matched,validation,fixed_0_5,0.5,FTP-BruteForce,0,0,
123,mlp,phase5_matched,validation,fixed_0_5,0.5,Infilteration,8551,50,0.00584726932522512
123,mlp,phase5_matched,validation,fixed_0_5,0.5,SQL Injection,4,2,0.5
123,mlp,phase5_matched,validation,fixed_0_5,0.5,SSH-Bruteforce,0,0,
123,mlp,phase5_matched,validation,fpr_at_most_0.01,0.000669602828565985,Bot,0,0,
123,mlp,phase5_matched,validation,fpr_at_most_0.01,0.000669602828565985,Brute Force -Web,48,27,0.5625
123,mlp,phase5_matched,validation,fpr_at_most_0.01,0.000669602828565985,Brute Force -XSS,11,11,1.0
123,mlp,phase5_matched,validation,fpr_at_most_0.01,0.000669602828565985,DDOS attack-HOIC,0,0,
123,mlp,phase5_matched,validation,fpr_at_most_0.01,0.000669602828565985,DDOS attack-LOIC-UDP,0,0,
123,mlp,phase5_matched,validation,fpr_at_most_0.01,0.000669602828565985,DDoS attacks-LOIC-HTTP,0,0,
123,mlp,phase5_matched,validation,fpr_at_most_0.01,0.000669602828565985,DoS attacks-GoldenEye,0,0,
123,mlp,phase5_matched,validation,fpr_at_most_0.01,0.000669602828565985,DoS attacks-Hulk,0,0,
123,mlp,phase5_matched,validation,fpr_at_most_0.01,0.000669602828565985,DoS attacks-SlowHTTPTest,0,0,
123,mlp,phase5_matched,validation,fpr_at_most_0.01,0.000669602828565985,DoS attacks-Slowloris,0,0,
123,mlp,phase5_matched,validation,fpr_at_most_0.01,0.000669602828565985,FTP-BruteForce,0,0,
123,mlp,phase5_matched,validation,fpr_at_most_0.01,0.000669602828565985,Infilteration,8551,116,0.013565664834522278
123,mlp,phase5_matched,validation,fpr_at_most_0.01,0.000669602828565985,SQL Injection,4,4,1.0
123,mlp,phase5_matched,validation,fpr_at_most_0.01,0.000669602828565985,SSH-Bruteforce,0,0,
123,mlp,phase5_matched,test,fixed_0_5,0.5,Bot,35326,0,0.0
123,mlp,phase5_matched,test,fixed_0_5,0.5,Brute Force -Web,0,0,
123,mlp,phase5_matched,test,fixed_0_5,0.5,Brute Force -XSS,0,0,
123,mlp,phase5_matched,test,fixed_0_5,0.5,DDOS attack-HOIC,0,0,
123,mlp,phase5_matched,test,fixed_0_5,0.5,DDOS attack-LOIC-UDP,0,0,
123,mlp,phase5_matched,test,fixed_0_5,0.5,DDoS attacks-LOIC-HTTP,0,0,
123,mlp,phase5_matched,test,fixed_0_5,0.5,DoS attacks-GoldenEye,0,0,
123,mlp,phase5_matched,test,fixed_0_5,0.5,DoS attacks-Hulk,0,0,
123,mlp,phase5_matched,test,fixed_0_5,0.5,DoS attacks-SlowHTTPTest,0,0,
123,mlp,phase5_matched,test,fixed_0_5,0.5,DoS attacks-Slowloris,0,0,
123,mlp,phase5_matched,test,fixed_0_5,0.5,FTP-BruteForce,0,0,
123,mlp,phase5_matched,test,fixed_0_5,0.5,Infilteration,11632,118,0.01014442916093535
123,mlp,phase5_matched,test,fixed_0_5,0.5,SQL Injection,0,0,
123,mlp,phase5_matched,test,fixed_0_5,0.5,SSH-Bruteforce,0,0,
123,mlp,phase5_matched,test,fpr_at_most_0.01,0.000669602828565985,Bot,35326,0,0.0
123,mlp,phase5_matched,test,fpr_at_most_0.01,0.000669602828565985,Brute Force -Web,0,0,
123,mlp,phase5_matched,test,fpr_at_most_0.01,0.000669602828565985,Brute Force -XSS,0,0,
123,mlp,phase5_matched,test,fpr_at_most_0.01,0.000669602828565985,DDOS attack-HOIC,0,0,
123,mlp,phase5_matched,test,fpr_at_most_0.01,0.000669602828565985,DDOS attack-LOIC-UDP,0,0,
123,mlp,phase5_matched,test,fpr_at_most_0.01,0.000669602828565985,DDoS attacks-LOIC-HTTP,0,0,
123,mlp,phase5_matched,test,fpr_at_most_0.01,0.000669602828565985,DoS attacks-GoldenEye,0,0,
123,mlp,phase5_matched,test,fpr_at_most_0.01,0.000669602828565985,DoS attacks-Hulk,0,0,
123,mlp,phase5_matched,test,fpr_at_most_0.01,0.000669602828565985,DoS attacks-SlowHTTPTest,0,0,
123,mlp,phase5_matched,test,fpr_at_most_0.01,0.000669602828565985,DoS attacks-Slowloris,0,0,
123,mlp,phase5_matched,test,fpr_at_most_0.01,0.000669602828565985,FTP-BruteForce,0,0,
123,mlp,phase5_matched,test,fpr_at_most_0.01,0.000669602828565985,Infilteration,11632,184,0.01581843191196699
123,mlp,phase5_matched,test,fpr_at_most_0.01,0.000669602828565985,SQL Injection,0,0,
123,mlp,phase5_matched,test,fpr_at_most_0.01,0.000669602828565985,SSH-Bruteforce,0,0,
123,rf_or_ae,full_dataset,validation,component_1_percent,0.5,Benign,1583520,29080,0.01836415075275336
123,rf_or_ae,full_dataset,validation,component_1_percent,0.5,Bot,0,0,
123,rf_or_ae,full_dataset,validation,component_1_percent,0.5,Brute Force -Web,362,272,0.7513812154696132
123,rf_or_ae,full_dataset,validation,component_1_percent,0.5,Brute Force -XSS,151,117,0.7748344370860927
123,rf_or_ae,full_dataset,validation,component_1_percent,0.5,DDOS attack-HOIC,0,0,
123,rf_or_ae,full_dataset,validation,component_1_percent,0.5,DDOS attack-LOIC-UDP,0,0,
123,rf_or_ae,full_dataset,validation,component_1_percent,0.5,DDoS attacks-LOIC-HTTP,0,0,
123,rf_or_ae,full_dataset,validation,component_1_percent,0.5,DoS attacks-GoldenEye,0,0,
123,rf_or_ae,full_dataset,validation,component_1_percent,0.5,DoS attacks-Hulk,0,0,
123,rf_or_ae,full_dataset,validation,component_1_percent,0.5,DoS attacks-SlowHTTPTest,0,0,
123,rf_or_ae,full_dataset,validation,component_1_percent,0.5,DoS attacks-Slowloris,0,0,
123,rf_or_ae,full_dataset,validation,component_1_percent,0.5,FTP-BruteForce,0,0,
123,rf_or_ae,full_dataset,validation,component_1_percent,0.5,Infilteration,68857,2892,0.042000087137110245
123,rf_or_ae,full_dataset,validation,component_1_percent,0.5,SQL Injection,53,9,0.16981132075471697
123,rf_or_ae,full_dataset,validation,component_1_percent,0.5,SSH-Bruteforce,0,0,
123,rf_or_ae,full_dataset,test,component_1_percent,0.5,Benign,998793,17585,0.01760625074464879
123,rf_or_ae,full_dataset,test,component_1_percent,0.5,Bot,282310,60701,0.21501540859339024
123,rf_or_ae,full_dataset,test,component_1_percent,0.5,Brute Force -Web,0,0,
123,rf_or_ae,full_dataset,test,component_1_percent,0.5,Brute Force -XSS,0,0,
123,rf_or_ae,full_dataset,test,component_1_percent,0.5,DDOS attack-HOIC,0,0,
123,rf_or_ae,full_dataset,test,component_1_percent,0.5,DDOS attack-LOIC-UDP,0,0,
123,rf_or_ae,full_dataset,test,component_1_percent,0.5,DDoS attacks-LOIC-HTTP,0,0,
123,rf_or_ae,full_dataset,test,component_1_percent,0.5,DoS attacks-GoldenEye,0,0,
123,rf_or_ae,full_dataset,test,component_1_percent,0.5,DoS attacks-Hulk,0,0,
123,rf_or_ae,full_dataset,test,component_1_percent,0.5,DoS attacks-SlowHTTPTest,0,0,
123,rf_or_ae,full_dataset,test,component_1_percent,0.5,DoS attacks-Slowloris,0,0,
123,rf_or_ae,full_dataset,test,component_1_percent,0.5,FTP-BruteForce,0,0,
123,rf_or_ae,full_dataset,test,component_1_percent,0.5,Infilteration,93040,4467,0.0480116079105761
123,rf_or_ae,full_dataset,test,component_1_percent,0.5,SQL Injection,0,0,
123,rf_or_ae,full_dataset,test,component_1_percent,0.5,SSH-Bruteforce,0,0,
456,logistic_regression,full_dataset,validation,fixed_0_5,0.5,Bot,0,0,
456,logistic_regression,full_dataset,validation,fixed_0_5,0.5,Brute Force -Web,362,62,0.1712707182320442
456,logistic_regression,full_dataset,validation,fixed_0_5,0.5,Brute Force -XSS,151,66,0.4370860927152318
456,logistic_regression,full_dataset,validation,fixed_0_5,0.5,DDOS attack-HOIC,0,0,
456,logistic_regression,full_dataset,validation,fixed_0_5,0.5,DDOS attack-LOIC-UDP,0,0,
456,logistic_regression,full_dataset,validation,fixed_0_5,0.5,DDoS attacks-LOIC-HTTP,0,0,
456,logistic_regression,full_dataset,validation,fixed_0_5,0.5,DoS attacks-GoldenEye,0,0,
456,logistic_regression,full_dataset,validation,fixed_0_5,0.5,DoS attacks-Hulk,0,0,
456,logistic_regression,full_dataset,validation,fixed_0_5,0.5,DoS attacks-SlowHTTPTest,0,0,
456,logistic_regression,full_dataset,validation,fixed_0_5,0.5,DoS attacks-Slowloris,0,0,
456,logistic_regression,full_dataset,validation,fixed_0_5,0.5,FTP-BruteForce,0,0,
456,logistic_regression,full_dataset,validation,fixed_0_5,0.5,Infilteration,68857,4999,0.07259973568409893
456,logistic_regression,full_dataset,validation,fixed_0_5,0.5,SQL Injection,53,21,0.39622641509433965
456,logistic_regression,full_dataset,validation,fixed_0_5,0.5,SSH-Bruteforce,0,0,
456,logistic_regression,full_dataset,validation,fpr_at_most_0.01,0.9831598401069641,Bot,0,0,
456,logistic_regression,full_dataset,validation,fpr_at_most_0.01,0.9831598401069641,Brute Force -Web,362,0,0.0
456,logistic_regression,full_dataset,validation,fpr_at_most_0.01,0.9831598401069641,Brute Force -XSS,151,0,0.0
456,logistic_regression,full_dataset,validation,fpr_at_most_0.01,0.9831598401069641,DDOS attack-HOIC,0,0,
456,logistic_regression,full_dataset,validation,fpr_at_most_0.01,0.9831598401069641,DDOS attack-LOIC-UDP,0,0,
456,logistic_regression,full_dataset,validation,fpr_at_most_0.01,0.9831598401069641,DDoS attacks-LOIC-HTTP,0,0,
456,logistic_regression,full_dataset,validation,fpr_at_most_0.01,0.9831598401069641,DoS attacks-GoldenEye,0,0,
456,logistic_regression,full_dataset,validation,fpr_at_most_0.01,0.9831598401069641,DoS attacks-Hulk,0,0,
456,logistic_regression,full_dataset,validation,fpr_at_most_0.01,0.9831598401069641,DoS attacks-SlowHTTPTest,0,0,
456,logistic_regression,full_dataset,validation,fpr_at_most_0.01,0.9831598401069641,DoS attacks-Slowloris,0,0,
456,logistic_regression,full_dataset,validation,fpr_at_most_0.01,0.9831598401069641,FTP-BruteForce,0,0,
456,logistic_regression,full_dataset,validation,fpr_at_most_0.01,0.9831598401069641,Infilteration,68857,311,0.004516606880927139
456,logistic_regression,full_dataset,validation,fpr_at_most_0.01,0.9831598401069641,SQL Injection,53,10,0.18867924528301888
456,logistic_regression,full_dataset,validation,fpr_at_most_0.01,0.9831598401069641,SSH-Bruteforce,0,0,
456,logistic_regression,full_dataset,test,fixed_0_5,0.5,Bot,282310,0,0.0
456,logistic_regression,full_dataset,test,fixed_0_5,0.5,Brute Force -Web,0,0,
456,logistic_regression,full_dataset,test,fixed_0_5,0.5,Brute Force -XSS,0,0,
456,logistic_regression,full_dataset,test,fixed_0_5,0.5,DDOS attack-HOIC,0,0,
456,logistic_regression,full_dataset,test,fixed_0_5,0.5,DDOS attack-LOIC-UDP,0,0,
456,logistic_regression,full_dataset,test,fixed_0_5,0.5,DDoS attacks-LOIC-HTTP,0,0,
456,logistic_regression,full_dataset,test,fixed_0_5,0.5,DoS attacks-GoldenEye,0,0,
456,logistic_regression,full_dataset,test,fixed_0_5,0.5,DoS attacks-Hulk,0,0,
456,logistic_regression,full_dataset,test,fixed_0_5,0.5,DoS attacks-SlowHTTPTest,0,0,
456,logistic_regression,full_dataset,test,fixed_0_5,0.5,DoS attacks-Slowloris,0,0,
456,logistic_regression,full_dataset,test,fixed_0_5,0.5,FTP-BruteForce,0,0,
456,logistic_regression,full_dataset,test,fixed_0_5,0.5,Infilteration,93040,3044,0.032717110920034397
456,logistic_regression,full_dataset,test,fixed_0_5,0.5,SQL Injection,0,0,
456,logistic_regression,full_dataset,test,fixed_0_5,0.5,SSH-Bruteforce,0,0,
456,logistic_regression,full_dataset,test,fpr_at_most_0.01,0.9831598401069641,Bot,282310,0,0.0
456,logistic_regression,full_dataset,test,fpr_at_most_0.01,0.9831598401069641,Brute Force -Web,0,0,
456,logistic_regression,full_dataset,test,fpr_at_most_0.01,0.9831598401069641,Brute Force -XSS,0,0,
456,logistic_regression,full_dataset,test,fpr_at_most_0.01,0.9831598401069641,DDOS attack-HOIC,0,0,
456,logistic_regression,full_dataset,test,fpr_at_most_0.01,0.9831598401069641,DDOS attack-LOIC-UDP,0,0,
456,logistic_regression,full_dataset,test,fpr_at_most_0.01,0.9831598401069641,DDoS attacks-LOIC-HTTP,0,0,
456,logistic_regression,full_dataset,test,fpr_at_most_0.01,0.9831598401069641,DoS attacks-GoldenEye,0,0,
456,logistic_regression,full_dataset,test,fpr_at_most_0.01,0.9831598401069641,DoS attacks-Hulk,0,0,
456,logistic_regression,full_dataset,test,fpr_at_most_0.01,0.9831598401069641,DoS attacks-SlowHTTPTest,0,0,
456,logistic_regression,full_dataset,test,fpr_at_most_0.01,0.9831598401069641,DoS attacks-Slowloris,0,0,
456,logistic_regression,full_dataset,test,fpr_at_most_0.01,0.9831598401069641,FTP-BruteForce,0,0,
456,logistic_regression,full_dataset,test,fpr_at_most_0.01,0.9831598401069641,Infilteration,93040,433,0.0046539122957867584
456,logistic_regression,full_dataset,test,fpr_at_most_0.01,0.9831598401069641,SQL Injection,0,0,
456,logistic_regression,full_dataset,test,fpr_at_most_0.01,0.9831598401069641,SSH-Bruteforce,0,0,
456,random_forest,full_dataset,validation,fixed_0_5,0.5,Bot,0,0,
456,random_forest,full_dataset,validation,fixed_0_5,0.5,Brute Force -Web,362,71,0.19613259668508287
456,random_forest,full_dataset,validation,fixed_0_5,0.5,Brute Force -XSS,151,76,0.5033112582781457
456,random_forest,full_dataset,validation,fixed_0_5,0.5,DDOS attack-HOIC,0,0,
456,random_forest,full_dataset,validation,fixed_0_5,0.5,DDOS attack-LOIC-UDP,0,0,
456,random_forest,full_dataset,validation,fixed_0_5,0.5,DDoS attacks-LOIC-HTTP,0,0,
456,random_forest,full_dataset,validation,fixed_0_5,0.5,DoS attacks-GoldenEye,0,0,
456,random_forest,full_dataset,validation,fixed_0_5,0.5,DoS attacks-Hulk,0,0,
456,random_forest,full_dataset,validation,fixed_0_5,0.5,DoS attacks-SlowHTTPTest,0,0,
456,random_forest,full_dataset,validation,fixed_0_5,0.5,DoS attacks-Slowloris,0,0,
456,random_forest,full_dataset,validation,fixed_0_5,0.5,FTP-BruteForce,0,0,
456,random_forest,full_dataset,validation,fixed_0_5,0.5,Infilteration,68857,141,0.002047722090709732
456,random_forest,full_dataset,validation,fixed_0_5,0.5,SQL Injection,53,3,0.05660377358490566
456,random_forest,full_dataset,validation,fixed_0_5,0.5,SSH-Bruteforce,0,0,
456,random_forest,full_dataset,validation,fpr_at_most_0.01,0.1709671674117206,Bot,0,0,
456,random_forest,full_dataset,validation,fpr_at_most_0.01,0.1709671674117206,Brute Force -Web,362,156,0.430939226519337
456,random_forest,full_dataset,validation,fpr_at_most_0.01,0.1709671674117206,Brute Force -XSS,151,114,0.7549668874172185
456,random_forest,full_dataset,validation,fpr_at_most_0.01,0.1709671674117206,DDOS attack-HOIC,0,0,
456,random_forest,full_dataset,validation,fpr_at_most_0.01,0.1709671674117206,DDOS attack-LOIC-UDP,0,0,
456,random_forest,full_dataset,validation,fpr_at_most_0.01,0.1709671674117206,DDoS attacks-LOIC-HTTP,0,0,
456,random_forest,full_dataset,validation,fpr_at_most_0.01,0.1709671674117206,DoS attacks-GoldenEye,0,0,
456,random_forest,full_dataset,validation,fpr_at_most_0.01,0.1709671674117206,DoS attacks-Hulk,0,0,
456,random_forest,full_dataset,validation,fpr_at_most_0.01,0.1709671674117206,DoS attacks-SlowHTTPTest,0,0,
456,random_forest,full_dataset,validation,fpr_at_most_0.01,0.1709671674117206,DoS attacks-Slowloris,0,0,
456,random_forest,full_dataset,validation,fpr_at_most_0.01,0.1709671674117206,FTP-BruteForce,0,0,
456,random_forest,full_dataset,validation,fpr_at_most_0.01,0.1709671674117206,Infilteration,68857,900,0.013070566536445097
456,random_forest,full_dataset,validation,fpr_at_most_0.01,0.1709671674117206,SQL Injection,53,19,0.3584905660377358
456,random_forest,full_dataset,validation,fpr_at_most_0.01,0.1709671674117206,SSH-Bruteforce,0,0,
456,random_forest,full_dataset,test,fixed_0_5,0.5,Bot,282310,0,0.0
456,random_forest,full_dataset,test,fixed_0_5,0.5,Brute Force -Web,0,0,
456,random_forest,full_dataset,test,fixed_0_5,0.5,Brute Force -XSS,0,0,
456,random_forest,full_dataset,test,fixed_0_5,0.5,DDOS attack-HOIC,0,0,
456,random_forest,full_dataset,test,fixed_0_5,0.5,DDOS attack-LOIC-UDP,0,0,
456,random_forest,full_dataset,test,fixed_0_5,0.5,DDoS attacks-LOIC-HTTP,0,0,
456,random_forest,full_dataset,test,fixed_0_5,0.5,DoS attacks-GoldenEye,0,0,
456,random_forest,full_dataset,test,fixed_0_5,0.5,DoS attacks-Hulk,0,0,
456,random_forest,full_dataset,test,fixed_0_5,0.5,DoS attacks-SlowHTTPTest,0,0,
456,random_forest,full_dataset,test,fixed_0_5,0.5,DoS attacks-Slowloris,0,0,
456,random_forest,full_dataset,test,fixed_0_5,0.5,FTP-BruteForce,0,0,
456,random_forest,full_dataset,test,fixed_0_5,0.5,Infilteration,93040,224,0.002407566638005159
456,random_forest,full_dataset,test,fixed_0_5,0.5,SQL Injection,0,0,
456,random_forest,full_dataset,test,fixed_0_5,0.5,SSH-Bruteforce,0,0,
456,random_forest,full_dataset,test,fpr_at_most_0.01,0.1709671674117206,Bot,282310,130869,0.463564875491481
456,random_forest,full_dataset,test,fpr_at_most_0.01,0.1709671674117206,Brute Force -Web,0,0,
456,random_forest,full_dataset,test,fpr_at_most_0.01,0.1709671674117206,Brute Force -XSS,0,0,
456,random_forest,full_dataset,test,fpr_at_most_0.01,0.1709671674117206,DDOS attack-HOIC,0,0,
456,random_forest,full_dataset,test,fpr_at_most_0.01,0.1709671674117206,DDOS attack-LOIC-UDP,0,0,
456,random_forest,full_dataset,test,fpr_at_most_0.01,0.1709671674117206,DDoS attacks-LOIC-HTTP,0,0,
456,random_forest,full_dataset,test,fpr_at_most_0.01,0.1709671674117206,DoS attacks-GoldenEye,0,0,
456,random_forest,full_dataset,test,fpr_at_most_0.01,0.1709671674117206,DoS attacks-Hulk,0,0,
456,random_forest,full_dataset,test,fpr_at_most_0.01,0.1709671674117206,DoS attacks-SlowHTTPTest,0,0,
456,random_forest,full_dataset,test,fpr_at_most_0.01,0.1709671674117206,DoS attacks-Slowloris,0,0,
456,random_forest,full_dataset,test,fpr_at_most_0.01,0.1709671674117206,FTP-BruteForce,0,0,
456,random_forest,full_dataset,test,fpr_at_most_0.01,0.1709671674117206,Infilteration,93040,1520,0.01633705932932072
456,random_forest,full_dataset,test,fpr_at_most_0.01,0.1709671674117206,SQL Injection,0,0,
456,random_forest,full_dataset,test,fpr_at_most_0.01,0.1709671674117206,SSH-Bruteforce,0,0,
456,xgboost,full_dataset,validation,fixed_0_5,0.5,Bot,0,0,
456,xgboost,full_dataset,validation,fixed_0_5,0.5,Brute Force -Web,362,69,0.19060773480662985
456,xgboost,full_dataset,validation,fixed_0_5,0.5,Brute Force -XSS,151,99,0.6556291390728477
456,xgboost,full_dataset,validation,fixed_0_5,0.5,DDOS attack-HOIC,0,0,
456,xgboost,full_dataset,validation,fixed_0_5,0.5,DDOS attack-LOIC-UDP,0,0,
456,xgboost,full_dataset,validation,fixed_0_5,0.5,DDoS attacks-LOIC-HTTP,0,0,
456,xgboost,full_dataset,validation,fixed_0_5,0.5,DoS attacks-GoldenEye,0,0,
456,xgboost,full_dataset,validation,fixed_0_5,0.5,DoS attacks-Hulk,0,0,
456,xgboost,full_dataset,validation,fixed_0_5,0.5,DoS attacks-SlowHTTPTest,0,0,
456,xgboost,full_dataset,validation,fixed_0_5,0.5,DoS attacks-Slowloris,0,0,
456,xgboost,full_dataset,validation,fixed_0_5,0.5,FTP-BruteForce,0,0,
456,xgboost,full_dataset,validation,fixed_0_5,0.5,Infilteration,68857,762,0.011066413000856848
456,xgboost,full_dataset,validation,fixed_0_5,0.5,SQL Injection,53,2,0.03773584905660377
456,xgboost,full_dataset,validation,fixed_0_5,0.5,SSH-Bruteforce,0,0,
456,xgboost,full_dataset,validation,fpr_at_most_0.01,0.10120009630918503,Bot,0,0,
456,xgboost,full_dataset,validation,fpr_at_most_0.01,0.10120009630918503,Brute Force -Web,362,105,0.2900552486187845
456,xgboost,full_dataset,validation,fpr_at_most_0.01,0.10120009630918503,Brute Force -XSS,151,118,0.7814569536423841
456,xgboost,full_dataset,validation,fpr_at_most_0.01,0.10120009630918503,DDOS attack-HOIC,0,0,
456,xgboost,full_dataset,validation,fpr_at_most_0.01,0.10120009630918503,DDOS attack-LOIC-UDP,0,0,
456,xgboost,full_dataset,validation,fpr_at_most_0.01,0.10120009630918503,DDoS attacks-LOIC-HTTP,0,0,
456,xgboost,full_dataset,validation,fpr_at_most_0.01,0.10120009630918503,DoS attacks-GoldenEye,0,0,
456,xgboost,full_dataset,validation,fpr_at_most_0.01,0.10120009630918503,DoS attacks-Hulk,0,0,
456,xgboost,full_dataset,validation,fpr_at_most_0.01,0.10120009630918503,DoS attacks-SlowHTTPTest,0,0,
456,xgboost,full_dataset,validation,fpr_at_most_0.01,0.10120009630918503,DoS attacks-Slowloris,0,0,
456,xgboost,full_dataset,validation,fpr_at_most_0.01,0.10120009630918503,FTP-BruteForce,0,0,
456,xgboost,full_dataset,validation,fpr_at_most_0.01,0.10120009630918503,Infilteration,68857,942,0.013680526308145868
456,xgboost,full_dataset,validation,fpr_at_most_0.01,0.10120009630918503,SQL Injection,53,11,0.20754716981132076
456,xgboost,full_dataset,validation,fpr_at_most_0.01,0.10120009630918503,SSH-Bruteforce,0,0,
456,xgboost,full_dataset,test,fixed_0_5,0.5,Bot,282310,0,0.0
456,xgboost,full_dataset,test,fixed_0_5,0.5,Brute Force -Web,0,0,
456,xgboost,full_dataset,test,fixed_0_5,0.5,Brute Force -XSS,0,0,
456,xgboost,full_dataset,test,fixed_0_5,0.5,DDOS attack-HOIC,0,0,
456,xgboost,full_dataset,test,fixed_0_5,0.5,DDOS attack-LOIC-UDP,0,0,
456,xgboost,full_dataset,test,fixed_0_5,0.5,DDoS attacks-LOIC-HTTP,0,0,
456,xgboost,full_dataset,test,fixed_0_5,0.5,DoS attacks-GoldenEye,0,0,
456,xgboost,full_dataset,test,fixed_0_5,0.5,DoS attacks-Hulk,0,0,
456,xgboost,full_dataset,test,fixed_0_5,0.5,DoS attacks-SlowHTTPTest,0,0,
456,xgboost,full_dataset,test,fixed_0_5,0.5,DoS attacks-Slowloris,0,0,
456,xgboost,full_dataset,test,fixed_0_5,0.5,FTP-BruteForce,0,0,
456,xgboost,full_dataset,test,fixed_0_5,0.5,Infilteration,93040,1228,0.013198624247635425
456,xgboost,full_dataset,test,fixed_0_5,0.5,SQL Injection,0,0,
456,xgboost,full_dataset,test,fixed_0_5,0.5,SSH-Bruteforce,0,0,
456,xgboost,full_dataset,test,fpr_at_most_0.01,0.10120009630918503,Bot,282310,0,0.0
456,xgboost,full_dataset,test,fpr_at_most_0.01,0.10120009630918503,Brute Force -Web,0,0,
456,xgboost,full_dataset,test,fpr_at_most_0.01,0.10120009630918503,Brute Force -XSS,0,0,
456,xgboost,full_dataset,test,fpr_at_most_0.01,0.10120009630918503,DDOS attack-HOIC,0,0,
456,xgboost,full_dataset,test,fpr_at_most_0.01,0.10120009630918503,DDOS attack-LOIC-UDP,0,0,
456,xgboost,full_dataset,test,fpr_at_most_0.01,0.10120009630918503,DDoS attacks-LOIC-HTTP,0,0,
456,xgboost,full_dataset,test,fpr_at_most_0.01,0.10120009630918503,DoS attacks-GoldenEye,0,0,
456,xgboost,full_dataset,test,fpr_at_most_0.01,0.10120009630918503,DoS attacks-Hulk,0,0,
456,xgboost,full_dataset,test,fpr_at_most_0.01,0.10120009630918503,DoS attacks-SlowHTTPTest,0,0,
456,xgboost,full_dataset,test,fpr_at_most_0.01,0.10120009630918503,DoS attacks-Slowloris,0,0,
456,xgboost,full_dataset,test,fpr_at_most_0.01,0.10120009630918503,FTP-BruteForce,0,0,
456,xgboost,full_dataset,test,fpr_at_most_0.01,0.10120009630918503,Infilteration,93040,2011,0.021614359415305245
456,xgboost,full_dataset,test,fpr_at_most_0.01,0.10120009630918503,SQL Injection,0,0,
456,xgboost,full_dataset,test,fpr_at_most_0.01,0.10120009630918503,SSH-Bruteforce,0,0,
456,mlp,full_dataset,validation,fixed_0_5,0.5,Bot,0,0,
456,mlp,full_dataset,validation,fixed_0_5,0.5,Brute Force -Web,362,121,0.3342541436464088
456,mlp,full_dataset,validation,fixed_0_5,0.5,Brute Force -XSS,151,72,0.4768211920529801
456,mlp,full_dataset,validation,fixed_0_5,0.5,DDOS attack-HOIC,0,0,
456,mlp,full_dataset,validation,fixed_0_5,0.5,DDOS attack-LOIC-UDP,0,0,
456,mlp,full_dataset,validation,fixed_0_5,0.5,DDoS attacks-LOIC-HTTP,0,0,
456,mlp,full_dataset,validation,fixed_0_5,0.5,DoS attacks-GoldenEye,0,0,
456,mlp,full_dataset,validation,fixed_0_5,0.5,DoS attacks-Hulk,0,0,
456,mlp,full_dataset,validation,fixed_0_5,0.5,DoS attacks-SlowHTTPTest,0,0,
456,mlp,full_dataset,validation,fixed_0_5,0.5,DoS attacks-Slowloris,0,0,
456,mlp,full_dataset,validation,fixed_0_5,0.5,FTP-BruteForce,0,0,
456,mlp,full_dataset,validation,fixed_0_5,0.5,Infilteration,68857,357,0.005184658059456555
456,mlp,full_dataset,validation,fixed_0_5,0.5,SQL Injection,53,13,0.24528301886792453
456,mlp,full_dataset,validation,fixed_0_5,0.5,SSH-Bruteforce,0,0,
456,mlp,full_dataset,validation,fpr_at_most_0.01,0.020519735291600227,Bot,0,0,
456,mlp,full_dataset,validation,fpr_at_most_0.01,0.020519735291600227,Brute Force -Web,362,140,0.3867403314917127
456,mlp,full_dataset,validation,fpr_at_most_0.01,0.020519735291600227,Brute Force -XSS,151,111,0.7350993377483444
456,mlp,full_dataset,validation,fpr_at_most_0.01,0.020519735291600227,DDOS attack-HOIC,0,0,
456,mlp,full_dataset,validation,fpr_at_most_0.01,0.020519735291600227,DDOS attack-LOIC-UDP,0,0,
456,mlp,full_dataset,validation,fpr_at_most_0.01,0.020519735291600227,DDoS attacks-LOIC-HTTP,0,0,
456,mlp,full_dataset,validation,fpr_at_most_0.01,0.020519735291600227,DoS attacks-GoldenEye,0,0,
456,mlp,full_dataset,validation,fpr_at_most_0.01,0.020519735291600227,DoS attacks-Hulk,0,0,
456,mlp,full_dataset,validation,fpr_at_most_0.01,0.020519735291600227,DoS attacks-SlowHTTPTest,0,0,
456,mlp,full_dataset,validation,fpr_at_most_0.01,0.020519735291600227,DoS attacks-Slowloris,0,0,
456,mlp,full_dataset,validation,fpr_at_most_0.01,0.020519735291600227,FTP-BruteForce,0,0,
456,mlp,full_dataset,validation,fpr_at_most_0.01,0.020519735291600227,Infilteration,68857,3306,0.048012547743874985
456,mlp,full_dataset,validation,fpr_at_most_0.01,0.020519735291600227,SQL Injection,53,27,0.5094339622641509
456,mlp,full_dataset,validation,fpr_at_most_0.01,0.020519735291600227,SSH-Bruteforce,0,0,
456,mlp,full_dataset,test,fixed_0_5,0.5,Bot,282310,0,0.0
456,mlp,full_dataset,test,fixed_0_5,0.5,Brute Force -Web,0,0,
456,mlp,full_dataset,test,fixed_0_5,0.5,Brute Force -XSS,0,0,
456,mlp,full_dataset,test,fixed_0_5,0.5,DDOS attack-HOIC,0,0,
456,mlp,full_dataset,test,fixed_0_5,0.5,DDOS attack-LOIC-UDP,0,0,
456,mlp,full_dataset,test,fixed_0_5,0.5,DDoS attacks-LOIC-HTTP,0,0,
456,mlp,full_dataset,test,fixed_0_5,0.5,DoS attacks-GoldenEye,0,0,
456,mlp,full_dataset,test,fixed_0_5,0.5,DoS attacks-Hulk,0,0,
456,mlp,full_dataset,test,fixed_0_5,0.5,DoS attacks-SlowHTTPTest,0,0,
456,mlp,full_dataset,test,fixed_0_5,0.5,DoS attacks-Slowloris,0,0,
456,mlp,full_dataset,test,fixed_0_5,0.5,FTP-BruteForce,0,0,
456,mlp,full_dataset,test,fixed_0_5,0.5,Infilteration,93040,796,0.008555460017196904
456,mlp,full_dataset,test,fixed_0_5,0.5,SQL Injection,0,0,
456,mlp,full_dataset,test,fixed_0_5,0.5,SSH-Bruteforce,0,0,
456,mlp,full_dataset,test,fpr_at_most_0.01,0.020519735291600227,Bot,282310,0,0.0
456,mlp,full_dataset,test,fpr_at_most_0.01,0.020519735291600227,Brute Force -Web,0,0,
456,mlp,full_dataset,test,fpr_at_most_0.01,0.020519735291600227,Brute Force -XSS,0,0,
456,mlp,full_dataset,test,fpr_at_most_0.01,0.020519735291600227,DDOS attack-HOIC,0,0,
456,mlp,full_dataset,test,fpr_at_most_0.01,0.020519735291600227,DDOS attack-LOIC-UDP,0,0,
456,mlp,full_dataset,test,fpr_at_most_0.01,0.020519735291600227,DDoS attacks-LOIC-HTTP,0,0,
456,mlp,full_dataset,test,fpr_at_most_0.01,0.020519735291600227,DoS attacks-GoldenEye,0,0,
456,mlp,full_dataset,test,fpr_at_most_0.01,0.020519735291600227,DoS attacks-Hulk,0,0,
456,mlp,full_dataset,test,fpr_at_most_0.01,0.020519735291600227,DoS attacks-SlowHTTPTest,0,0,
456,mlp,full_dataset,test,fpr_at_most_0.01,0.020519735291600227,DoS attacks-Slowloris,0,0,
456,mlp,full_dataset,test,fpr_at_most_0.01,0.020519735291600227,FTP-BruteForce,0,0,
456,mlp,full_dataset,test,fpr_at_most_0.01,0.020519735291600227,Infilteration,93040,4787,0.05145098882201204
456,mlp,full_dataset,test,fpr_at_most_0.01,0.020519735291600227,SQL Injection,0,0,
456,mlp,full_dataset,test,fpr_at_most_0.01,0.020519735291600227,SSH-Bruteforce,0,0,
456,transformer_L1,phase5_matched,validation,fixed_0_5,0.5,Bot,0,0,
456,transformer_L1,phase5_matched,validation,fixed_0_5,0.5,Brute Force -Web,48,0,0.0
456,transformer_L1,phase5_matched,validation,fixed_0_5,0.5,Brute Force -XSS,11,0,0.0
456,transformer_L1,phase5_matched,validation,fixed_0_5,0.5,DDOS attack-HOIC,0,0,
456,transformer_L1,phase5_matched,validation,fixed_0_5,0.5,DDOS attack-LOIC-UDP,0,0,
456,transformer_L1,phase5_matched,validation,fixed_0_5,0.5,DDoS attacks-LOIC-HTTP,0,0,
456,transformer_L1,phase5_matched,validation,fixed_0_5,0.5,DoS attacks-GoldenEye,0,0,
456,transformer_L1,phase5_matched,validation,fixed_0_5,0.5,DoS attacks-Hulk,0,0,
456,transformer_L1,phase5_matched,validation,fixed_0_5,0.5,DoS attacks-SlowHTTPTest,0,0,
456,transformer_L1,phase5_matched,validation,fixed_0_5,0.5,DoS attacks-Slowloris,0,0,
456,transformer_L1,phase5_matched,validation,fixed_0_5,0.5,FTP-BruteForce,0,0,
456,transformer_L1,phase5_matched,validation,fixed_0_5,0.5,Infilteration,8551,553,0.06467079873698983
456,transformer_L1,phase5_matched,validation,fixed_0_5,0.5,SQL Injection,4,0,0.0
456,transformer_L1,phase5_matched,validation,fixed_0_5,0.5,SSH-Bruteforce,0,0,
456,transformer_L1,phase5_matched,validation,maximum_macro_f1,0.05002539977431297,Bot,0,0,
456,transformer_L1,phase5_matched,validation,maximum_macro_f1,0.05002539977431297,Brute Force -Web,48,4,0.08333333333333333
456,transformer_L1,phase5_matched,validation,maximum_macro_f1,0.05002539977431297,Brute Force -XSS,11,1,0.09090909090909091
456,transformer_L1,phase5_matched,validation,maximum_macro_f1,0.05002539977431297,DDOS attack-HOIC,0,0,
456,transformer_L1,phase5_matched,validation,maximum_macro_f1,0.05002539977431297,DDOS attack-LOIC-UDP,0,0,
456,transformer_L1,phase5_matched,validation,maximum_macro_f1,0.05002539977431297,DDoS attacks-LOIC-HTTP,0,0,
456,transformer_L1,phase5_matched,validation,maximum_macro_f1,0.05002539977431297,DoS attacks-GoldenEye,0,0,
456,transformer_L1,phase5_matched,validation,maximum_macro_f1,0.05002539977431297,DoS attacks-Hulk,0,0,
456,transformer_L1,phase5_matched,validation,maximum_macro_f1,0.05002539977431297,DoS attacks-SlowHTTPTest,0,0,
456,transformer_L1,phase5_matched,validation,maximum_macro_f1,0.05002539977431297,DoS attacks-Slowloris,0,0,
456,transformer_L1,phase5_matched,validation,maximum_macro_f1,0.05002539977431297,FTP-BruteForce,0,0,
456,transformer_L1,phase5_matched,validation,maximum_macro_f1,0.05002539977431297,Infilteration,8551,717,0.08384984212372822
456,transformer_L1,phase5_matched,validation,maximum_macro_f1,0.05002539977431297,SQL Injection,4,0,0.0
456,transformer_L1,phase5_matched,validation,maximum_macro_f1,0.05002539977431297,SSH-Bruteforce,0,0,
456,transformer_L1,phase5_matched,validation,fpr_at_most_0.01,0.9000217914581299,Bot,0,0,
456,transformer_L1,phase5_matched,validation,fpr_at_most_0.01,0.9000217914581299,Brute Force -Web,48,0,0.0
456,transformer_L1,phase5_matched,validation,fpr_at_most_0.01,0.9000217914581299,Brute Force -XSS,11,0,0.0
456,transformer_L1,phase5_matched,validation,fpr_at_most_0.01,0.9000217914581299,DDOS attack-HOIC,0,0,
456,transformer_L1,phase5_matched,validation,fpr_at_most_0.01,0.9000217914581299,DDOS attack-LOIC-UDP,0,0,
456,transformer_L1,phase5_matched,validation,fpr_at_most_0.01,0.9000217914581299,DDoS attacks-LOIC-HTTP,0,0,
456,transformer_L1,phase5_matched,validation,fpr_at_most_0.01,0.9000217914581299,DoS attacks-GoldenEye,0,0,
456,transformer_L1,phase5_matched,validation,fpr_at_most_0.01,0.9000217914581299,DoS attacks-Hulk,0,0,
456,transformer_L1,phase5_matched,validation,fpr_at_most_0.01,0.9000217914581299,DoS attacks-SlowHTTPTest,0,0,
456,transformer_L1,phase5_matched,validation,fpr_at_most_0.01,0.9000217914581299,DoS attacks-Slowloris,0,0,
456,transformer_L1,phase5_matched,validation,fpr_at_most_0.01,0.9000217914581299,FTP-BruteForce,0,0,
456,transformer_L1,phase5_matched,validation,fpr_at_most_0.01,0.9000217914581299,Infilteration,8551,463,0.05414571395158461
456,transformer_L1,phase5_matched,validation,fpr_at_most_0.01,0.9000217914581299,SQL Injection,4,0,0.0
456,transformer_L1,phase5_matched,validation,fpr_at_most_0.01,0.9000217914581299,SSH-Bruteforce,0,0,
456,transformer_L1,phase5_matched,validation,fpr_at_most_0.005,0.9559289216995239,Bot,0,0,
456,transformer_L1,phase5_matched,validation,fpr_at_most_0.005,0.9559289216995239,Brute Force -Web,48,0,0.0
456,transformer_L1,phase5_matched,validation,fpr_at_most_0.005,0.9559289216995239,Brute Force -XSS,11,0,0.0
456,transformer_L1,phase5_matched,validation,fpr_at_most_0.005,0.9559289216995239,DDOS attack-HOIC,0,0,
456,transformer_L1,phase5_matched,validation,fpr_at_most_0.005,0.9559289216995239,DDOS attack-LOIC-UDP,0,0,
456,transformer_L1,phase5_matched,validation,fpr_at_most_0.005,0.9559289216995239,DDoS attacks-LOIC-HTTP,0,0,
456,transformer_L1,phase5_matched,validation,fpr_at_most_0.005,0.9559289216995239,DoS attacks-GoldenEye,0,0,
456,transformer_L1,phase5_matched,validation,fpr_at_most_0.005,0.9559289216995239,DoS attacks-Hulk,0,0,
456,transformer_L1,phase5_matched,validation,fpr_at_most_0.005,0.9559289216995239,DoS attacks-SlowHTTPTest,0,0,
456,transformer_L1,phase5_matched,validation,fpr_at_most_0.005,0.9559289216995239,DoS attacks-Slowloris,0,0,
456,transformer_L1,phase5_matched,validation,fpr_at_most_0.005,0.9559289216995239,FTP-BruteForce,0,0,
456,transformer_L1,phase5_matched,validation,fpr_at_most_0.005,0.9559289216995239,Infilteration,8551,226,0.02642965735001754
456,transformer_L1,phase5_matched,validation,fpr_at_most_0.005,0.9559289216995239,SQL Injection,4,0,0.0
456,transformer_L1,phase5_matched,validation,fpr_at_most_0.005,0.9559289216995239,SSH-Bruteforce,0,0,
456,transformer_L1,phase5_matched,validation,fpr_at_most_0.001,0.9942295551300049,Bot,0,0,
456,transformer_L1,phase5_matched,validation,fpr_at_most_0.001,0.9942295551300049,Brute Force -Web,48,0,0.0
456,transformer_L1,phase5_matched,validation,fpr_at_most_0.001,0.9942295551300049,Brute Force -XSS,11,0,0.0
456,transformer_L1,phase5_matched,validation,fpr_at_most_0.001,0.9942295551300049,DDOS attack-HOIC,0,0,
456,transformer_L1,phase5_matched,validation,fpr_at_most_0.001,0.9942295551300049,DDOS attack-LOIC-UDP,0,0,
456,transformer_L1,phase5_matched,validation,fpr_at_most_0.001,0.9942295551300049,DDoS attacks-LOIC-HTTP,0,0,
456,transformer_L1,phase5_matched,validation,fpr_at_most_0.001,0.9942295551300049,DoS attacks-GoldenEye,0,0,
456,transformer_L1,phase5_matched,validation,fpr_at_most_0.001,0.9942295551300049,DoS attacks-Hulk,0,0,
456,transformer_L1,phase5_matched,validation,fpr_at_most_0.001,0.9942295551300049,DoS attacks-SlowHTTPTest,0,0,
456,transformer_L1,phase5_matched,validation,fpr_at_most_0.001,0.9942295551300049,DoS attacks-Slowloris,0,0,
456,transformer_L1,phase5_matched,validation,fpr_at_most_0.001,0.9942295551300049,FTP-BruteForce,0,0,
456,transformer_L1,phase5_matched,validation,fpr_at_most_0.001,0.9942295551300049,Infilteration,8551,18,0.0021050169570810432
456,transformer_L1,phase5_matched,validation,fpr_at_most_0.001,0.9942295551300049,SQL Injection,4,0,0.0
456,transformer_L1,phase5_matched,validation,fpr_at_most_0.001,0.9942295551300049,SSH-Bruteforce,0,0,
456,transformer_L1,phase5_matched,test,fixed_0_5,0.5,Bot,35326,0,0.0
456,transformer_L1,phase5_matched,test,fixed_0_5,0.5,Brute Force -Web,0,0,
456,transformer_L1,phase5_matched,test,fixed_0_5,0.5,Brute Force -XSS,0,0,
456,transformer_L1,phase5_matched,test,fixed_0_5,0.5,DDOS attack-HOIC,0,0,
456,transformer_L1,phase5_matched,test,fixed_0_5,0.5,DDOS attack-LOIC-UDP,0,0,
456,transformer_L1,phase5_matched,test,fixed_0_5,0.5,DDoS attacks-LOIC-HTTP,0,0,
456,transformer_L1,phase5_matched,test,fixed_0_5,0.5,DoS attacks-GoldenEye,0,0,
456,transformer_L1,phase5_matched,test,fixed_0_5,0.5,DoS attacks-Hulk,0,0,
456,transformer_L1,phase5_matched,test,fixed_0_5,0.5,DoS attacks-SlowHTTPTest,0,0,
456,transformer_L1,phase5_matched,test,fixed_0_5,0.5,DoS attacks-Slowloris,0,0,
456,transformer_L1,phase5_matched,test,fixed_0_5,0.5,FTP-BruteForce,0,0,
456,transformer_L1,phase5_matched,test,fixed_0_5,0.5,Infilteration,11632,786,0.06757221458046768
456,transformer_L1,phase5_matched,test,fixed_0_5,0.5,SQL Injection,0,0,
456,transformer_L1,phase5_matched,test,fixed_0_5,0.5,SSH-Bruteforce,0,0,
456,transformer_L1,phase5_matched,test,maximum_macro_f1,0.05002539977431297,Bot,35326,7,0.0001981543339183604
456,transformer_L1,phase5_matched,test,maximum_macro_f1,0.05002539977431297,Brute Force -Web,0,0,
456,transformer_L1,phase5_matched,test,maximum_macro_f1,0.05002539977431297,Brute Force -XSS,0,0,
456,transformer_L1,phase5_matched,test,maximum_macro_f1,0.05002539977431297,DDOS attack-HOIC,0,0,
456,transformer_L1,phase5_matched,test,maximum_macro_f1,0.05002539977431297,DDOS attack-LOIC-UDP,0,0,
456,transformer_L1,phase5_matched,test,maximum_macro_f1,0.05002539977431297,DDoS attacks-LOIC-HTTP,0,0,
456,transformer_L1,phase5_matched,test,maximum_macro_f1,0.05002539977431297,DoS attacks-GoldenEye,0,0,
456,transformer_L1,phase5_matched,test,maximum_macro_f1,0.05002539977431297,DoS attacks-Hulk,0,0,
456,transformer_L1,phase5_matched,test,maximum_macro_f1,0.05002539977431297,DoS attacks-SlowHTTPTest,0,0,
456,transformer_L1,phase5_matched,test,maximum_macro_f1,0.05002539977431297,DoS attacks-Slowloris,0,0,
456,transformer_L1,phase5_matched,test,maximum_macro_f1,0.05002539977431297,FTP-BruteForce,0,0,
456,transformer_L1,phase5_matched,test,maximum_macro_f1,0.05002539977431297,Infilteration,11632,1046,0.08992434662998625
456,transformer_L1,phase5_matched,test,maximum_macro_f1,0.05002539977431297,SQL Injection,0,0,
456,transformer_L1,phase5_matched,test,maximum_macro_f1,0.05002539977431297,SSH-Bruteforce,0,0,
456,transformer_L1,phase5_matched,test,fpr_at_most_0.01,0.9000217914581299,Bot,35326,0,0.0
456,transformer_L1,phase5_matched,test,fpr_at_most_0.01,0.9000217914581299,Brute Force -Web,0,0,
456,transformer_L1,phase5_matched,test,fpr_at_most_0.01,0.9000217914581299,Brute Force -XSS,0,0,
456,transformer_L1,phase5_matched,test,fpr_at_most_0.01,0.9000217914581299,DDOS attack-HOIC,0,0,
456,transformer_L1,phase5_matched,test,fpr_at_most_0.01,0.9000217914581299,DDOS attack-LOIC-UDP,0,0,
456,transformer_L1,phase5_matched,test,fpr_at_most_0.01,0.9000217914581299,DDoS attacks-LOIC-HTTP,0,0,
456,transformer_L1,phase5_matched,test,fpr_at_most_0.01,0.9000217914581299,DoS attacks-GoldenEye,0,0,
456,transformer_L1,phase5_matched,test,fpr_at_most_0.01,0.9000217914581299,DoS attacks-Hulk,0,0,
456,transformer_L1,phase5_matched,test,fpr_at_most_0.01,0.9000217914581299,DoS attacks-SlowHTTPTest,0,0,
456,transformer_L1,phase5_matched,test,fpr_at_most_0.01,0.9000217914581299,DoS attacks-Slowloris,0,0,
456,transformer_L1,phase5_matched,test,fpr_at_most_0.01,0.9000217914581299,FTP-BruteForce,0,0,
456,transformer_L1,phase5_matched,test,fpr_at_most_0.01,0.9000217914581299,Infilteration,11632,639,0.054934662998624484
456,transformer_L1,phase5_matched,test,fpr_at_most_0.01,0.9000217914581299,SQL Injection,0,0,
456,transformer_L1,phase5_matched,test,fpr_at_most_0.01,0.9000217914581299,SSH-Bruteforce,0,0,
456,transformer_L1,phase5_matched,test,fpr_at_most_0.005,0.9559289216995239,Bot,35326,0,0.0
456,transformer_L1,phase5_matched,test,fpr_at_most_0.005,0.9559289216995239,Brute Force -Web,0,0,
456,transformer_L1,phase5_matched,test,fpr_at_most_0.005,0.9559289216995239,Brute Force -XSS,0,0,
456,transformer_L1,phase5_matched,test,fpr_at_most_0.005,0.9559289216995239,DDOS attack-HOIC,0,0,
456,transformer_L1,phase5_matched,test,fpr_at_most_0.005,0.9559289216995239,DDOS attack-LOIC-UDP,0,0,
456,transformer_L1,phase5_matched,test,fpr_at_most_0.005,0.9559289216995239,DDoS attacks-LOIC-HTTP,0,0,
456,transformer_L1,phase5_matched,test,fpr_at_most_0.005,0.9559289216995239,DoS attacks-GoldenEye,0,0,
456,transformer_L1,phase5_matched,test,fpr_at_most_0.005,0.9559289216995239,DoS attacks-Hulk,0,0,
456,transformer_L1,phase5_matched,test,fpr_at_most_0.005,0.9559289216995239,DoS attacks-SlowHTTPTest,0,0,
456,transformer_L1,phase5_matched,test,fpr_at_most_0.005,0.9559289216995239,DoS attacks-Slowloris,0,0,
456,transformer_L1,phase5_matched,test,fpr_at_most_0.005,0.9559289216995239,FTP-BruteForce,0,0,
456,transformer_L1,phase5_matched,test,fpr_at_most_0.005,0.9559289216995239,Infilteration,11632,304,0.026134800550206328
456,transformer_L1,phase5_matched,test,fpr_at_most_0.005,0.9559289216995239,SQL Injection,0,0,
456,transformer_L1,phase5_matched,test,fpr_at_most_0.005,0.9559289216995239,SSH-Bruteforce,0,0,
456,transformer_L1,phase5_matched,test,fpr_at_most_0.001,0.9942295551300049,Bot,35326,0,0.0
456,transformer_L1,phase5_matched,test,fpr_at_most_0.001,0.9942295551300049,Brute Force -Web,0,0,
456,transformer_L1,phase5_matched,test,fpr_at_most_0.001,0.9942295551300049,Brute Force -XSS,0,0,
456,transformer_L1,phase5_matched,test,fpr_at_most_0.001,0.9942295551300049,DDOS attack-HOIC,0,0,
456,transformer_L1,phase5_matched,test,fpr_at_most_0.001,0.9942295551300049,DDOS attack-LOIC-UDP,0,0,
456,transformer_L1,phase5_matched,test,fpr_at_most_0.001,0.9942295551300049,DDoS attacks-LOIC-HTTP,0,0,
456,transformer_L1,phase5_matched,test,fpr_at_most_0.001,0.9942295551300049,DoS attacks-GoldenEye,0,0,
456,transformer_L1,phase5_matched,test,fpr_at_most_0.001,0.9942295551300049,DoS attacks-Hulk,0,0,
456,transformer_L1,phase5_matched,test,fpr_at_most_0.001,0.9942295551300049,DoS attacks-SlowHTTPTest,0,0,
456,transformer_L1,phase5_matched,test,fpr_at_most_0.001,0.9942295551300049,DoS attacks-Slowloris,0,0,
456,transformer_L1,phase5_matched,test,fpr_at_most_0.001,0.9942295551300049,FTP-BruteForce,0,0,
456,transformer_L1,phase5_matched,test,fpr_at_most_0.001,0.9942295551300049,Infilteration,11632,62,0.005330123796423659
456,transformer_L1,phase5_matched,test,fpr_at_most_0.001,0.9942295551300049,SQL Injection,0,0,
456,transformer_L1,phase5_matched,test,fpr_at_most_0.001,0.9942295551300049,SSH-Bruteforce,0,0,
456,transformer_L64,phase5_matched,validation,fixed_0_5,0.5,Bot,0,0,
456,transformer_L64,phase5_matched,validation,fixed_0_5,0.5,Brute Force -Web,48,0,0.0
456,transformer_L64,phase5_matched,validation,fixed_0_5,0.5,Brute Force -XSS,11,0,0.0
456,transformer_L64,phase5_matched,validation,fixed_0_5,0.5,DDOS attack-HOIC,0,0,
456,transformer_L64,phase5_matched,validation,fixed_0_5,0.5,DDOS attack-LOIC-UDP,0,0,
456,transformer_L64,phase5_matched,validation,fixed_0_5,0.5,DDoS attacks-LOIC-HTTP,0,0,
456,transformer_L64,phase5_matched,validation,fixed_0_5,0.5,DoS attacks-GoldenEye,0,0,
456,transformer_L64,phase5_matched,validation,fixed_0_5,0.5,DoS attacks-Hulk,0,0,
456,transformer_L64,phase5_matched,validation,fixed_0_5,0.5,DoS attacks-SlowHTTPTest,0,0,
456,transformer_L64,phase5_matched,validation,fixed_0_5,0.5,DoS attacks-Slowloris,0,0,
456,transformer_L64,phase5_matched,validation,fixed_0_5,0.5,FTP-BruteForce,0,0,
456,transformer_L64,phase5_matched,validation,fixed_0_5,0.5,Infilteration,8551,670,0.07835340895801661
456,transformer_L64,phase5_matched,validation,fixed_0_5,0.5,SQL Injection,4,0,0.0
456,transformer_L64,phase5_matched,validation,fixed_0_5,0.5,SSH-Bruteforce,0,0,
456,transformer_L64,phase5_matched,validation,maximum_macro_f1,0.02538141794502735,Bot,0,0,
456,transformer_L64,phase5_matched,validation,maximum_macro_f1,0.02538141794502735,Brute Force -Web,48,0,0.0
456,transformer_L64,phase5_matched,validation,maximum_macro_f1,0.02538141794502735,Brute Force -XSS,11,0,0.0
456,transformer_L64,phase5_matched,validation,maximum_macro_f1,0.02538141794502735,DDOS attack-HOIC,0,0,
456,transformer_L64,phase5_matched,validation,maximum_macro_f1,0.02538141794502735,DDOS attack-LOIC-UDP,0,0,
456,transformer_L64,phase5_matched,validation,maximum_macro_f1,0.02538141794502735,DDoS attacks-LOIC-HTTP,0,0,
456,transformer_L64,phase5_matched,validation,maximum_macro_f1,0.02538141794502735,DoS attacks-GoldenEye,0,0,
456,transformer_L64,phase5_matched,validation,maximum_macro_f1,0.02538141794502735,DoS attacks-Hulk,0,0,
456,transformer_L64,phase5_matched,validation,maximum_macro_f1,0.02538141794502735,DoS attacks-SlowHTTPTest,0,0,
456,transformer_L64,phase5_matched,validation,maximum_macro_f1,0.02538141794502735,DoS attacks-Slowloris,0,0,
456,transformer_L64,phase5_matched,validation,maximum_macro_f1,0.02538141794502735,FTP-BruteForce,0,0,
456,transformer_L64,phase5_matched,validation,maximum_macro_f1,0.02538141794502735,Infilteration,8551,793,0.0927376914980704
456,transformer_L64,phase5_matched,validation,maximum_macro_f1,0.02538141794502735,SQL Injection,4,0,0.0
456,transformer_L64,phase5_matched,validation,maximum_macro_f1,0.02538141794502735,SSH-Bruteforce,0,0,
456,transformer_L64,phase5_matched,validation,fpr_at_most_0.01,0.9840085506439209,Bot,0,0,
456,transformer_L64,phase5_matched,validation,fpr_at_most_0.01,0.9840085506439209,Brute Force -Web,48,0,0.0
456,transformer_L64,phase5_matched,validation,fpr_at_most_0.01,0.9840085506439209,Brute Force -XSS,11,0,0.0
456,transformer_L64,phase5_matched,validation,fpr_at_most_0.01,0.9840085506439209,DDOS attack-HOIC,0,0,
456,transformer_L64,phase5_matched,validation,fpr_at_most_0.01,0.9840085506439209,DDOS attack-LOIC-UDP,0,0,
456,transformer_L64,phase5_matched,validation,fpr_at_most_0.01,0.9840085506439209,DDoS attacks-LOIC-HTTP,0,0,
456,transformer_L64,phase5_matched,validation,fpr_at_most_0.01,0.9840085506439209,DoS attacks-GoldenEye,0,0,
456,transformer_L64,phase5_matched,validation,fpr_at_most_0.01,0.9840085506439209,DoS attacks-Hulk,0,0,
456,transformer_L64,phase5_matched,validation,fpr_at_most_0.01,0.9840085506439209,DoS attacks-SlowHTTPTest,0,0,
456,transformer_L64,phase5_matched,validation,fpr_at_most_0.01,0.9840085506439209,DoS attacks-Slowloris,0,0,
456,transformer_L64,phase5_matched,validation,fpr_at_most_0.01,0.9840085506439209,FTP-BruteForce,0,0,
456,transformer_L64,phase5_matched,validation,fpr_at_most_0.01,0.9840085506439209,Infilteration,8551,479,0.05601684013565665
456,transformer_L64,phase5_matched,validation,fpr_at_most_0.01,0.9840085506439209,SQL Injection,4,0,0.0
456,transformer_L64,phase5_matched,validation,fpr_at_most_0.01,0.9840085506439209,SSH-Bruteforce,0,0,
456,transformer_L64,phase5_matched,validation,fpr_at_most_0.005,0.9875754117965698,Bot,0,0,
456,transformer_L64,phase5_matched,validation,fpr_at_most_0.005,0.9875754117965698,Brute Force -Web,48,0,0.0
456,transformer_L64,phase5_matched,validation,fpr_at_most_0.005,0.9875754117965698,Brute Force -XSS,11,0,0.0
456,transformer_L64,phase5_matched,validation,fpr_at_most_0.005,0.9875754117965698,DDOS attack-HOIC,0,0,
456,transformer_L64,phase5_matched,validation,fpr_at_most_0.005,0.9875754117965698,DDOS attack-LOIC-UDP,0,0,
456,transformer_L64,phase5_matched,validation,fpr_at_most_0.005,0.9875754117965698,DDoS attacks-LOIC-HTTP,0,0,
456,transformer_L64,phase5_matched,validation,fpr_at_most_0.005,0.9875754117965698,DoS attacks-GoldenEye,0,0,
456,transformer_L64,phase5_matched,validation,fpr_at_most_0.005,0.9875754117965698,DoS attacks-Hulk,0,0,
456,transformer_L64,phase5_matched,validation,fpr_at_most_0.005,0.9875754117965698,DoS attacks-SlowHTTPTest,0,0,
456,transformer_L64,phase5_matched,validation,fpr_at_most_0.005,0.9875754117965698,DoS attacks-Slowloris,0,0,
456,transformer_L64,phase5_matched,validation,fpr_at_most_0.005,0.9875754117965698,FTP-BruteForce,0,0,
456,transformer_L64,phase5_matched,validation,fpr_at_most_0.005,0.9875754117965698,Infilteration,8551,246,0.02876856508010759
456,transformer_L64,phase5_matched,validation,fpr_at_most_0.005,0.9875754117965698,SQL Injection,4,0,0.0
456,transformer_L64,phase5_matched,validation,fpr_at_most_0.005,0.9875754117965698,SSH-Bruteforce,0,0,
456,transformer_L64,phase5_matched,validation,fpr_at_most_0.001,0.9905582666397095,Bot,0,0,
456,transformer_L64,phase5_matched,validation,fpr_at_most_0.001,0.9905582666397095,Brute Force -Web,48,0,0.0
456,transformer_L64,phase5_matched,validation,fpr_at_most_0.001,0.9905582666397095,Brute Force -XSS,11,0,0.0
456,transformer_L64,phase5_matched,validation,fpr_at_most_0.001,0.9905582666397095,DDOS attack-HOIC,0,0,
456,transformer_L64,phase5_matched,validation,fpr_at_most_0.001,0.9905582666397095,DDOS attack-LOIC-UDP,0,0,
456,transformer_L64,phase5_matched,validation,fpr_at_most_0.001,0.9905582666397095,DDoS attacks-LOIC-HTTP,0,0,
456,transformer_L64,phase5_matched,validation,fpr_at_most_0.001,0.9905582666397095,DoS attacks-GoldenEye,0,0,
456,transformer_L64,phase5_matched,validation,fpr_at_most_0.001,0.9905582666397095,DoS attacks-Hulk,0,0,
456,transformer_L64,phase5_matched,validation,fpr_at_most_0.001,0.9905582666397095,DoS attacks-SlowHTTPTest,0,0,
456,transformer_L64,phase5_matched,validation,fpr_at_most_0.001,0.9905582666397095,DoS attacks-Slowloris,0,0,
456,transformer_L64,phase5_matched,validation,fpr_at_most_0.001,0.9905582666397095,FTP-BruteForce,0,0,
456,transformer_L64,phase5_matched,validation,fpr_at_most_0.001,0.9905582666397095,Infilteration,8551,46,0.00537948777920711
456,transformer_L64,phase5_matched,validation,fpr_at_most_0.001,0.9905582666397095,SQL Injection,4,0,0.0
456,transformer_L64,phase5_matched,validation,fpr_at_most_0.001,0.9905582666397095,SSH-Bruteforce,0,0,
456,transformer_L64,phase5_matched,test,fixed_0_5,0.5,Bot,35326,0,0.0
456,transformer_L64,phase5_matched,test,fixed_0_5,0.5,Brute Force -Web,0,0,
456,transformer_L64,phase5_matched,test,fixed_0_5,0.5,Brute Force -XSS,0,0,
456,transformer_L64,phase5_matched,test,fixed_0_5,0.5,DDOS attack-HOIC,0,0,
456,transformer_L64,phase5_matched,test,fixed_0_5,0.5,DDOS attack-LOIC-UDP,0,0,
456,transformer_L64,phase5_matched,test,fixed_0_5,0.5,DDoS attacks-LOIC-HTTP,0,0,
456,transformer_L64,phase5_matched,test,fixed_0_5,0.5,DoS attacks-GoldenEye,0,0,
456,transformer_L64,phase5_matched,test,fixed_0_5,0.5,DoS attacks-Hulk,0,0,
456,transformer_L64,phase5_matched,test,fixed_0_5,0.5,DoS attacks-SlowHTTPTest,0,0,
456,transformer_L64,phase5_matched,test,fixed_0_5,0.5,DoS attacks-Slowloris,0,0,
456,transformer_L64,phase5_matched,test,fixed_0_5,0.5,FTP-BruteForce,0,0,
456,transformer_L64,phase5_matched,test,fixed_0_5,0.5,Infilteration,11632,963,0.0827888583218707
456,transformer_L64,phase5_matched,test,fixed_0_5,0.5,SQL Injection,0,0,
456,transformer_L64,phase5_matched,test,fixed_0_5,0.5,SSH-Bruteforce,0,0,
456,transformer_L64,phase5_matched,test,maximum_macro_f1,0.02538141794502735,Bot,35326,40,0.001132310479533488
456,transformer_L64,phase5_matched,test,maximum_macro_f1,0.02538141794502735,Brute Force -Web,0,0,
456,transformer_L64,phase5_matched,test,maximum_macro_f1,0.02538141794502735,Brute Force -XSS,0,0,
456,transformer_L64,phase5_matched,test,maximum_macro_f1,0.02538141794502735,DDOS attack-HOIC,0,0,
456,transformer_L64,phase5_matched,test,maximum_macro_f1,0.02538141794502735,DDOS attack-LOIC-UDP,0,0,
456,transformer_L64,phase5_matched,test,maximum_macro_f1,0.02538141794502735,DDoS attacks-LOIC-HTTP,0,0,
456,transformer_L64,phase5_matched,test,maximum_macro_f1,0.02538141794502735,DoS attacks-GoldenEye,0,0,
456,transformer_L64,phase5_matched,test,maximum_macro_f1,0.02538141794502735,DoS attacks-Hulk,0,0,
456,transformer_L64,phase5_matched,test,maximum_macro_f1,0.02538141794502735,DoS attacks-SlowHTTPTest,0,0,
456,transformer_L64,phase5_matched,test,maximum_macro_f1,0.02538141794502735,DoS attacks-Slowloris,0,0,
456,transformer_L64,phase5_matched,test,maximum_macro_f1,0.02538141794502735,FTP-BruteForce,0,0,
456,transformer_L64,phase5_matched,test,maximum_macro_f1,0.02538141794502735,Infilteration,11632,1175,0.10101444291609353
456,transformer_L64,phase5_matched,test,maximum_macro_f1,0.02538141794502735,SQL Injection,0,0,
456,transformer_L64,phase5_matched,test,maximum_macro_f1,0.02538141794502735,SSH-Bruteforce,0,0,
456,transformer_L64,phase5_matched,test,fpr_at_most_0.01,0.9840085506439209,Bot,35326,0,0.0
456,transformer_L64,phase5_matched,test,fpr_at_most_0.01,0.9840085506439209,Brute Force -Web,0,0,
456,transformer_L64,phase5_matched,test,fpr_at_most_0.01,0.9840085506439209,Brute Force -XSS,0,0,
456,transformer_L64,phase5_matched,test,fpr_at_most_0.01,0.9840085506439209,DDOS attack-HOIC,0,0,
456,transformer_L64,phase5_matched,test,fpr_at_most_0.01,0.9840085506439209,DDOS attack-LOIC-UDP,0,0,
456,transformer_L64,phase5_matched,test,fpr_at_most_0.01,0.9840085506439209,DDoS attacks-LOIC-HTTP,0,0,
456,transformer_L64,phase5_matched,test,fpr_at_most_0.01,0.9840085506439209,DoS attacks-GoldenEye,0,0,
456,transformer_L64,phase5_matched,test,fpr_at_most_0.01,0.9840085506439209,DoS attacks-Hulk,0,0,
456,transformer_L64,phase5_matched,test,fpr_at_most_0.01,0.9840085506439209,DoS attacks-SlowHTTPTest,0,0,
456,transformer_L64,phase5_matched,test,fpr_at_most_0.01,0.9840085506439209,DoS attacks-Slowloris,0,0,
456,transformer_L64,phase5_matched,test,fpr_at_most_0.01,0.9840085506439209,FTP-BruteForce,0,0,
456,transformer_L64,phase5_matched,test,fpr_at_most_0.01,0.9840085506439209,Infilteration,11632,655,0.0563101788170564
456,transformer_L64,phase5_matched,test,fpr_at_most_0.01,0.9840085506439209,SQL Injection,0,0,
456,transformer_L64,phase5_matched,test,fpr_at_most_0.01,0.9840085506439209,SSH-Bruteforce,0,0,
456,transformer_L64,phase5_matched,test,fpr_at_most_0.005,0.9875754117965698,Bot,35326,0,0.0
456,transformer_L64,phase5_matched,test,fpr_at_most_0.005,0.9875754117965698,Brute Force -Web,0,0,
456,transformer_L64,phase5_matched,test,fpr_at_most_0.005,0.9875754117965698,Brute Force -XSS,0,0,
456,transformer_L64,phase5_matched,test,fpr_at_most_0.005,0.9875754117965698,DDOS attack-HOIC,0,0,
456,transformer_L64,phase5_matched,test,fpr_at_most_0.005,0.9875754117965698,DDOS attack-LOIC-UDP,0,0,
456,transformer_L64,phase5_matched,test,fpr_at_most_0.005,0.9875754117965698,DDoS attacks-LOIC-HTTP,0,0,
456,transformer_L64,phase5_matched,test,fpr_at_most_0.005,0.9875754117965698,DoS attacks-GoldenEye,0,0,
456,transformer_L64,phase5_matched,test,fpr_at_most_0.005,0.9875754117965698,DoS attacks-Hulk,0,0,
456,transformer_L64,phase5_matched,test,fpr_at_most_0.005,0.9875754117965698,DoS attacks-SlowHTTPTest,0,0,
456,transformer_L64,phase5_matched,test,fpr_at_most_0.005,0.9875754117965698,DoS attacks-Slowloris,0,0,
456,transformer_L64,phase5_matched,test,fpr_at_most_0.005,0.9875754117965698,FTP-BruteForce,0,0,
456,transformer_L64,phase5_matched,test,fpr_at_most_0.005,0.9875754117965698,Infilteration,11632,312,0.026822558459422285
456,transformer_L64,phase5_matched,test,fpr_at_most_0.005,0.9875754117965698,SQL Injection,0,0,
456,transformer_L64,phase5_matched,test,fpr_at_most_0.005,0.9875754117965698,SSH-Bruteforce,0,0,
456,transformer_L64,phase5_matched,test,fpr_at_most_0.001,0.9905582666397095,Bot,35326,0,0.0
456,transformer_L64,phase5_matched,test,fpr_at_most_0.001,0.9905582666397095,Brute Force -Web,0,0,
456,transformer_L64,phase5_matched,test,fpr_at_most_0.001,0.9905582666397095,Brute Force -XSS,0,0,
456,transformer_L64,phase5_matched,test,fpr_at_most_0.001,0.9905582666397095,DDOS attack-HOIC,0,0,
456,transformer_L64,phase5_matched,test,fpr_at_most_0.001,0.9905582666397095,DDOS attack-LOIC-UDP,0,0,
456,transformer_L64,phase5_matched,test,fpr_at_most_0.001,0.9905582666397095,DDoS attacks-LOIC-HTTP,0,0,
456,transformer_L64,phase5_matched,test,fpr_at_most_0.001,0.9905582666397095,DoS attacks-GoldenEye,0,0,
456,transformer_L64,phase5_matched,test,fpr_at_most_0.001,0.9905582666397095,DoS attacks-Hulk,0,0,
456,transformer_L64,phase5_matched,test,fpr_at_most_0.001,0.9905582666397095,DoS attacks-SlowHTTPTest,0,0,
456,transformer_L64,phase5_matched,test,fpr_at_most_0.001,0.9905582666397095,DoS attacks-Slowloris,0,0,
456,transformer_L64,phase5_matched,test,fpr_at_most_0.001,0.9905582666397095,FTP-BruteForce,0,0,
456,transformer_L64,phase5_matched,test,fpr_at_most_0.001,0.9905582666397095,Infilteration,11632,62,0.005330123796423659
456,transformer_L64,phase5_matched,test,fpr_at_most_0.001,0.9905582666397095,SQL Injection,0,0,
456,transformer_L64,phase5_matched,test,fpr_at_most_0.001,0.9905582666397095,SSH-Bruteforce,0,0,
456,autoencoder_B,full_dataset,validation,benign_fpr_at_most_0.05,0.03378957590657119,Bot,0,0,
456,autoencoder_B,full_dataset,validation,benign_fpr_at_most_0.05,0.03378957590657119,Brute Force -Web,362,189,0.5220994475138122
456,autoencoder_B,full_dataset,validation,benign_fpr_at_most_0.05,0.03378957590657119,Brute Force -XSS,151,76,0.5033112582781457
456,autoencoder_B,full_dataset,validation,benign_fpr_at_most_0.05,0.03378957590657119,DDOS attack-HOIC,0,0,
456,autoencoder_B,full_dataset,validation,benign_fpr_at_most_0.05,0.03378957590657119,DDOS attack-LOIC-UDP,0,0,
456,autoencoder_B,full_dataset,validation,benign_fpr_at_most_0.05,0.03378957590657119,DDoS attacks-LOIC-HTTP,0,0,
456,autoencoder_B,full_dataset,validation,benign_fpr_at_most_0.05,0.03378957590657119,DoS attacks-GoldenEye,0,0,
456,autoencoder_B,full_dataset,validation,benign_fpr_at_most_0.05,0.03378957590657119,DoS attacks-Hulk,0,0,
456,autoencoder_B,full_dataset,validation,benign_fpr_at_most_0.05,0.03378957590657119,DoS attacks-SlowHTTPTest,0,0,
456,autoencoder_B,full_dataset,validation,benign_fpr_at_most_0.05,0.03378957590657119,DoS attacks-Slowloris,0,0,
456,autoencoder_B,full_dataset,validation,benign_fpr_at_most_0.05,0.03378957590657119,FTP-BruteForce,0,0,
456,autoencoder_B,full_dataset,validation,benign_fpr_at_most_0.05,0.03378957590657119,Infilteration,68857,8023,0.11651683924655445
456,autoencoder_B,full_dataset,validation,benign_fpr_at_most_0.05,0.03378957590657119,SQL Injection,53,5,0.09433962264150944
456,autoencoder_B,full_dataset,validation,benign_fpr_at_most_0.05,0.03378957590657119,SSH-Bruteforce,0,0,
456,autoencoder_B,full_dataset,validation,benign_fpr_at_most_0.01,0.23894272892668103,Bot,0,0,
456,autoencoder_B,full_dataset,validation,benign_fpr_at_most_0.01,0.23894272892668103,Brute Force -Web,362,128,0.35359116022099446
456,autoencoder_B,full_dataset,validation,benign_fpr_at_most_0.01,0.23894272892668103,Brute Force -XSS,151,76,0.5033112582781457
456,autoencoder_B,full_dataset,validation,benign_fpr_at_most_0.01,0.23894272892668103,DDOS attack-HOIC,0,0,
456,autoencoder_B,full_dataset,validation,benign_fpr_at_most_0.01,0.23894272892668103,DDOS attack-LOIC-UDP,0,0,
456,autoencoder_B,full_dataset,validation,benign_fpr_at_most_0.01,0.23894272892668103,DDoS attacks-LOIC-HTTP,0,0,
456,autoencoder_B,full_dataset,validation,benign_fpr_at_most_0.01,0.23894272892668103,DoS attacks-GoldenEye,0,0,
456,autoencoder_B,full_dataset,validation,benign_fpr_at_most_0.01,0.23894272892668103,DoS attacks-Hulk,0,0,
456,autoencoder_B,full_dataset,validation,benign_fpr_at_most_0.01,0.23894272892668103,DoS attacks-SlowHTTPTest,0,0,
456,autoencoder_B,full_dataset,validation,benign_fpr_at_most_0.01,0.23894272892668103,DoS attacks-Slowloris,0,0,
456,autoencoder_B,full_dataset,validation,benign_fpr_at_most_0.01,0.23894272892668103,FTP-BruteForce,0,0,
456,autoencoder_B,full_dataset,validation,benign_fpr_at_most_0.01,0.23894272892668103,Infilteration,68857,2599,0.03774489158691201
456,autoencoder_B,full_dataset,validation,benign_fpr_at_most_0.01,0.23894272892668103,SQL Injection,53,2,0.03773584905660377
456,autoencoder_B,full_dataset,validation,benign_fpr_at_most_0.01,0.23894272892668103,SSH-Bruteforce,0,0,
456,autoencoder_B,full_dataset,validation,benign_fpr_at_most_0.005,0.2653748573583128,Bot,0,0,
456,autoencoder_B,full_dataset,validation,benign_fpr_at_most_0.005,0.2653748573583128,Brute Force -Web,362,128,0.35359116022099446
456,autoencoder_B,full_dataset,validation,benign_fpr_at_most_0.005,0.2653748573583128,Brute Force -XSS,151,76,0.5033112582781457
456,autoencoder_B,full_dataset,validation,benign_fpr_at_most_0.005,0.2653748573583128,DDOS attack-HOIC,0,0,
456,autoencoder_B,full_dataset,validation,benign_fpr_at_most_0.005,0.2653748573583128,DDOS attack-LOIC-UDP,0,0,
456,autoencoder_B,full_dataset,validation,benign_fpr_at_most_0.005,0.2653748573583128,DDoS attacks-LOIC-HTTP,0,0,
456,autoencoder_B,full_dataset,validation,benign_fpr_at_most_0.005,0.2653748573583128,DoS attacks-GoldenEye,0,0,
456,autoencoder_B,full_dataset,validation,benign_fpr_at_most_0.005,0.2653748573583128,DoS attacks-Hulk,0,0,
456,autoencoder_B,full_dataset,validation,benign_fpr_at_most_0.005,0.2653748573583128,DoS attacks-SlowHTTPTest,0,0,
456,autoencoder_B,full_dataset,validation,benign_fpr_at_most_0.005,0.2653748573583128,DoS attacks-Slowloris,0,0,
456,autoencoder_B,full_dataset,validation,benign_fpr_at_most_0.005,0.2653748573583128,FTP-BruteForce,0,0,
456,autoencoder_B,full_dataset,validation,benign_fpr_at_most_0.005,0.2653748573583128,Infilteration,68857,801,0.011632804217436135
456,autoencoder_B,full_dataset,validation,benign_fpr_at_most_0.005,0.2653748573583128,SQL Injection,53,2,0.03773584905660377
456,autoencoder_B,full_dataset,validation,benign_fpr_at_most_0.005,0.2653748573583128,SSH-Bruteforce,0,0,
456,autoencoder_B,full_dataset,validation,benign_fpr_at_most_0.001,0.7933283115500299,Bot,0,0,
456,autoencoder_B,full_dataset,validation,benign_fpr_at_most_0.001,0.7933283115500299,Brute Force -Web,362,0,0.0
456,autoencoder_B,full_dataset,validation,benign_fpr_at_most_0.001,0.7933283115500299,Brute Force -XSS,151,0,0.0
456,autoencoder_B,full_dataset,validation,benign_fpr_at_most_0.001,0.7933283115500299,DDOS attack-HOIC,0,0,
456,autoencoder_B,full_dataset,validation,benign_fpr_at_most_0.001,0.7933283115500299,DDOS attack-LOIC-UDP,0,0,
456,autoencoder_B,full_dataset,validation,benign_fpr_at_most_0.001,0.7933283115500299,DDoS attacks-LOIC-HTTP,0,0,
456,autoencoder_B,full_dataset,validation,benign_fpr_at_most_0.001,0.7933283115500299,DoS attacks-GoldenEye,0,0,
456,autoencoder_B,full_dataset,validation,benign_fpr_at_most_0.001,0.7933283115500299,DoS attacks-Hulk,0,0,
456,autoencoder_B,full_dataset,validation,benign_fpr_at_most_0.001,0.7933283115500299,DoS attacks-SlowHTTPTest,0,0,
456,autoencoder_B,full_dataset,validation,benign_fpr_at_most_0.001,0.7933283115500299,DoS attacks-Slowloris,0,0,
456,autoencoder_B,full_dataset,validation,benign_fpr_at_most_0.001,0.7933283115500299,FTP-BruteForce,0,0,
456,autoencoder_B,full_dataset,validation,benign_fpr_at_most_0.001,0.7933283115500299,Infilteration,68857,205,0.0029771845999680495
456,autoencoder_B,full_dataset,validation,benign_fpr_at_most_0.001,0.7933283115500299,SQL Injection,53,0,0.0
456,autoencoder_B,full_dataset,validation,benign_fpr_at_most_0.001,0.7933283115500299,SSH-Bruteforce,0,0,
456,autoencoder_B,full_dataset,test,benign_fpr_at_most_0.05,0.03378957590657119,Bot,282310,5312,0.018816194962983954
456,autoencoder_B,full_dataset,test,benign_fpr_at_most_0.05,0.03378957590657119,Brute Force -Web,0,0,
456,autoencoder_B,full_dataset,test,benign_fpr_at_most_0.05,0.03378957590657119,Brute Force -XSS,0,0,
456,autoencoder_B,full_dataset,test,benign_fpr_at_most_0.05,0.03378957590657119,DDOS attack-HOIC,0,0,
456,autoencoder_B,full_dataset,test,benign_fpr_at_most_0.05,0.03378957590657119,DDOS attack-LOIC-UDP,0,0,
456,autoencoder_B,full_dataset,test,benign_fpr_at_most_0.05,0.03378957590657119,DDoS attacks-LOIC-HTTP,0,0,
456,autoencoder_B,full_dataset,test,benign_fpr_at_most_0.05,0.03378957590657119,DoS attacks-GoldenEye,0,0,
456,autoencoder_B,full_dataset,test,benign_fpr_at_most_0.05,0.03378957590657119,DoS attacks-Hulk,0,0,
456,autoencoder_B,full_dataset,test,benign_fpr_at_most_0.05,0.03378957590657119,DoS attacks-SlowHTTPTest,0,0,
456,autoencoder_B,full_dataset,test,benign_fpr_at_most_0.05,0.03378957590657119,DoS attacks-Slowloris,0,0,
456,autoencoder_B,full_dataset,test,benign_fpr_at_most_0.05,0.03378957590657119,FTP-BruteForce,0,0,
456,autoencoder_B,full_dataset,test,benign_fpr_at_most_0.05,0.03378957590657119,Infilteration,93040,11848,0.12734307824591573
456,autoencoder_B,full_dataset,test,benign_fpr_at_most_0.05,0.03378957590657119,SQL Injection,0,0,
456,autoencoder_B,full_dataset,test,benign_fpr_at_most_0.05,0.03378957590657119,SSH-Bruteforce,0,0,
456,autoencoder_B,full_dataset,test,benign_fpr_at_most_0.01,0.23894272892668103,Bot,282310,181,0.000641139173249265
456,autoencoder_B,full_dataset,test,benign_fpr_at_most_0.01,0.23894272892668103,Brute Force -Web,0,0,
456,autoencoder_B,full_dataset,test,benign_fpr_at_most_0.01,0.23894272892668103,Brute Force -XSS,0,0,
456,autoencoder_B,full_dataset,test,benign_fpr_at_most_0.01,0.23894272892668103,DDOS attack-HOIC,0,0,
456,autoencoder_B,full_dataset,test,benign_fpr_at_most_0.01,0.23894272892668103,DDOS attack-LOIC-UDP,0,0,
456,autoencoder_B,full_dataset,test,benign_fpr_at_most_0.01,0.23894272892668103,DDoS attacks-LOIC-HTTP,0,0,
456,autoencoder_B,full_dataset,test,benign_fpr_at_most_0.01,0.23894272892668103,DoS attacks-GoldenEye,0,0,
456,autoencoder_B,full_dataset,test,benign_fpr_at_most_0.01,0.23894272892668103,DoS attacks-Hulk,0,0,
456,autoencoder_B,full_dataset,test,benign_fpr_at_most_0.01,0.23894272892668103,DoS attacks-SlowHTTPTest,0,0,
456,autoencoder_B,full_dataset,test,benign_fpr_at_most_0.01,0.23894272892668103,DoS attacks-Slowloris,0,0,
456,autoencoder_B,full_dataset,test,benign_fpr_at_most_0.01,0.23894272892668103,FTP-BruteForce,0,0,
456,autoencoder_B,full_dataset,test,benign_fpr_at_most_0.01,0.23894272892668103,Infilteration,93040,3294,0.03540412725709372
456,autoencoder_B,full_dataset,test,benign_fpr_at_most_0.01,0.23894272892668103,SQL Injection,0,0,
456,autoencoder_B,full_dataset,test,benign_fpr_at_most_0.01,0.23894272892668103,SSH-Bruteforce,0,0,
456,autoencoder_B,full_dataset,test,benign_fpr_at_most_0.005,0.2653748573583128,Bot,282310,176,0.0006234281463639262
456,autoencoder_B,full_dataset,test,benign_fpr_at_most_0.005,0.2653748573583128,Brute Force -Web,0,0,
456,autoencoder_B,full_dataset,test,benign_fpr_at_most_0.005,0.2653748573583128,Brute Force -XSS,0,0,
456,autoencoder_B,full_dataset,test,benign_fpr_at_most_0.005,0.2653748573583128,DDOS attack-HOIC,0,0,
456,autoencoder_B,full_dataset,test,benign_fpr_at_most_0.005,0.2653748573583128,DDOS attack-LOIC-UDP,0,0,
456,autoencoder_B,full_dataset,test,benign_fpr_at_most_0.005,0.2653748573583128,DDoS attacks-LOIC-HTTP,0,0,
456,autoencoder_B,full_dataset,test,benign_fpr_at_most_0.005,0.2653748573583128,DoS attacks-GoldenEye,0,0,
456,autoencoder_B,full_dataset,test,benign_fpr_at_most_0.005,0.2653748573583128,DoS attacks-Hulk,0,0,
456,autoencoder_B,full_dataset,test,benign_fpr_at_most_0.005,0.2653748573583128,DoS attacks-SlowHTTPTest,0,0,
456,autoencoder_B,full_dataset,test,benign_fpr_at_most_0.005,0.2653748573583128,DoS attacks-Slowloris,0,0,
456,autoencoder_B,full_dataset,test,benign_fpr_at_most_0.005,0.2653748573583128,FTP-BruteForce,0,0,
456,autoencoder_B,full_dataset,test,benign_fpr_at_most_0.005,0.2653748573583128,Infilteration,93040,788,0.008469475494411006
456,autoencoder_B,full_dataset,test,benign_fpr_at_most_0.005,0.2653748573583128,SQL Injection,0,0,
456,autoencoder_B,full_dataset,test,benign_fpr_at_most_0.005,0.2653748573583128,SSH-Bruteforce,0,0,
456,autoencoder_B,full_dataset,test,benign_fpr_at_most_0.001,0.7933283115500299,Bot,282310,98,0.00034713612695264073
456,autoencoder_B,full_dataset,test,benign_fpr_at_most_0.001,0.7933283115500299,Brute Force -Web,0,0,
456,autoencoder_B,full_dataset,test,benign_fpr_at_most_0.001,0.7933283115500299,Brute Force -XSS,0,0,
456,autoencoder_B,full_dataset,test,benign_fpr_at_most_0.001,0.7933283115500299,DDOS attack-HOIC,0,0,
456,autoencoder_B,full_dataset,test,benign_fpr_at_most_0.001,0.7933283115500299,DDOS attack-LOIC-UDP,0,0,
456,autoencoder_B,full_dataset,test,benign_fpr_at_most_0.001,0.7933283115500299,DDoS attacks-LOIC-HTTP,0,0,
456,autoencoder_B,full_dataset,test,benign_fpr_at_most_0.001,0.7933283115500299,DoS attacks-GoldenEye,0,0,
456,autoencoder_B,full_dataset,test,benign_fpr_at_most_0.001,0.7933283115500299,DoS attacks-Hulk,0,0,
456,autoencoder_B,full_dataset,test,benign_fpr_at_most_0.001,0.7933283115500299,DoS attacks-SlowHTTPTest,0,0,
456,autoencoder_B,full_dataset,test,benign_fpr_at_most_0.001,0.7933283115500299,DoS attacks-Slowloris,0,0,
456,autoencoder_B,full_dataset,test,benign_fpr_at_most_0.001,0.7933283115500299,FTP-BruteForce,0,0,
456,autoencoder_B,full_dataset,test,benign_fpr_at_most_0.001,0.7933283115500299,Infilteration,93040,176,0.001891659501289768
456,autoencoder_B,full_dataset,test,benign_fpr_at_most_0.001,0.7933283115500299,SQL Injection,0,0,
456,autoencoder_B,full_dataset,test,benign_fpr_at_most_0.001,0.7933283115500299,SSH-Bruteforce,0,0,
456,logistic_regression,phase5_matched,validation,fixed_0_5,0.5,Bot,0,0,
456,logistic_regression,phase5_matched,validation,fixed_0_5,0.5,Brute Force -Web,48,4,0.08333333333333333
456,logistic_regression,phase5_matched,validation,fixed_0_5,0.5,Brute Force -XSS,11,4,0.36363636363636365
456,logistic_regression,phase5_matched,validation,fixed_0_5,0.5,DDOS attack-HOIC,0,0,
456,logistic_regression,phase5_matched,validation,fixed_0_5,0.5,DDOS attack-LOIC-UDP,0,0,
456,logistic_regression,phase5_matched,validation,fixed_0_5,0.5,DDoS attacks-LOIC-HTTP,0,0,
456,logistic_regression,phase5_matched,validation,fixed_0_5,0.5,DoS attacks-GoldenEye,0,0,
456,logistic_regression,phase5_matched,validation,fixed_0_5,0.5,DoS attacks-Hulk,0,0,
456,logistic_regression,phase5_matched,validation,fixed_0_5,0.5,DoS attacks-SlowHTTPTest,0,0,
456,logistic_regression,phase5_matched,validation,fixed_0_5,0.5,DoS attacks-Slowloris,0,0,
456,logistic_regression,phase5_matched,validation,fixed_0_5,0.5,FTP-BruteForce,0,0,
456,logistic_regression,phase5_matched,validation,fixed_0_5,0.5,Infilteration,8551,616,0.07203835808677347
456,logistic_regression,phase5_matched,validation,fixed_0_5,0.5,SQL Injection,4,0,0.0
456,logistic_regression,phase5_matched,validation,fixed_0_5,0.5,SSH-Bruteforce,0,0,
456,logistic_regression,phase5_matched,validation,fpr_at_most_0.01,0.9831598401069641,Bot,0,0,
456,logistic_regression,phase5_matched,validation,fpr_at_most_0.01,0.9831598401069641,Brute Force -Web,48,0,0.0
456,logistic_regression,phase5_matched,validation,fpr_at_most_0.01,0.9831598401069641,Brute Force -XSS,11,0,0.0
456,logistic_regression,phase5_matched,validation,fpr_at_most_0.01,0.9831598401069641,DDOS attack-HOIC,0,0,
456,logistic_regression,phase5_matched,validation,fpr_at_most_0.01,0.9831598401069641,DDOS attack-LOIC-UDP,0,0,
456,logistic_regression,phase5_matched,validation,fpr_at_most_0.01,0.9831598401069641,DDoS attacks-LOIC-HTTP,0,0,
456,logistic_regression,phase5_matched,validation,fpr_at_most_0.01,0.9831598401069641,DoS attacks-GoldenEye,0,0,
456,logistic_regression,phase5_matched,validation,fpr_at_most_0.01,0.9831598401069641,DoS attacks-Hulk,0,0,
456,logistic_regression,phase5_matched,validation,fpr_at_most_0.01,0.9831598401069641,DoS attacks-SlowHTTPTest,0,0,
456,logistic_regression,phase5_matched,validation,fpr_at_most_0.01,0.9831598401069641,DoS attacks-Slowloris,0,0,
456,logistic_regression,phase5_matched,validation,fpr_at_most_0.01,0.9831598401069641,FTP-BruteForce,0,0,
456,logistic_regression,phase5_matched,validation,fpr_at_most_0.01,0.9831598401069641,Infilteration,8551,44,0.005145597006198105
456,logistic_regression,phase5_matched,validation,fpr_at_most_0.01,0.9831598401069641,SQL Injection,4,0,0.0
456,logistic_regression,phase5_matched,validation,fpr_at_most_0.01,0.9831598401069641,SSH-Bruteforce,0,0,
456,logistic_regression,phase5_matched,test,fixed_0_5,0.5,Bot,35326,0,0.0
456,logistic_regression,phase5_matched,test,fixed_0_5,0.5,Brute Force -Web,0,0,
456,logistic_regression,phase5_matched,test,fixed_0_5,0.5,Brute Force -XSS,0,0,
456,logistic_regression,phase5_matched,test,fixed_0_5,0.5,DDOS attack-HOIC,0,0,
456,logistic_regression,phase5_matched,test,fixed_0_5,0.5,DDOS attack-LOIC-UDP,0,0,
456,logistic_regression,phase5_matched,test,fixed_0_5,0.5,DDoS attacks-LOIC-HTTP,0,0,
456,logistic_regression,phase5_matched,test,fixed_0_5,0.5,DoS attacks-GoldenEye,0,0,
456,logistic_regression,phase5_matched,test,fixed_0_5,0.5,DoS attacks-Hulk,0,0,
456,logistic_regression,phase5_matched,test,fixed_0_5,0.5,DoS attacks-SlowHTTPTest,0,0,
456,logistic_regression,phase5_matched,test,fixed_0_5,0.5,DoS attacks-Slowloris,0,0,
456,logistic_regression,phase5_matched,test,fixed_0_5,0.5,FTP-BruteForce,0,0,
456,logistic_regression,phase5_matched,test,fixed_0_5,0.5,Infilteration,11632,394,0.03387207702888583
456,logistic_regression,phase5_matched,test,fixed_0_5,0.5,SQL Injection,0,0,
456,logistic_regression,phase5_matched,test,fixed_0_5,0.5,SSH-Bruteforce,0,0,
456,logistic_regression,phase5_matched,test,fpr_at_most_0.01,0.9831598401069641,Bot,35326,0,0.0
456,logistic_regression,phase5_matched,test,fpr_at_most_0.01,0.9831598401069641,Brute Force -Web,0,0,
456,logistic_regression,phase5_matched,test,fpr_at_most_0.01,0.9831598401069641,Brute Force -XSS,0,0,
456,logistic_regression,phase5_matched,test,fpr_at_most_0.01,0.9831598401069641,DDOS attack-HOIC,0,0,
456,logistic_regression,phase5_matched,test,fpr_at_most_0.01,0.9831598401069641,DDOS attack-LOIC-UDP,0,0,
456,logistic_regression,phase5_matched,test,fpr_at_most_0.01,0.9831598401069641,DDoS attacks-LOIC-HTTP,0,0,
456,logistic_regression,phase5_matched,test,fpr_at_most_0.01,0.9831598401069641,DoS attacks-GoldenEye,0,0,
456,logistic_regression,phase5_matched,test,fpr_at_most_0.01,0.9831598401069641,DoS attacks-Hulk,0,0,
456,logistic_regression,phase5_matched,test,fpr_at_most_0.01,0.9831598401069641,DoS attacks-SlowHTTPTest,0,0,
456,logistic_regression,phase5_matched,test,fpr_at_most_0.01,0.9831598401069641,DoS attacks-Slowloris,0,0,
456,logistic_regression,phase5_matched,test,fpr_at_most_0.01,0.9831598401069641,FTP-BruteForce,0,0,
456,logistic_regression,phase5_matched,test,fpr_at_most_0.01,0.9831598401069641,Infilteration,11632,59,0.005072214580467675
456,logistic_regression,phase5_matched,test,fpr_at_most_0.01,0.9831598401069641,SQL Injection,0,0,
456,logistic_regression,phase5_matched,test,fpr_at_most_0.01,0.9831598401069641,SSH-Bruteforce,0,0,
456,random_forest,phase5_matched,validation,fixed_0_5,0.5,Bot,0,0,
456,random_forest,phase5_matched,validation,fixed_0_5,0.5,Brute Force -Web,48,13,0.2708333333333333
456,random_forest,phase5_matched,validation,fixed_0_5,0.5,Brute Force -XSS,11,5,0.45454545454545453
456,random_forest,phase5_matched,validation,fixed_0_5,0.5,DDOS attack-HOIC,0,0,
456,random_forest,phase5_matched,validation,fixed_0_5,0.5,DDOS attack-LOIC-UDP,0,0,
456,random_forest,phase5_matched,validation,fixed_0_5,0.5,DDoS attacks-LOIC-HTTP,0,0,
456,random_forest,phase5_matched,validation,fixed_0_5,0.5,DoS attacks-GoldenEye,0,0,
456,random_forest,phase5_matched,validation,fixed_0_5,0.5,DoS attacks-Hulk,0,0,
456,random_forest,phase5_matched,validation,fixed_0_5,0.5,DoS attacks-SlowHTTPTest,0,0,
456,random_forest,phase5_matched,validation,fixed_0_5,0.5,DoS attacks-Slowloris,0,0,
456,random_forest,phase5_matched,validation,fixed_0_5,0.5,FTP-BruteForce,0,0,
456,random_forest,phase5_matched,validation,fixed_0_5,0.5,Infilteration,8551,18,0.0021050169570810432
456,random_forest,phase5_matched,validation,fixed_0_5,0.5,SQL Injection,4,0,0.0
456,random_forest,phase5_matched,validation,fixed_0_5,0.5,SSH-Bruteforce,0,0,
456,random_forest,phase5_matched,validation,fpr_at_most_0.01,0.16905838703221476,Bot,0,0,
456,random_forest,phase5_matched,validation,fpr_at_most_0.01,0.16905838703221476,Brute Force -Web,48,27,0.5625
456,random_forest,phase5_matched,validation,fpr_at_most_0.01,0.16905838703221476,Brute Force -XSS,11,9,0.8181818181818182
456,random_forest,phase5_matched,validation,fpr_at_most_0.01,0.16905838703221476,DDOS attack-HOIC,0,0,
456,random_forest,phase5_matched,validation,fpr_at_most_0.01,0.16905838703221476,DDOS attack-LOIC-UDP,0,0,
456,random_forest,phase5_matched,validation,fpr_at_most_0.01,0.16905838703221476,DDoS attacks-LOIC-HTTP,0,0,
456,random_forest,phase5_matched,validation,fpr_at_most_0.01,0.16905838703221476,DoS attacks-GoldenEye,0,0,
456,random_forest,phase5_matched,validation,fpr_at_most_0.01,0.16905838703221476,DoS attacks-Hulk,0,0,
456,random_forest,phase5_matched,validation,fpr_at_most_0.01,0.16905838703221476,DoS attacks-SlowHTTPTest,0,0,
456,random_forest,phase5_matched,validation,fpr_at_most_0.01,0.16905838703221476,DoS attacks-Slowloris,0,0,
456,random_forest,phase5_matched,validation,fpr_at_most_0.01,0.16905838703221476,FTP-BruteForce,0,0,
456,random_forest,phase5_matched,validation,fpr_at_most_0.01,0.16905838703221476,Infilteration,8551,94,0.010992866331423226
456,random_forest,phase5_matched,validation,fpr_at_most_0.01,0.16905838703221476,SQL Injection,4,3,0.75
456,random_forest,phase5_matched,validation,fpr_at_most_0.01,0.16905838703221476,SSH-Bruteforce,0,0,
456,random_forest,phase5_matched,test,fixed_0_5,0.5,Bot,35326,0,0.0
456,random_forest,phase5_matched,test,fixed_0_5,0.5,Brute Force -Web,0,0,
456,random_forest,phase5_matched,test,fixed_0_5,0.5,Brute Force -XSS,0,0,
456,random_forest,phase5_matched,test,fixed_0_5,0.5,DDOS attack-HOIC,0,0,
456,random_forest,phase5_matched,test,fixed_0_5,0.5,DDOS attack-LOIC-UDP,0,0,
456,random_forest,phase5_matched,test,fixed_0_5,0.5,DDoS attacks-LOIC-HTTP,0,0,
456,random_forest,phase5_matched,test,fixed_0_5,0.5,DoS attacks-GoldenEye,0,0,
456,random_forest,phase5_matched,test,fixed_0_5,0.5,DoS attacks-Hulk,0,0,
456,random_forest,phase5_matched,test,fixed_0_5,0.5,DoS attacks-SlowHTTPTest,0,0,
456,random_forest,phase5_matched,test,fixed_0_5,0.5,DoS attacks-Slowloris,0,0,
456,random_forest,phase5_matched,test,fixed_0_5,0.5,FTP-BruteForce,0,0,
456,random_forest,phase5_matched,test,fixed_0_5,0.5,Infilteration,11632,37,0.0031808803301237964
456,random_forest,phase5_matched,test,fixed_0_5,0.5,SQL Injection,0,0,
456,random_forest,phase5_matched,test,fixed_0_5,0.5,SSH-Bruteforce,0,0,
456,random_forest,phase5_matched,test,fpr_at_most_0.01,0.16905838703221476,Bot,35326,17317,0.49020551435203535
456,random_forest,phase5_matched,test,fpr_at_most_0.01,0.16905838703221476,Brute Force -Web,0,0,
456,random_forest,phase5_matched,test,fpr_at_most_0.01,0.16905838703221476,Brute Force -XSS,0,0,
456,random_forest,phase5_matched,test,fpr_at_most_0.01,0.16905838703221476,DDOS attack-HOIC,0,0,
456,random_forest,phase5_matched,test,fpr_at_most_0.01,0.16905838703221476,DDOS attack-LOIC-UDP,0,0,
456,random_forest,phase5_matched,test,fpr_at_most_0.01,0.16905838703221476,DDoS attacks-LOIC-HTTP,0,0,
456,random_forest,phase5_matched,test,fpr_at_most_0.01,0.16905838703221476,DoS attacks-GoldenEye,0,0,
456,random_forest,phase5_matched,test,fpr_at_most_0.01,0.16905838703221476,DoS attacks-Hulk,0,0,
456,random_forest,phase5_matched,test,fpr_at_most_0.01,0.16905838703221476,DoS attacks-SlowHTTPTest,0,0,
456,random_forest,phase5_matched,test,fpr_at_most_0.01,0.16905838703221476,DoS attacks-Slowloris,0,0,
456,random_forest,phase5_matched,test,fpr_at_most_0.01,0.16905838703221476,FTP-BruteForce,0,0,
456,random_forest,phase5_matched,test,fpr_at_most_0.01,0.16905838703221476,Infilteration,11632,208,0.017881705639614855
456,random_forest,phase5_matched,test,fpr_at_most_0.01,0.16905838703221476,SQL Injection,0,0,
456,random_forest,phase5_matched,test,fpr_at_most_0.01,0.16905838703221476,SSH-Bruteforce,0,0,
456,xgboost,phase5_matched,validation,fixed_0_5,0.5,Bot,0,0,
456,xgboost,phase5_matched,validation,fixed_0_5,0.5,Brute Force -Web,48,11,0.22916666666666666
456,xgboost,phase5_matched,validation,fixed_0_5,0.5,Brute Force -XSS,11,7,0.6363636363636364
456,xgboost,phase5_matched,validation,fixed_0_5,0.5,DDOS attack-HOIC,0,0,
456,xgboost,phase5_matched,validation,fixed_0_5,0.5,DDOS attack-LOIC-UDP,0,0,
456,xgboost,phase5_matched,validation,fixed_0_5,0.5,DDoS attacks-LOIC-HTTP,0,0,
456,xgboost,phase5_matched,validation,fixed_0_5,0.5,DoS attacks-GoldenEye,0,0,
456,xgboost,phase5_matched,validation,fixed_0_5,0.5,DoS attacks-Hulk,0,0,
456,xgboost,phase5_matched,validation,fixed_0_5,0.5,DoS attacks-SlowHTTPTest,0,0,
456,xgboost,phase5_matched,validation,fixed_0_5,0.5,DoS attacks-Slowloris,0,0,
456,xgboost,phase5_matched,validation,fixed_0_5,0.5,FTP-BruteForce,0,0,
456,xgboost,phase5_matched,validation,fixed_0_5,0.5,Infilteration,8551,93,0.010875920944918722
456,xgboost,phase5_matched,validation,fixed_0_5,0.5,SQL Injection,4,0,0.0
456,xgboost,phase5_matched,validation,fixed_0_5,0.5,SSH-Bruteforce,0,0,
456,xgboost,phase5_matched,validation,fpr_at_most_0.01,0.12687550485134125,Bot,0,0,
456,xgboost,phase5_matched,validation,fpr_at_most_0.01,0.12687550485134125,Brute Force -Web,48,18,0.375
456,xgboost,phase5_matched,validation,fpr_at_most_0.01,0.12687550485134125,Brute Force -XSS,11,8,0.7272727272727273
456,xgboost,phase5_matched,validation,fpr_at_most_0.01,0.12687550485134125,DDOS attack-HOIC,0,0,
456,xgboost,phase5_matched,validation,fpr_at_most_0.01,0.12687550485134125,DDOS attack-LOIC-UDP,0,0,
456,xgboost,phase5_matched,validation,fpr_at_most_0.01,0.12687550485134125,DDoS attacks-LOIC-HTTP,0,0,
456,xgboost,phase5_matched,validation,fpr_at_most_0.01,0.12687550485134125,DoS attacks-GoldenEye,0,0,
456,xgboost,phase5_matched,validation,fpr_at_most_0.01,0.12687550485134125,DoS attacks-Hulk,0,0,
456,xgboost,phase5_matched,validation,fpr_at_most_0.01,0.12687550485134125,DoS attacks-SlowHTTPTest,0,0,
456,xgboost,phase5_matched,validation,fpr_at_most_0.01,0.12687550485134125,DoS attacks-Slowloris,0,0,
456,xgboost,phase5_matched,validation,fpr_at_most_0.01,0.12687550485134125,FTP-BruteForce,0,0,
456,xgboost,phase5_matched,validation,fpr_at_most_0.01,0.12687550485134125,Infilteration,8551,114,0.013331774061513273
456,xgboost,phase5_matched,validation,fpr_at_most_0.01,0.12687550485134125,SQL Injection,4,1,0.25
456,xgboost,phase5_matched,validation,fpr_at_most_0.01,0.12687550485134125,SSH-Bruteforce,0,0,
456,xgboost,phase5_matched,test,fixed_0_5,0.5,Bot,35326,0,0.0
456,xgboost,phase5_matched,test,fixed_0_5,0.5,Brute Force -Web,0,0,
456,xgboost,phase5_matched,test,fixed_0_5,0.5,Brute Force -XSS,0,0,
456,xgboost,phase5_matched,test,fixed_0_5,0.5,DDOS attack-HOIC,0,0,
456,xgboost,phase5_matched,test,fixed_0_5,0.5,DDOS attack-LOIC-UDP,0,0,
456,xgboost,phase5_matched,test,fixed_0_5,0.5,DDoS attacks-LOIC-HTTP,0,0,
456,xgboost,phase5_matched,test,fixed_0_5,0.5,DoS attacks-GoldenEye,0,0,
456,xgboost,phase5_matched,test,fixed_0_5,0.5,DoS attacks-Hulk,0,0,
456,xgboost,phase5_matched,test,fixed_0_5,0.5,DoS attacks-SlowHTTPTest,0,0,
456,xgboost,phase5_matched,test,fixed_0_5,0.5,DoS attacks-Slowloris,0,0,
456,xgboost,phase5_matched,test,fixed_0_5,0.5,FTP-BruteForce,0,0,
456,xgboost,phase5_matched,test,fixed_0_5,0.5,Infilteration,11632,168,0.014442916093535076
456,xgboost,phase5_matched,test,fixed_0_5,0.5,SQL Injection,0,0,
456,xgboost,phase5_matched,test,fixed_0_5,0.5,SSH-Bruteforce,0,0,
456,xgboost,phase5_matched,test,fpr_at_most_0.01,0.12687550485134125,Bot,35326,0,0.0
456,xgboost,phase5_matched,test,fpr_at_most_0.01,0.12687550485134125,Brute Force -Web,0,0,
456,xgboost,phase5_matched,test,fpr_at_most_0.01,0.12687550485134125,Brute Force -XSS,0,0,
456,xgboost,phase5_matched,test,fpr_at_most_0.01,0.12687550485134125,DDOS attack-HOIC,0,0,
456,xgboost,phase5_matched,test,fpr_at_most_0.01,0.12687550485134125,DDOS attack-LOIC-UDP,0,0,
456,xgboost,phase5_matched,test,fpr_at_most_0.01,0.12687550485134125,DDoS attacks-LOIC-HTTP,0,0,
456,xgboost,phase5_matched,test,fpr_at_most_0.01,0.12687550485134125,DoS attacks-GoldenEye,0,0,
456,xgboost,phase5_matched,test,fpr_at_most_0.01,0.12687550485134125,DoS attacks-Hulk,0,0,
456,xgboost,phase5_matched,test,fpr_at_most_0.01,0.12687550485134125,DoS attacks-SlowHTTPTest,0,0,
456,xgboost,phase5_matched,test,fpr_at_most_0.01,0.12687550485134125,DoS attacks-Slowloris,0,0,
456,xgboost,phase5_matched,test,fpr_at_most_0.01,0.12687550485134125,FTP-BruteForce,0,0,
456,xgboost,phase5_matched,test,fpr_at_most_0.01,0.12687550485134125,Infilteration,11632,259,0.022266162310866575
456,xgboost,phase5_matched,test,fpr_at_most_0.01,0.12687550485134125,SQL Injection,0,0,
456,xgboost,phase5_matched,test,fpr_at_most_0.01,0.12687550485134125,SSH-Bruteforce,0,0,
456,mlp,phase5_matched,validation,fixed_0_5,0.5,Bot,0,0,
456,mlp,phase5_matched,validation,fixed_0_5,0.5,Brute Force -Web,48,20,0.4166666666666667
456,mlp,phase5_matched,validation,fixed_0_5,0.5,Brute Force -XSS,11,6,0.5454545454545454
456,mlp,phase5_matched,validation,fixed_0_5,0.5,DDOS attack-HOIC,0,0,
456,mlp,phase5_matched,validation,fixed_0_5,0.5,DDOS attack-LOIC-UDP,0,0,
456,mlp,phase5_matched,validation,fixed_0_5,0.5,DDoS attacks-LOIC-HTTP,0,0,
456,mlp,phase5_matched,validation,fixed_0_5,0.5,DoS attacks-GoldenEye,0,0,
456,mlp,phase5_matched,validation,fixed_0_5,0.5,DoS attacks-Hulk,0,0,
456,mlp,phase5_matched,validation,fixed_0_5,0.5,DoS attacks-SlowHTTPTest,0,0,
456,mlp,phase5_matched,validation,fixed_0_5,0.5,DoS attacks-Slowloris,0,0,
456,mlp,phase5_matched,validation,fixed_0_5,0.5,FTP-BruteForce,0,0,
456,mlp,phase5_matched,validation,fixed_0_5,0.5,Infilteration,8551,45,0.005262542392702608
456,mlp,phase5_matched,validation,fixed_0_5,0.5,SQL Injection,4,1,0.25
456,mlp,phase5_matched,validation,fixed_0_5,0.5,SSH-Bruteforce,0,0,
456,mlp,phase5_matched,validation,fpr_at_most_0.01,0.02005244977772236,Bot,0,0,
456,mlp,phase5_matched,validation,fpr_at_most_0.01,0.02005244977772236,Brute Force -Web,48,24,0.5
456,mlp,phase5_matched,validation,fpr_at_most_0.01,0.02005244977772236,Brute Force -XSS,11,8,0.7272727272727273
456,mlp,phase5_matched,validation,fpr_at_most_0.01,0.02005244977772236,DDOS attack-HOIC,0,0,
456,mlp,phase5_matched,validation,fpr_at_most_0.01,0.02005244977772236,DDOS attack-LOIC-UDP,0,0,
456,mlp,phase5_matched,validation,fpr_at_most_0.01,0.02005244977772236,DDoS attacks-LOIC-HTTP,0,0,
456,mlp,phase5_matched,validation,fpr_at_most_0.01,0.02005244977772236,DoS attacks-GoldenEye,0,0,
456,mlp,phase5_matched,validation,fpr_at_most_0.01,0.02005244977772236,DoS attacks-Hulk,0,0,
456,mlp,phase5_matched,validation,fpr_at_most_0.01,0.02005244977772236,DoS attacks-SlowHTTPTest,0,0,
456,mlp,phase5_matched,validation,fpr_at_most_0.01,0.02005244977772236,DoS attacks-Slowloris,0,0,
456,mlp,phase5_matched,validation,fpr_at_most_0.01,0.02005244977772236,FTP-BruteForce,0,0,
456,mlp,phase5_matched,validation,fpr_at_most_0.01,0.02005244977772236,Infilteration,8551,400,0.04677815460180096
456,mlp,phase5_matched,validation,fpr_at_most_0.01,0.02005244977772236,SQL Injection,4,2,0.5
456,mlp,phase5_matched,validation,fpr_at_most_0.01,0.02005244977772236,SSH-Bruteforce,0,0,
456,mlp,phase5_matched,test,fixed_0_5,0.5,Bot,35326,0,0.0
456,mlp,phase5_matched,test,fixed_0_5,0.5,Brute Force -Web,0,0,
456,mlp,phase5_matched,test,fixed_0_5,0.5,Brute Force -XSS,0,0,
456,mlp,phase5_matched,test,fixed_0_5,0.5,DDOS attack-HOIC,0,0,
456,mlp,phase5_matched,test,fixed_0_5,0.5,DDOS attack-LOIC-UDP,0,0,
456,mlp,phase5_matched,test,fixed_0_5,0.5,DDoS attacks-LOIC-HTTP,0,0,
456,mlp,phase5_matched,test,fixed_0_5,0.5,DoS attacks-GoldenEye,0,0,
456,mlp,phase5_matched,test,fixed_0_5,0.5,DoS attacks-Hulk,0,0,
456,mlp,phase5_matched,test,fixed_0_5,0.5,DoS attacks-SlowHTTPTest,0,0,
456,mlp,phase5_matched,test,fixed_0_5,0.5,DoS attacks-Slowloris,0,0,
456,mlp,phase5_matched,test,fixed_0_5,0.5,FTP-BruteForce,0,0,
456,mlp,phase5_matched,test,fixed_0_5,0.5,Infilteration,11632,107,0.00919876203576341
456,mlp,phase5_matched,test,fixed_0_5,0.5,SQL Injection,0,0,
456,mlp,phase5_matched,test,fixed_0_5,0.5,SSH-Bruteforce,0,0,
456,mlp,phase5_matched,test,fpr_at_most_0.01,0.02005244977772236,Bot,35326,0,0.0
456,mlp,phase5_matched,test,fpr_at_most_0.01,0.02005244977772236,Brute Force -Web,0,0,
456,mlp,phase5_matched,test,fpr_at_most_0.01,0.02005244977772236,Brute Force -XSS,0,0,
456,mlp,phase5_matched,test,fpr_at_most_0.01,0.02005244977772236,DDOS attack-HOIC,0,0,
456,mlp,phase5_matched,test,fpr_at_most_0.01,0.02005244977772236,DDOS attack-LOIC-UDP,0,0,
456,mlp,phase5_matched,test,fpr_at_most_0.01,0.02005244977772236,DDoS attacks-LOIC-HTTP,0,0,
456,mlp,phase5_matched,test,fpr_at_most_0.01,0.02005244977772236,DoS attacks-GoldenEye,0,0,
456,mlp,phase5_matched,test,fpr_at_most_0.01,0.02005244977772236,DoS attacks-Hulk,0,0,
456,mlp,phase5_matched,test,fpr_at_most_0.01,0.02005244977772236,DoS attacks-SlowHTTPTest,0,0,
456,mlp,phase5_matched,test,fpr_at_most_0.01,0.02005244977772236,DoS attacks-Slowloris,0,0,
456,mlp,phase5_matched,test,fpr_at_most_0.01,0.02005244977772236,FTP-BruteForce,0,0,
456,mlp,phase5_matched,test,fpr_at_most_0.01,0.02005244977772236,Infilteration,11632,594,0.051066024759284734
456,mlp,phase5_matched,test,fpr_at_most_0.01,0.02005244977772236,SQL Injection,0,0,
456,mlp,phase5_matched,test,fpr_at_most_0.01,0.02005244977772236,SSH-Bruteforce,0,0,
456,rf_or_ae,full_dataset,validation,component_1_percent,0.5,Benign,1583520,30915,0.019522961503485904
456,rf_or_ae,full_dataset,validation,component_1_percent,0.5,Bot,0,0,
456,rf_or_ae,full_dataset,validation,component_1_percent,0.5,Brute Force -Web,362,283,0.7817679558011049
456,rf_or_ae,full_dataset,validation,component_1_percent,0.5,Brute Force -XSS,151,118,0.7814569536423841
456,rf_or_ae,full_dataset,validation,component_1_percent,0.5,DDOS attack-HOIC,0,0,
456,rf_or_ae,full_dataset,validation,component_1_percent,0.5,DDOS attack-LOIC-UDP,0,0,
456,rf_or_ae,full_dataset,validation,component_1_percent,0.5,DDoS attacks-LOIC-HTTP,0,0,
456,rf_or_ae,full_dataset,validation,component_1_percent,0.5,DoS attacks-GoldenEye,0,0,
456,rf_or_ae,full_dataset,validation,component_1_percent,0.5,DoS attacks-Hulk,0,0,
456,rf_or_ae,full_dataset,validation,component_1_percent,0.5,DoS attacks-SlowHTTPTest,0,0,
456,rf_or_ae,full_dataset,validation,component_1_percent,0.5,DoS attacks-Slowloris,0,0,
456,rf_or_ae,full_dataset,validation,component_1_percent,0.5,FTP-BruteForce,0,0,
456,rf_or_ae,full_dataset,validation,component_1_percent,0.5,Infilteration,68857,3388,0.049203421583862206
456,rf_or_ae,full_dataset,validation,component_1_percent,0.5,SQL Injection,53,20,0.37735849056603776
456,rf_or_ae,full_dataset,validation,component_1_percent,0.5,SSH-Bruteforce,0,0,
456,rf_or_ae,full_dataset,test,component_1_percent,0.5,Benign,998793,16697,0.016717177633403517
456,rf_or_ae,full_dataset,test,component_1_percent,0.5,Bot,282310,131050,0.46420601466473027
456,rf_or_ae,full_dataset,test,component_1_percent,0.5,Brute Force -Web,0,0,
456,rf_or_ae,full_dataset,test,component_1_percent,0.5,Brute Force -XSS,0,0,
456,rf_or_ae,full_dataset,test,component_1_percent,0.5,DDOS attack-HOIC,0,0,
456,rf_or_ae,full_dataset,test,component_1_percent,0.5,DDOS attack-LOIC-UDP,0,0,
456,rf_or_ae,full_dataset,test,component_1_percent,0.5,DDoS attacks-LOIC-HTTP,0,0,
456,rf_or_ae,full_dataset,test,component_1_percent,0.5,DoS attacks-GoldenEye,0,0,
456,rf_or_ae,full_dataset,test,component_1_percent,0.5,DoS attacks-Hulk,0,0,
456,rf_or_ae,full_dataset,test,component_1_percent,0.5,DoS attacks-SlowHTTPTest,0,0,
456,rf_or_ae,full_dataset,test,component_1_percent,0.5,DoS attacks-Slowloris,0,0,
456,rf_or_ae,full_dataset,test,component_1_percent,0.5,FTP-BruteForce,0,0,
456,rf_or_ae,full_dataset,test,component_1_percent,0.5,Infilteration,93040,4631,0.04977429062768702
456,rf_or_ae,full_dataset,test,component_1_percent,0.5,SQL Injection,0,0,
456,rf_or_ae,full_dataset,test,component_1_percent,0.5,SSH-Bruteforce,0,0,
789,logistic_regression,full_dataset,validation,fixed_0_5,0.5,Bot,0,0,
789,logistic_regression,full_dataset,validation,fixed_0_5,0.5,Brute Force -Web,362,62,0.1712707182320442
789,logistic_regression,full_dataset,validation,fixed_0_5,0.5,Brute Force -XSS,151,66,0.4370860927152318
789,logistic_regression,full_dataset,validation,fixed_0_5,0.5,DDOS attack-HOIC,0,0,
789,logistic_regression,full_dataset,validation,fixed_0_5,0.5,DDOS attack-LOIC-UDP,0,0,
789,logistic_regression,full_dataset,validation,fixed_0_5,0.5,DDoS attacks-LOIC-HTTP,0,0,
789,logistic_regression,full_dataset,validation,fixed_0_5,0.5,DoS attacks-GoldenEye,0,0,
789,logistic_regression,full_dataset,validation,fixed_0_5,0.5,DoS attacks-Hulk,0,0,
789,logistic_regression,full_dataset,validation,fixed_0_5,0.5,DoS attacks-SlowHTTPTest,0,0,
789,logistic_regression,full_dataset,validation,fixed_0_5,0.5,DoS attacks-Slowloris,0,0,
789,logistic_regression,full_dataset,validation,fixed_0_5,0.5,FTP-BruteForce,0,0,
789,logistic_regression,full_dataset,validation,fixed_0_5,0.5,Infilteration,68857,4998,0.07258521283239176
789,logistic_regression,full_dataset,validation,fixed_0_5,0.5,SQL Injection,53,21,0.39622641509433965
789,logistic_regression,full_dataset,validation,fixed_0_5,0.5,SSH-Bruteforce,0,0,
789,logistic_regression,full_dataset,validation,fpr_at_most_0.01,0.9831543564796448,Bot,0,0,
789,logistic_regression,full_dataset,validation,fpr_at_most_0.01,0.9831543564796448,Brute Force -Web,362,0,0.0
789,logistic_regression,full_dataset,validation,fpr_at_most_0.01,0.9831543564796448,Brute Force -XSS,151,0,0.0
789,logistic_regression,full_dataset,validation,fpr_at_most_0.01,0.9831543564796448,DDOS attack-HOIC,0,0,
789,logistic_regression,full_dataset,validation,fpr_at_most_0.01,0.9831543564796448,DDOS attack-LOIC-UDP,0,0,
789,logistic_regression,full_dataset,validation,fpr_at_most_0.01,0.9831543564796448,DDoS attacks-LOIC-HTTP,0,0,
789,logistic_regression,full_dataset,validation,fpr_at_most_0.01,0.9831543564796448,DoS attacks-GoldenEye,0,0,
789,logistic_regression,full_dataset,validation,fpr_at_most_0.01,0.9831543564796448,DoS attacks-Hulk,0,0,
789,logistic_regression,full_dataset,validation,fpr_at_most_0.01,0.9831543564796448,DoS attacks-SlowHTTPTest,0,0,
789,logistic_regression,full_dataset,validation,fpr_at_most_0.01,0.9831543564796448,DoS attacks-Slowloris,0,0,
789,logistic_regression,full_dataset,validation,fpr_at_most_0.01,0.9831543564796448,FTP-BruteForce,0,0,
789,logistic_regression,full_dataset,validation,fpr_at_most_0.01,0.9831543564796448,Infilteration,68857,311,0.004516606880927139
789,logistic_regression,full_dataset,validation,fpr_at_most_0.01,0.9831543564796448,SQL Injection,53,10,0.18867924528301888
789,logistic_regression,full_dataset,validation,fpr_at_most_0.01,0.9831543564796448,SSH-Bruteforce,0,0,
789,logistic_regression,full_dataset,test,fixed_0_5,0.5,Bot,282310,0,0.0
789,logistic_regression,full_dataset,test,fixed_0_5,0.5,Brute Force -Web,0,0,
789,logistic_regression,full_dataset,test,fixed_0_5,0.5,Brute Force -XSS,0,0,
789,logistic_regression,full_dataset,test,fixed_0_5,0.5,DDOS attack-HOIC,0,0,
789,logistic_regression,full_dataset,test,fixed_0_5,0.5,DDOS attack-LOIC-UDP,0,0,
789,logistic_regression,full_dataset,test,fixed_0_5,0.5,DDoS attacks-LOIC-HTTP,0,0,
789,logistic_regression,full_dataset,test,fixed_0_5,0.5,DoS attacks-GoldenEye,0,0,
789,logistic_regression,full_dataset,test,fixed_0_5,0.5,DoS attacks-Hulk,0,0,
789,logistic_regression,full_dataset,test,fixed_0_5,0.5,DoS attacks-SlowHTTPTest,0,0,
789,logistic_regression,full_dataset,test,fixed_0_5,0.5,DoS attacks-Slowloris,0,0,
789,logistic_regression,full_dataset,test,fixed_0_5,0.5,FTP-BruteForce,0,0,
789,logistic_regression,full_dataset,test,fixed_0_5,0.5,Infilteration,93040,3043,0.03270636285468616
789,logistic_regression,full_dataset,test,fixed_0_5,0.5,SQL Injection,0,0,
789,logistic_regression,full_dataset,test,fixed_0_5,0.5,SSH-Bruteforce,0,0,
789,logistic_regression,full_dataset,test,fpr_at_most_0.01,0.9831543564796448,Bot,282310,0,0.0
789,logistic_regression,full_dataset,test,fpr_at_most_0.01,0.9831543564796448,Brute Force -Web,0,0,
789,logistic_regression,full_dataset,test,fpr_at_most_0.01,0.9831543564796448,Brute Force -XSS,0,0,
789,logistic_regression,full_dataset,test,fpr_at_most_0.01,0.9831543564796448,DDOS attack-HOIC,0,0,
789,logistic_regression,full_dataset,test,fpr_at_most_0.01,0.9831543564796448,DDOS attack-LOIC-UDP,0,0,
789,logistic_regression,full_dataset,test,fpr_at_most_0.01,0.9831543564796448,DDoS attacks-LOIC-HTTP,0,0,
789,logistic_regression,full_dataset,test,fpr_at_most_0.01,0.9831543564796448,DoS attacks-GoldenEye,0,0,
789,logistic_regression,full_dataset,test,fpr_at_most_0.01,0.9831543564796448,DoS attacks-Hulk,0,0,
789,logistic_regression,full_dataset,test,fpr_at_most_0.01,0.9831543564796448,DoS attacks-SlowHTTPTest,0,0,
789,logistic_regression,full_dataset,test,fpr_at_most_0.01,0.9831543564796448,DoS attacks-Slowloris,0,0,
789,logistic_regression,full_dataset,test,fpr_at_most_0.01,0.9831543564796448,FTP-BruteForce,0,0,
789,logistic_regression,full_dataset,test,fpr_at_most_0.01,0.9831543564796448,Infilteration,93040,433,0.0046539122957867584
789,logistic_regression,full_dataset,test,fpr_at_most_0.01,0.9831543564796448,SQL Injection,0,0,
789,logistic_regression,full_dataset,test,fpr_at_most_0.01,0.9831543564796448,SSH-Bruteforce,0,0,
789,random_forest,full_dataset,validation,fixed_0_5,0.5,Bot,0,0,
789,random_forest,full_dataset,validation,fixed_0_5,0.5,Brute Force -Web,362,71,0.19613259668508287
789,random_forest,full_dataset,validation,fixed_0_5,0.5,Brute Force -XSS,151,27,0.17880794701986755
789,random_forest,full_dataset,validation,fixed_0_5,0.5,DDOS attack-HOIC,0,0,
789,random_forest,full_dataset,validation,fixed_0_5,0.5,DDOS attack-LOIC-UDP,0,0,
789,random_forest,full_dataset,validation,fixed_0_5,0.5,DDoS attacks-LOIC-HTTP,0,0,
789,random_forest,full_dataset,validation,fixed_0_5,0.5,DoS attacks-GoldenEye,0,0,
789,random_forest,full_dataset,validation,fixed_0_5,0.5,DoS attacks-Hulk,0,0,
789,random_forest,full_dataset,validation,fixed_0_5,0.5,DoS attacks-SlowHTTPTest,0,0,
789,random_forest,full_dataset,validation,fixed_0_5,0.5,DoS attacks-Slowloris,0,0,
789,random_forest,full_dataset,validation,fixed_0_5,0.5,FTP-BruteForce,0,0,
789,random_forest,full_dataset,validation,fixed_0_5,0.5,Infilteration,68857,151,0.002192950607781344
789,random_forest,full_dataset,validation,fixed_0_5,0.5,SQL Injection,53,3,0.05660377358490566
789,random_forest,full_dataset,validation,fixed_0_5,0.5,SSH-Bruteforce,0,0,
789,random_forest,full_dataset,validation,fpr_at_most_0.01,0.18812055562410737,Bot,0,0,
789,random_forest,full_dataset,validation,fpr_at_most_0.01,0.18812055562410737,Brute Force -Web,362,156,0.430939226519337
789,random_forest,full_dataset,validation,fpr_at_most_0.01,0.18812055562410737,Brute Force -XSS,151,114,0.7549668874172185
789,random_forest,full_dataset,validation,fpr_at_most_0.01,0.18812055562410737,DDOS attack-HOIC,0,0,
789,random_forest,full_dataset,validation,fpr_at_most_0.01,0.18812055562410737,DDOS attack-LOIC-UDP,0,0,
789,random_forest,full_dataset,validation,fpr_at_most_0.01,0.18812055562410737,DDoS attacks-LOIC-HTTP,0,0,
789,random_forest,full_dataset,validation,fpr_at_most_0.01,0.18812055562410737,DoS attacks-GoldenEye,0,0,
789,random_forest,full_dataset,validation,fpr_at_most_0.01,0.18812055562410737,DoS attacks-Hulk,0,0,
789,random_forest,full_dataset,validation,fpr_at_most_0.01,0.18812055562410737,DoS attacks-SlowHTTPTest,0,0,
789,random_forest,full_dataset,validation,fpr_at_most_0.01,0.18812055562410737,DoS attacks-Slowloris,0,0,
789,random_forest,full_dataset,validation,fpr_at_most_0.01,0.18812055562410737,FTP-BruteForce,0,0,
789,random_forest,full_dataset,validation,fpr_at_most_0.01,0.18812055562410737,Infilteration,68857,801,0.011632804217436135
789,random_forest,full_dataset,validation,fpr_at_most_0.01,0.18812055562410737,SQL Injection,53,23,0.4339622641509434
789,random_forest,full_dataset,validation,fpr_at_most_0.01,0.18812055562410737,SSH-Bruteforce,0,0,
789,random_forest,full_dataset,test,fixed_0_5,0.5,Bot,282310,0,0.0
789,random_forest,full_dataset,test,fixed_0_5,0.5,Brute Force -Web,0,0,
789,random_forest,full_dataset,test,fixed_0_5,0.5,Brute Force -XSS,0,0,
789,random_forest,full_dataset,test,fixed_0_5,0.5,DDOS attack-HOIC,0,0,
789,random_forest,full_dataset,test,fixed_0_5,0.5,DDOS attack-LOIC-UDP,0,0,
789,random_forest,full_dataset,test,fixed_0_5,0.5,DDoS attacks-LOIC-HTTP,0,0,
789,random_forest,full_dataset,test,fixed_0_5,0.5,DoS attacks-GoldenEye,0,0,
789,random_forest,full_dataset,test,fixed_0_5,0.5,DoS attacks-Hulk,0,0,
789,random_forest,full_dataset,test,fixed_0_5,0.5,DoS attacks-SlowHTTPTest,0,0,
789,random_forest,full_dataset,test,fixed_0_5,0.5,DoS attacks-Slowloris,0,0,
789,random_forest,full_dataset,test,fixed_0_5,0.5,FTP-BruteForce,0,0,
789,random_forest,full_dataset,test,fixed_0_5,0.5,Infilteration,93040,228,0.0024505588993981083
789,random_forest,full_dataset,test,fixed_0_5,0.5,SQL Injection,0,0,
789,random_forest,full_dataset,test,fixed_0_5,0.5,SSH-Bruteforce,0,0,
789,random_forest,full_dataset,test,fpr_at_most_0.01,0.18812055562410737,Bot,282310,121806,0.43146186815911586
789,random_forest,full_dataset,test,fpr_at_most_0.01,0.18812055562410737,Brute Force -Web,0,0,
789,random_forest,full_dataset,test,fpr_at_most_0.01,0.18812055562410737,Brute Force -XSS,0,0,
789,random_forest,full_dataset,test,fpr_at_most_0.01,0.18812055562410737,DDOS attack-HOIC,0,0,
789,random_forest,full_dataset,test,fpr_at_most_0.01,0.18812055562410737,DDOS attack-LOIC-UDP,0,0,
789,random_forest,full_dataset,test,fpr_at_most_0.01,0.18812055562410737,DDoS attacks-LOIC-HTTP,0,0,
789,random_forest,full_dataset,test,fpr_at_most_0.01,0.18812055562410737,DoS attacks-GoldenEye,0,0,
789,random_forest,full_dataset,test,fpr_at_most_0.01,0.18812055562410737,DoS attacks-Hulk,0,0,
789,random_forest,full_dataset,test,fpr_at_most_0.01,0.18812055562410737,DoS attacks-SlowHTTPTest,0,0,
789,random_forest,full_dataset,test,fpr_at_most_0.01,0.18812055562410737,DoS attacks-Slowloris,0,0,
789,random_forest,full_dataset,test,fpr_at_most_0.01,0.18812055562410737,FTP-BruteForce,0,0,
789,random_forest,full_dataset,test,fpr_at_most_0.01,0.18812055562410737,Infilteration,93040,1571,0.016885210662080825
789,random_forest,full_dataset,test,fpr_at_most_0.01,0.18812055562410737,SQL Injection,0,0,
789,random_forest,full_dataset,test,fpr_at_most_0.01,0.18812055562410737,SSH-Bruteforce,0,0,
789,xgboost,full_dataset,validation,fixed_0_5,0.5,Bot,0,0,
789,xgboost,full_dataset,validation,fixed_0_5,0.5,Brute Force -Web,362,70,0.19337016574585636
789,xgboost,full_dataset,validation,fixed_0_5,0.5,Brute Force -XSS,151,97,0.6423841059602649
789,xgboost,full_dataset,validation,fixed_0_5,0.5,DDOS attack-HOIC,0,0,
789,xgboost,full_dataset,validation,fixed_0_5,0.5,DDOS attack-LOIC-UDP,0,0,
789,xgboost,full_dataset,validation,fixed_0_5,0.5,DDoS attacks-LOIC-HTTP,0,0,
789,xgboost,full_dataset,validation,fixed_0_5,0.5,DoS attacks-GoldenEye,0,0,
789,xgboost,full_dataset,validation,fixed_0_5,0.5,DoS attacks-Hulk,0,0,
789,xgboost,full_dataset,validation,fixed_0_5,0.5,DoS attacks-SlowHTTPTest,0,0,
789,xgboost,full_dataset,validation,fixed_0_5,0.5,DoS attacks-Slowloris,0,0,
789,xgboost,full_dataset,validation,fixed_0_5,0.5,FTP-BruteForce,0,0,
789,xgboost,full_dataset,validation,fixed_0_5,0.5,Infilteration,68857,757,0.010993798742321042
789,xgboost,full_dataset,validation,fixed_0_5,0.5,SQL Injection,53,2,0.03773584905660377
789,xgboost,full_dataset,validation,fixed_0_5,0.5,SSH-Bruteforce,0,0,
789,xgboost,full_dataset,validation,fpr_at_most_0.01,0.106817327439785,Bot,0,0,
789,xgboost,full_dataset,validation,fpr_at_most_0.01,0.106817327439785,Brute Force -Web,362,126,0.34806629834254144
789,xgboost,full_dataset,validation,fpr_at_most_0.01,0.106817327439785,Brute Force -XSS,151,106,0.7019867549668874
789,xgboost,full_dataset,validation,fpr_at_most_0.01,0.106817327439785,DDOS attack-HOIC,0,0,
789,xgboost,full_dataset,validation,fpr_at_most_0.01,0.106817327439785,DDOS attack-LOIC-UDP,0,0,
789,xgboost,full_dataset,validation,fpr_at_most_0.01,0.106817327439785,DDoS attacks-LOIC-HTTP,0,0,
789,xgboost,full_dataset,validation,fpr_at_most_0.01,0.106817327439785,DoS attacks-GoldenEye,0,0,
789,xgboost,full_dataset,validation,fpr_at_most_0.01,0.106817327439785,DoS attacks-Hulk,0,0,
789,xgboost,full_dataset,validation,fpr_at_most_0.01,0.106817327439785,DoS attacks-SlowHTTPTest,0,0,
789,xgboost,full_dataset,validation,fpr_at_most_0.01,0.106817327439785,DoS attacks-Slowloris,0,0,
789,xgboost,full_dataset,validation,fpr_at_most_0.01,0.106817327439785,FTP-BruteForce,0,0,
789,xgboost,full_dataset,validation,fpr_at_most_0.01,0.106817327439785,Infilteration,68857,937,0.01360791204961006
789,xgboost,full_dataset,validation,fpr_at_most_0.01,0.106817327439785,SQL Injection,53,16,0.3018867924528302
789,xgboost,full_dataset,validation,fpr_at_most_0.01,0.106817327439785,SSH-Bruteforce,0,0,
789,xgboost,full_dataset,test,fixed_0_5,0.5,Bot,282310,0,0.0
789,xgboost,full_dataset,test,fixed_0_5,0.5,Brute Force -Web,0,0,
789,xgboost,full_dataset,test,fixed_0_5,0.5,Brute Force -XSS,0,0,
789,xgboost,full_dataset,test,fixed_0_5,0.5,DDOS attack-HOIC,0,0,
789,xgboost,full_dataset,test,fixed_0_5,0.5,DDOS attack-LOIC-UDP,0,0,
789,xgboost,full_dataset,test,fixed_0_5,0.5,DDoS attacks-LOIC-HTTP,0,0,
789,xgboost,full_dataset,test,fixed_0_5,0.5,DoS attacks-GoldenEye,0,0,
789,xgboost,full_dataset,test,fixed_0_5,0.5,DoS attacks-Hulk,0,0,
789,xgboost,full_dataset,test,fixed_0_5,0.5,DoS attacks-SlowHTTPTest,0,0,
789,xgboost,full_dataset,test,fixed_0_5,0.5,DoS attacks-Slowloris,0,0,
789,xgboost,full_dataset,test,fixed_0_5,0.5,FTP-BruteForce,0,0,
789,xgboost,full_dataset,test,fixed_0_5,0.5,Infilteration,93040,1256,0.01349957007738607
789,xgboost,full_dataset,test,fixed_0_5,0.5,SQL Injection,0,0,
789,xgboost,full_dataset,test,fixed_0_5,0.5,SSH-Bruteforce,0,0,
789,xgboost,full_dataset,test,fpr_at_most_0.01,0.106817327439785,Bot,282310,0,0.0
789,xgboost,full_dataset,test,fpr_at_most_0.01,0.106817327439785,Brute Force -Web,0,0,
789,xgboost,full_dataset,test,fpr_at_most_0.01,0.106817327439785,Brute Force -XSS,0,0,
789,xgboost,full_dataset,test,fpr_at_most_0.01,0.106817327439785,DDOS attack-HOIC,0,0,
789,xgboost,full_dataset,test,fpr_at_most_0.01,0.106817327439785,DDOS attack-LOIC-UDP,0,0,
789,xgboost,full_dataset,test,fpr_at_most_0.01,0.106817327439785,DDoS attacks-LOIC-HTTP,0,0,
789,xgboost,full_dataset,test,fpr_at_most_0.01,0.106817327439785,DoS attacks-GoldenEye,0,0,
789,xgboost,full_dataset,test,fpr_at_most_0.01,0.106817327439785,DoS attacks-Hulk,0,0,
789,xgboost,full_dataset,test,fpr_at_most_0.01,0.106817327439785,DoS attacks-SlowHTTPTest,0,0,
789,xgboost,full_dataset,test,fpr_at_most_0.01,0.106817327439785,DoS attacks-Slowloris,0,0,
789,xgboost,full_dataset,test,fpr_at_most_0.01,0.106817327439785,FTP-BruteForce,0,0,
789,xgboost,full_dataset,test,fpr_at_most_0.01,0.106817327439785,Infilteration,93040,2026,0.021775580395528803
789,xgboost,full_dataset,test,fpr_at_most_0.01,0.106817327439785,SQL Injection,0,0,
789,xgboost,full_dataset,test,fpr_at_most_0.01,0.106817327439785,SSH-Bruteforce,0,0,
789,mlp,full_dataset,validation,fixed_0_5,0.5,Bot,0,0,
789,mlp,full_dataset,validation,fixed_0_5,0.5,Brute Force -Web,362,71,0.19613259668508287
789,mlp,full_dataset,validation,fixed_0_5,0.5,Brute Force -XSS,151,92,0.609271523178808
789,mlp,full_dataset,validation,fixed_0_5,0.5,DDOS attack-HOIC,0,0,
789,mlp,full_dataset,validation,fixed_0_5,0.5,DDOS attack-LOIC-UDP,0,0,
789,mlp,full_dataset,validation,fixed_0_5,0.5,DDoS attacks-LOIC-HTTP,0,0,
789,mlp,full_dataset,validation,fixed_0_5,0.5,DoS attacks-GoldenEye,0,0,
789,mlp,full_dataset,validation,fixed_0_5,0.5,DoS attacks-Hulk,0,0,
789,mlp,full_dataset,validation,fixed_0_5,0.5,DoS attacks-SlowHTTPTest,0,0,
789,mlp,full_dataset,validation,fixed_0_5,0.5,DoS attacks-Slowloris,0,0,
789,mlp,full_dataset,validation,fixed_0_5,0.5,FTP-BruteForce,0,0,
789,mlp,full_dataset,validation,fixed_0_5,0.5,Infilteration,68857,232,0.003369301596061403
789,mlp,full_dataset,validation,fixed_0_5,0.5,SQL Injection,53,5,0.09433962264150944
789,mlp,full_dataset,validation,fixed_0_5,0.5,SSH-Bruteforce,0,0,
789,mlp,full_dataset,validation,fpr_at_most_0.01,0.049368966370821,Bot,0,0,
789,mlp,full_dataset,validation,fpr_at_most_0.01,0.049368966370821,Brute Force -Web,362,163,0.45027624309392267
789,mlp,full_dataset,validation,fpr_at_most_0.01,0.049368966370821,Brute Force -XSS,151,119,0.7880794701986755
789,mlp,full_dataset,validation,fpr_at_most_0.01,0.049368966370821,DDOS attack-HOIC,0,0,
789,mlp,full_dataset,validation,fpr_at_most_0.01,0.049368966370821,DDOS attack-LOIC-UDP,0,0,
789,mlp,full_dataset,validation,fpr_at_most_0.01,0.049368966370821,DDoS attacks-LOIC-HTTP,0,0,
789,mlp,full_dataset,validation,fpr_at_most_0.01,0.049368966370821,DoS attacks-GoldenEye,0,0,
789,mlp,full_dataset,validation,fpr_at_most_0.01,0.049368966370821,DoS attacks-Hulk,0,0,
789,mlp,full_dataset,validation,fpr_at_most_0.01,0.049368966370821,DoS attacks-SlowHTTPTest,0,0,
789,mlp,full_dataset,validation,fpr_at_most_0.01,0.049368966370821,DoS attacks-Slowloris,0,0,
789,mlp,full_dataset,validation,fpr_at_most_0.01,0.049368966370821,FTP-BruteForce,0,0,
789,mlp,full_dataset,validation,fpr_at_most_0.01,0.049368966370821,Infilteration,68857,1087,0.015786339805684245
789,mlp,full_dataset,validation,fpr_at_most_0.01,0.049368966370821,SQL Injection,53,30,0.5660377358490566
789,mlp,full_dataset,validation,fpr_at_most_0.01,0.049368966370821,SSH-Bruteforce,0,0,
789,mlp,full_dataset,test,fixed_0_5,0.5,Bot,282310,0,0.0
789,mlp,full_dataset,test,fixed_0_5,0.5,Brute Force -Web,0,0,
789,mlp,full_dataset,test,fixed_0_5,0.5,Brute Force -XSS,0,0,
789,mlp,full_dataset,test,fixed_0_5,0.5,DDOS attack-HOIC,0,0,
789,mlp,full_dataset,test,fixed_0_5,0.5,DDOS attack-LOIC-UDP,0,0,
789,mlp,full_dataset,test,fixed_0_5,0.5,DDoS attacks-LOIC-HTTP,0,0,
789,mlp,full_dataset,test,fixed_0_5,0.5,DoS attacks-GoldenEye,0,0,
789,mlp,full_dataset,test,fixed_0_5,0.5,DoS attacks-Hulk,0,0,
789,mlp,full_dataset,test,fixed_0_5,0.5,DoS attacks-SlowHTTPTest,0,0,
789,mlp,full_dataset,test,fixed_0_5,0.5,DoS attacks-Slowloris,0,0,
789,mlp,full_dataset,test,fixed_0_5,0.5,FTP-BruteForce,0,0,
789,mlp,full_dataset,test,fixed_0_5,0.5,Infilteration,93040,449,0.004825881341358556
789,mlp,full_dataset,test,fixed_0_5,0.5,SQL Injection,0,0,
789,mlp,full_dataset,test,fixed_0_5,0.5,SSH-Bruteforce,0,0,
789,mlp,full_dataset,test,fpr_at_most_0.01,0.049368966370821,Bot,282310,0,0.0
789,mlp,full_dataset,test,fpr_at_most_0.01,0.049368966370821,Brute Force -Web,0,0,
789,mlp,full_dataset,test,fpr_at_most_0.01,0.049368966370821,Brute Force -XSS,0,0,
789,mlp,full_dataset,test,fpr_at_most_0.01,0.049368966370821,DDOS attack-HOIC,0,0,
789,mlp,full_dataset,test,fpr_at_most_0.01,0.049368966370821,DDOS attack-LOIC-UDP,0,0,
789,mlp,full_dataset,test,fpr_at_most_0.01,0.049368966370821,DDoS attacks-LOIC-HTTP,0,0,
789,mlp,full_dataset,test,fpr_at_most_0.01,0.049368966370821,DoS attacks-GoldenEye,0,0,
789,mlp,full_dataset,test,fpr_at_most_0.01,0.049368966370821,DoS attacks-Hulk,0,0,
789,mlp,full_dataset,test,fpr_at_most_0.01,0.049368966370821,DoS attacks-SlowHTTPTest,0,0,
789,mlp,full_dataset,test,fpr_at_most_0.01,0.049368966370821,DoS attacks-Slowloris,0,0,
789,mlp,full_dataset,test,fpr_at_most_0.01,0.049368966370821,FTP-BruteForce,0,0,
789,mlp,full_dataset,test,fpr_at_most_0.01,0.049368966370821,Infilteration,93040,1194,0.012833190025795357
789,mlp,full_dataset,test,fpr_at_most_0.01,0.049368966370821,SQL Injection,0,0,
789,mlp,full_dataset,test,fpr_at_most_0.01,0.049368966370821,SSH-Bruteforce,0,0,
789,transformer_L1,phase5_matched,validation,fixed_0_5,0.5,Bot,0,0,
789,transformer_L1,phase5_matched,validation,fixed_0_5,0.5,Brute Force -Web,48,0,0.0
789,transformer_L1,phase5_matched,validation,fixed_0_5,0.5,Brute Force -XSS,11,0,0.0
789,transformer_L1,phase5_matched,validation,fixed_0_5,0.5,DDOS attack-HOIC,0,0,
789,transformer_L1,phase5_matched,validation,fixed_0_5,0.5,DDOS attack-LOIC-UDP,0,0,
789,transformer_L1,phase5_matched,validation,fixed_0_5,0.5,DDoS attacks-LOIC-HTTP,0,0,
789,transformer_L1,phase5_matched,validation,fixed_0_5,0.5,DoS attacks-GoldenEye,0,0,
789,transformer_L1,phase5_matched,validation,fixed_0_5,0.5,DoS attacks-Hulk,0,0,
789,transformer_L1,phase5_matched,validation,fixed_0_5,0.5,DoS attacks-SlowHTTPTest,0,0,
789,transformer_L1,phase5_matched,validation,fixed_0_5,0.5,DoS attacks-Slowloris,0,0,
789,transformer_L1,phase5_matched,validation,fixed_0_5,0.5,FTP-BruteForce,0,0,
789,transformer_L1,phase5_matched,validation,fixed_0_5,0.5,Infilteration,8551,605,0.07075195883522395
789,transformer_L1,phase5_matched,validation,fixed_0_5,0.5,SQL Injection,4,0,0.0
789,transformer_L1,phase5_matched,validation,fixed_0_5,0.5,SSH-Bruteforce,0,0,
789,transformer_L1,phase5_matched,validation,maximum_macro_f1,0.38115426898002625,Bot,0,0,
789,transformer_L1,phase5_matched,validation,maximum_macro_f1,0.38115426898002625,Brute Force -Web,48,0,0.0
789,transformer_L1,phase5_matched,validation,maximum_macro_f1,0.38115426898002625,Brute Force -XSS,11,0,0.0
789,transformer_L1,phase5_matched,validation,maximum_macro_f1,0.38115426898002625,DDOS attack-HOIC,0,0,
789,transformer_L1,phase5_matched,validation,maximum_macro_f1,0.38115426898002625,DDOS attack-LOIC-UDP,0,0,
789,transformer_L1,phase5_matched,validation,maximum_macro_f1,0.38115426898002625,DDoS attacks-LOIC-HTTP,0,0,
789,transformer_L1,phase5_matched,validation,maximum_macro_f1,0.38115426898002625,DoS attacks-GoldenEye,0,0,
789,transformer_L1,phase5_matched,validation,maximum_macro_f1,0.38115426898002625,DoS attacks-Hulk,0,0,
789,transformer_L1,phase5_matched,validation,maximum_macro_f1,0.38115426898002625,DoS attacks-SlowHTTPTest,0,0,
789,transformer_L1,phase5_matched,validation,maximum_macro_f1,0.38115426898002625,DoS attacks-Slowloris,0,0,
789,transformer_L1,phase5_matched,validation,maximum_macro_f1,0.38115426898002625,FTP-BruteForce,0,0,
789,transformer_L1,phase5_matched,validation,maximum_macro_f1,0.38115426898002625,Infilteration,8551,656,0.07671617354695358
789,transformer_L1,phase5_matched,validation,maximum_macro_f1,0.38115426898002625,SQL Injection,4,0,0.0
789,transformer_L1,phase5_matched,validation,maximum_macro_f1,0.38115426898002625,SSH-Bruteforce,0,0,
789,transformer_L1,phase5_matched,validation,fpr_at_most_0.01,0.9344771504402161,Bot,0,0,
789,transformer_L1,phase5_matched,validation,fpr_at_most_0.01,0.9344771504402161,Brute Force -Web,48,0,0.0
789,transformer_L1,phase5_matched,validation,fpr_at_most_0.01,0.9344771504402161,Brute Force -XSS,11,0,0.0
789,transformer_L1,phase5_matched,validation,fpr_at_most_0.01,0.9344771504402161,DDOS attack-HOIC,0,0,
789,transformer_L1,phase5_matched,validation,fpr_at_most_0.01,0.9344771504402161,DDOS attack-LOIC-UDP,0,0,
789,transformer_L1,phase5_matched,validation,fpr_at_most_0.01,0.9344771504402161,DDoS attacks-LOIC-HTTP,0,0,
789,transformer_L1,phase5_matched,validation,fpr_at_most_0.01,0.9344771504402161,DoS attacks-GoldenEye,0,0,
789,transformer_L1,phase5_matched,validation,fpr_at_most_0.01,0.9344771504402161,DoS attacks-Hulk,0,0,
789,transformer_L1,phase5_matched,validation,fpr_at_most_0.01,0.9344771504402161,DoS attacks-SlowHTTPTest,0,0,
789,transformer_L1,phase5_matched,validation,fpr_at_most_0.01,0.9344771504402161,DoS attacks-Slowloris,0,0,
789,transformer_L1,phase5_matched,validation,fpr_at_most_0.01,0.9344771504402161,FTP-BruteForce,0,0,
789,transformer_L1,phase5_matched,validation,fpr_at_most_0.01,0.9344771504402161,Infilteration,8551,452,0.05285931470003508
789,transformer_L1,phase5_matched,validation,fpr_at_most_0.01,0.9344771504402161,SQL Injection,4,0,0.0
789,transformer_L1,phase5_matched,validation,fpr_at_most_0.01,0.9344771504402161,SSH-Bruteforce,0,0,
789,transformer_L1,phase5_matched,validation,fpr_at_most_0.005,0.9626843333244324,Bot,0,0,
789,transformer_L1,phase5_matched,validation,fpr_at_most_0.005,0.9626843333244324,Brute Force -Web,48,0,0.0
789,transformer_L1,phase5_matched,validation,fpr_at_most_0.005,0.9626843333244324,Brute Force -XSS,11,0,0.0
789,transformer_L1,phase5_matched,validation,fpr_at_most_0.005,0.9626843333244324,DDOS attack-HOIC,0,0,
789,transformer_L1,phase5_matched,validation,fpr_at_most_0.005,0.9626843333244324,DDOS attack-LOIC-UDP,0,0,
789,transformer_L1,phase5_matched,validation,fpr_at_most_0.005,0.9626843333244324,DDoS attacks-LOIC-HTTP,0,0,
789,transformer_L1,phase5_matched,validation,fpr_at_most_0.005,0.9626843333244324,DoS attacks-GoldenEye,0,0,
789,transformer_L1,phase5_matched,validation,fpr_at_most_0.005,0.9626843333244324,DoS attacks-Hulk,0,0,
789,transformer_L1,phase5_matched,validation,fpr_at_most_0.005,0.9626843333244324,DoS attacks-SlowHTTPTest,0,0,
789,transformer_L1,phase5_matched,validation,fpr_at_most_0.005,0.9626843333244324,DoS attacks-Slowloris,0,0,
789,transformer_L1,phase5_matched,validation,fpr_at_most_0.005,0.9626843333244324,FTP-BruteForce,0,0,
789,transformer_L1,phase5_matched,validation,fpr_at_most_0.005,0.9626843333244324,Infilteration,8551,196,0.02292129575488247
789,transformer_L1,phase5_matched,validation,fpr_at_most_0.005,0.9626843333244324,SQL Injection,4,0,0.0
789,transformer_L1,phase5_matched,validation,fpr_at_most_0.005,0.9626843333244324,SSH-Bruteforce,0,0,
789,transformer_L1,phase5_matched,validation,fpr_at_most_0.001,0.9985880255699158,Bot,0,0,
789,transformer_L1,phase5_matched,validation,fpr_at_most_0.001,0.9985880255699158,Brute Force -Web,48,0,0.0
789,transformer_L1,phase5_matched,validation,fpr_at_most_0.001,0.9985880255699158,Brute Force -XSS,11,0,0.0
789,transformer_L1,phase5_matched,validation,fpr_at_most_0.001,0.9985880255699158,DDOS attack-HOIC,0,0,
789,transformer_L1,phase5_matched,validation,fpr_at_most_0.001,0.9985880255699158,DDOS attack-LOIC-UDP,0,0,
789,transformer_L1,phase5_matched,validation,fpr_at_most_0.001,0.9985880255699158,DDoS attacks-LOIC-HTTP,0,0,
789,transformer_L1,phase5_matched,validation,fpr_at_most_0.001,0.9985880255699158,DoS attacks-GoldenEye,0,0,
789,transformer_L1,phase5_matched,validation,fpr_at_most_0.001,0.9985880255699158,DoS attacks-Hulk,0,0,
789,transformer_L1,phase5_matched,validation,fpr_at_most_0.001,0.9985880255699158,DoS attacks-SlowHTTPTest,0,0,
789,transformer_L1,phase5_matched,validation,fpr_at_most_0.001,0.9985880255699158,DoS attacks-Slowloris,0,0,
789,transformer_L1,phase5_matched,validation,fpr_at_most_0.001,0.9985880255699158,FTP-BruteForce,0,0,
789,transformer_L1,phase5_matched,validation,fpr_at_most_0.001,0.9985880255699158,Infilteration,8551,13,0.001520290024558531
789,transformer_L1,phase5_matched,validation,fpr_at_most_0.001,0.9985880255699158,SQL Injection,4,0,0.0
789,transformer_L1,phase5_matched,validation,fpr_at_most_0.001,0.9985880255699158,SSH-Bruteforce,0,0,
789,transformer_L1,phase5_matched,test,fixed_0_5,0.5,Bot,35326,24,0.0006793862877200929
789,transformer_L1,phase5_matched,test,fixed_0_5,0.5,Brute Force -Web,0,0,
789,transformer_L1,phase5_matched,test,fixed_0_5,0.5,Brute Force -XSS,0,0,
789,transformer_L1,phase5_matched,test,fixed_0_5,0.5,DDOS attack-HOIC,0,0,
789,transformer_L1,phase5_matched,test,fixed_0_5,0.5,DDOS attack-LOIC-UDP,0,0,
789,transformer_L1,phase5_matched,test,fixed_0_5,0.5,DDoS attacks-LOIC-HTTP,0,0,
789,transformer_L1,phase5_matched,test,fixed_0_5,0.5,DoS attacks-GoldenEye,0,0,
789,transformer_L1,phase5_matched,test,fixed_0_5,0.5,DoS attacks-Hulk,0,0,
789,transformer_L1,phase5_matched,test,fixed_0_5,0.5,DoS attacks-SlowHTTPTest,0,0,
789,transformer_L1,phase5_matched,test,fixed_0_5,0.5,DoS attacks-Slowloris,0,0,
789,transformer_L1,phase5_matched,test,fixed_0_5,0.5,FTP-BruteForce,0,0,
789,transformer_L1,phase5_matched,test,fixed_0_5,0.5,Infilteration,11632,846,0.07273039889958735
789,transformer_L1,phase5_matched,test,fixed_0_5,0.5,SQL Injection,0,0,
789,transformer_L1,phase5_matched,test,fixed_0_5,0.5,SSH-Bruteforce,0,0,
789,transformer_L1,phase5_matched,test,maximum_macro_f1,0.38115426898002625,Bot,35326,27,0.0007643095736851044
789,transformer_L1,phase5_matched,test,maximum_macro_f1,0.38115426898002625,Brute Force -Web,0,0,
789,transformer_L1,phase5_matched,test,maximum_macro_f1,0.38115426898002625,Brute Force -XSS,0,0,
789,transformer_L1,phase5_matched,test,maximum_macro_f1,0.38115426898002625,DDOS attack-HOIC,0,0,
789,transformer_L1,phase5_matched,test,maximum_macro_f1,0.38115426898002625,DDOS attack-LOIC-UDP,0,0,
789,transformer_L1,phase5_matched,test,maximum_macro_f1,0.38115426898002625,DDoS attacks-LOIC-HTTP,0,0,
789,transformer_L1,phase5_matched,test,maximum_macro_f1,0.38115426898002625,DoS attacks-GoldenEye,0,0,
789,transformer_L1,phase5_matched,test,maximum_macro_f1,0.38115426898002625,DoS attacks-Hulk,0,0,
789,transformer_L1,phase5_matched,test,maximum_macro_f1,0.38115426898002625,DoS attacks-SlowHTTPTest,0,0,
789,transformer_L1,phase5_matched,test,maximum_macro_f1,0.38115426898002625,DoS attacks-Slowloris,0,0,
789,transformer_L1,phase5_matched,test,maximum_macro_f1,0.38115426898002625,FTP-BruteForce,0,0,
789,transformer_L1,phase5_matched,test,maximum_macro_f1,0.38115426898002625,Infilteration,11632,882,0.07582530949105915
789,transformer_L1,phase5_matched,test,maximum_macro_f1,0.38115426898002625,SQL Injection,0,0,
789,transformer_L1,phase5_matched,test,maximum_macro_f1,0.38115426898002625,SSH-Bruteforce,0,0,
789,transformer_L1,phase5_matched,test,fpr_at_most_0.01,0.9344771504402161,Bot,35326,0,0.0
789,transformer_L1,phase5_matched,test,fpr_at_most_0.01,0.9344771504402161,Brute Force -Web,0,0,
789,transformer_L1,phase5_matched,test,fpr_at_most_0.01,0.9344771504402161,Brute Force -XSS,0,0,
789,transformer_L1,phase5_matched,test,fpr_at_most_0.01,0.9344771504402161,DDOS attack-HOIC,0,0,
789,transformer_L1,phase5_matched,test,fpr_at_most_0.01,0.9344771504402161,DDOS attack-LOIC-UDP,0,0,
789,transformer_L1,phase5_matched,test,fpr_at_most_0.01,0.9344771504402161,DDoS attacks-LOIC-HTTP,0,0,
789,transformer_L1,phase5_matched,test,fpr_at_most_0.01,0.9344771504402161,DoS attacks-GoldenEye,0,0,
789,transformer_L1,phase5_matched,test,fpr_at_most_0.01,0.9344771504402161,DoS attacks-Hulk,0,0,
789,transformer_L1,phase5_matched,test,fpr_at_most_0.01,0.9344771504402161,DoS attacks-SlowHTTPTest,0,0,
789,transformer_L1,phase5_matched,test,fpr_at_most_0.01,0.9344771504402161,DoS attacks-Slowloris,0,0,
789,transformer_L1,phase5_matched,test,fpr_at_most_0.01,0.9344771504402161,FTP-BruteForce,0,0,
789,transformer_L1,phase5_matched,test,fpr_at_most_0.01,0.9344771504402161,Infilteration,11632,624,0.05364511691884457
789,transformer_L1,phase5_matched,test,fpr_at_most_0.01,0.9344771504402161,SQL Injection,0,0,
789,transformer_L1,phase5_matched,test,fpr_at_most_0.01,0.9344771504402161,SSH-Bruteforce,0,0,
789,transformer_L1,phase5_matched,test,fpr_at_most_0.005,0.9626843333244324,Bot,35326,0,0.0
789,transformer_L1,phase5_matched,test,fpr_at_most_0.005,0.9626843333244324,Brute Force -Web,0,0,
789,transformer_L1,phase5_matched,test,fpr_at_most_0.005,0.9626843333244324,Brute Force -XSS,0,0,
789,transformer_L1,phase5_matched,test,fpr_at_most_0.005,0.9626843333244324,DDOS attack-HOIC,0,0,
789,transformer_L1,phase5_matched,test,fpr_at_most_0.005,0.9626843333244324,DDOS attack-LOIC-UDP,0,0,
789,transformer_L1,phase5_matched,test,fpr_at_most_0.005,0.9626843333244324,DDoS attacks-LOIC-HTTP,0,0,
789,transformer_L1,phase5_matched,test,fpr_at_most_0.005,0.9626843333244324,DoS attacks-GoldenEye,0,0,
789,transformer_L1,phase5_matched,test,fpr_at_most_0.005,0.9626843333244324,DoS attacks-Hulk,0,0,
789,transformer_L1,phase5_matched,test,fpr_at_most_0.005,0.9626843333244324,DoS attacks-SlowHTTPTest,0,0,
789,transformer_L1,phase5_matched,test,fpr_at_most_0.005,0.9626843333244324,DoS attacks-Slowloris,0,0,
789,transformer_L1,phase5_matched,test,fpr_at_most_0.005,0.9626843333244324,FTP-BruteForce,0,0,
789,transformer_L1,phase5_matched,test,fpr_at_most_0.005,0.9626843333244324,Infilteration,11632,305,0.026220770288858324
789,transformer_L1,phase5_matched,test,fpr_at_most_0.005,0.9626843333244324,SQL Injection,0,0,
789,transformer_L1,phase5_matched,test,fpr_at_most_0.005,0.9626843333244324,SSH-Bruteforce,0,0,
789,transformer_L1,phase5_matched,test,fpr_at_most_0.001,0.9985880255699158,Bot,35326,0,0.0
789,transformer_L1,phase5_matched,test,fpr_at_most_0.001,0.9985880255699158,Brute Force -Web,0,0,
789,transformer_L1,phase5_matched,test,fpr_at_most_0.001,0.9985880255699158,Brute Force -XSS,0,0,
789,transformer_L1,phase5_matched,test,fpr_at_most_0.001,0.9985880255699158,DDOS attack-HOIC,0,0,
789,transformer_L1,phase5_matched,test,fpr_at_most_0.001,0.9985880255699158,DDOS attack-LOIC-UDP,0,0,
789,transformer_L1,phase5_matched,test,fpr_at_most_0.001,0.9985880255699158,DDoS attacks-LOIC-HTTP,0,0,
789,transformer_L1,phase5_matched,test,fpr_at_most_0.001,0.9985880255699158,DoS attacks-GoldenEye,0,0,
789,transformer_L1,phase5_matched,test,fpr_at_most_0.001,0.9985880255699158,DoS attacks-Hulk,0,0,
789,transformer_L1,phase5_matched,test,fpr_at_most_0.001,0.9985880255699158,DoS attacks-SlowHTTPTest,0,0,
789,transformer_L1,phase5_matched,test,fpr_at_most_0.001,0.9985880255699158,DoS attacks-Slowloris,0,0,
789,transformer_L1,phase5_matched,test,fpr_at_most_0.001,0.9985880255699158,FTP-BruteForce,0,0,
789,transformer_L1,phase5_matched,test,fpr_at_most_0.001,0.9985880255699158,Infilteration,11632,53,0.004556396148555708
789,transformer_L1,phase5_matched,test,fpr_at_most_0.001,0.9985880255699158,SQL Injection,0,0,
789,transformer_L1,phase5_matched,test,fpr_at_most_0.001,0.9985880255699158,SSH-Bruteforce,0,0,
789,transformer_L64,phase5_matched,validation,fixed_0_5,0.5,Bot,0,0,
789,transformer_L64,phase5_matched,validation,fixed_0_5,0.5,Brute Force -Web,48,0,0.0
789,transformer_L64,phase5_matched,validation,fixed_0_5,0.5,Brute Force -XSS,11,0,0.0
789,transformer_L64,phase5_matched,validation,fixed_0_5,0.5,DDOS attack-HOIC,0,0,
789,transformer_L64,phase5_matched,validation,fixed_0_5,0.5,DDOS attack-LOIC-UDP,0,0,
789,transformer_L64,phase5_matched,validation,fixed_0_5,0.5,DDoS attacks-LOIC-HTTP,0,0,
789,transformer_L64,phase5_matched,validation,fixed_0_5,0.5,DoS attacks-GoldenEye,0,0,
789,transformer_L64,phase5_matched,validation,fixed_0_5,0.5,DoS attacks-Hulk,0,0,
789,transformer_L64,phase5_matched,validation,fixed_0_5,0.5,DoS attacks-SlowHTTPTest,0,0,
789,transformer_L64,phase5_matched,validation,fixed_0_5,0.5,DoS attacks-Slowloris,0,0,
789,transformer_L64,phase5_matched,validation,fixed_0_5,0.5,FTP-BruteForce,0,0,
789,transformer_L64,phase5_matched,validation,fixed_0_5,0.5,Infilteration,8551,665,0.0777686820254941
789,transformer_L64,phase5_matched,validation,fixed_0_5,0.5,SQL Injection,4,0,0.0
789,transformer_L64,phase5_matched,validation,fixed_0_5,0.5,SSH-Bruteforce,0,0,
789,transformer_L64,phase5_matched,validation,maximum_macro_f1,0.2663044333457947,Bot,0,0,
789,transformer_L64,phase5_matched,validation,maximum_macro_f1,0.2663044333457947,Brute Force -Web,48,9,0.1875
789,transformer_L64,phase5_matched,validation,maximum_macro_f1,0.2663044333457947,Brute Force -XSS,11,0,0.0
789,transformer_L64,phase5_matched,validation,maximum_macro_f1,0.2663044333457947,DDOS attack-HOIC,0,0,
789,transformer_L64,phase5_matched,validation,maximum_macro_f1,0.2663044333457947,DDOS attack-LOIC-UDP,0,0,
789,transformer_L64,phase5_matched,validation,maximum_macro_f1,0.2663044333457947,DDoS attacks-LOIC-HTTP,0,0,
789,transformer_L64,phase5_matched,validation,maximum_macro_f1,0.2663044333457947,DoS attacks-GoldenEye,0,0,
789,transformer_L64,phase5_matched,validation,maximum_macro_f1,0.2663044333457947,DoS attacks-Hulk,0,0,
789,transformer_L64,phase5_matched,validation,maximum_macro_f1,0.2663044333457947,DoS attacks-SlowHTTPTest,0,0,
789,transformer_L64,phase5_matched,validation,maximum_macro_f1,0.2663044333457947,DoS attacks-Slowloris,0,0,
789,transformer_L64,phase5_matched,validation,maximum_macro_f1,0.2663044333457947,FTP-BruteForce,0,0,
789,transformer_L64,phase5_matched,validation,maximum_macro_f1,0.2663044333457947,Infilteration,8551,698,0.08162787978014267
789,transformer_L64,phase5_matched,validation,maximum_macro_f1,0.2663044333457947,SQL Injection,4,0,0.0
789,transformer_L64,phase5_matched,validation,maximum_macro_f1,0.2663044333457947,SSH-Bruteforce,0,0,
789,transformer_L64,phase5_matched,validation,fpr_at_most_0.01,0.9785903692245483,Bot,0,0,
789,transformer_L64,phase5_matched,validation,fpr_at_most_0.01,0.9785903692245483,Brute Force -Web,48,0,0.0
789,transformer_L64,phase5_matched,validation,fpr_at_most_0.01,0.9785903692245483,Brute Force -XSS,11,0,0.0
789,transformer_L64,phase5_matched,validation,fpr_at_most_0.01,0.9785903692245483,DDOS attack-HOIC,0,0,
789,transformer_L64,phase5_matched,validation,fpr_at_most_0.01,0.9785903692245483,DDOS attack-LOIC-UDP,0,0,
789,transformer_L64,phase5_matched,validation,fpr_at_most_0.01,0.9785903692245483,DDoS attacks-LOIC-HTTP,0,0,
789,transformer_L64,phase5_matched,validation,fpr_at_most_0.01,0.9785903692245483,DoS attacks-GoldenEye,0,0,
789,transformer_L64,phase5_matched,validation,fpr_at_most_0.01,0.9785903692245483,DoS attacks-Hulk,0,0,
789,transformer_L64,phase5_matched,validation,fpr_at_most_0.01,0.9785903692245483,DoS attacks-SlowHTTPTest,0,0,
789,transformer_L64,phase5_matched,validation,fpr_at_most_0.01,0.9785903692245483,DoS attacks-Slowloris,0,0,
789,transformer_L64,phase5_matched,validation,fpr_at_most_0.01,0.9785903692245483,FTP-BruteForce,0,0,
789,transformer_L64,phase5_matched,validation,fpr_at_most_0.01,0.9785903692245483,Infilteration,8551,458,0.053560987019062097
789,transformer_L64,phase5_matched,validation,fpr_at_most_0.01,0.9785903692245483,SQL Injection,4,0,0.0
789,transformer_L64,phase5_matched,validation,fpr_at_most_0.01,0.9785903692245483,SSH-Bruteforce,0,0,
789,transformer_L64,phase5_matched,validation,fpr_at_most_0.005,0.9845367074012756,Bot,0,0,
789,transformer_L64,phase5_matched,validation,fpr_at_most_0.005,0.9845367074012756,Brute Force -Web,48,0,0.0
789,transformer_L64,phase5_matched,validation,fpr_at_most_0.005,0.9845367074012756,Brute Force -XSS,11,0,0.0
789,transformer_L64,phase5_matched,validation,fpr_at_most_0.005,0.9845367074012756,DDOS attack-HOIC,0,0,
789,transformer_L64,phase5_matched,validation,fpr_at_most_0.005,0.9845367074012756,DDOS attack-LOIC-UDP,0,0,
789,transformer_L64,phase5_matched,validation,fpr_at_most_0.005,0.9845367074012756,DDoS attacks-LOIC-HTTP,0,0,
789,transformer_L64,phase5_matched,validation,fpr_at_most_0.005,0.9845367074012756,DoS attacks-GoldenEye,0,0,
789,transformer_L64,phase5_matched,validation,fpr_at_most_0.005,0.9845367074012756,DoS attacks-Hulk,0,0,
789,transformer_L64,phase5_matched,validation,fpr_at_most_0.005,0.9845367074012756,DoS attacks-SlowHTTPTest,0,0,
789,transformer_L64,phase5_matched,validation,fpr_at_most_0.005,0.9845367074012756,DoS attacks-Slowloris,0,0,
789,transformer_L64,phase5_matched,validation,fpr_at_most_0.005,0.9845367074012756,FTP-BruteForce,0,0,
789,transformer_L64,phase5_matched,validation,fpr_at_most_0.005,0.9845367074012756,Infilteration,8551,231,0.027014384282540053
789,transformer_L64,phase5_matched,validation,fpr_at_most_0.005,0.9845367074012756,SQL Injection,4,0,0.0
789,transformer_L64,phase5_matched,validation,fpr_at_most_0.005,0.9845367074012756,SSH-Bruteforce,0,0,
789,transformer_L64,phase5_matched,validation,fpr_at_most_0.001,0.9887933135032654,Bot,0,0,
789,transformer_L64,phase5_matched,validation,fpr_at_most_0.001,0.9887933135032654,Brute Force -Web,48,0,0.0
789,transformer_L64,phase5_matched,validation,fpr_at_most_0.001,0.9887933135032654,Brute Force -XSS,11,0,0.0
789,transformer_L64,phase5_matched,validation,fpr_at_most_0.001,0.9887933135032654,DDOS attack-HOIC,0,0,
789,transformer_L64,phase5_matched,validation,fpr_at_most_0.001,0.9887933135032654,DDOS attack-LOIC-UDP,0,0,
789,transformer_L64,phase5_matched,validation,fpr_at_most_0.001,0.9887933135032654,DDoS attacks-LOIC-HTTP,0,0,
789,transformer_L64,phase5_matched,validation,fpr_at_most_0.001,0.9887933135032654,DoS attacks-GoldenEye,0,0,
789,transformer_L64,phase5_matched,validation,fpr_at_most_0.001,0.9887933135032654,DoS attacks-Hulk,0,0,
789,transformer_L64,phase5_matched,validation,fpr_at_most_0.001,0.9887933135032654,DoS attacks-SlowHTTPTest,0,0,
789,transformer_L64,phase5_matched,validation,fpr_at_most_0.001,0.9887933135032654,DoS attacks-Slowloris,0,0,
789,transformer_L64,phase5_matched,validation,fpr_at_most_0.001,0.9887933135032654,FTP-BruteForce,0,0,
789,transformer_L64,phase5_matched,validation,fpr_at_most_0.001,0.9887933135032654,Infilteration,8551,33,0.0038591977546485793
789,transformer_L64,phase5_matched,validation,fpr_at_most_0.001,0.9887933135032654,SQL Injection,4,0,0.0
789,transformer_L64,phase5_matched,validation,fpr_at_most_0.001,0.9887933135032654,SSH-Bruteforce,0,0,
789,transformer_L64,phase5_matched,test,fixed_0_5,0.5,Bot,35326,22,0.0006227707637434185
789,transformer_L64,phase5_matched,test,fixed_0_5,0.5,Brute Force -Web,0,0,
789,transformer_L64,phase5_matched,test,fixed_0_5,0.5,Brute Force -XSS,0,0,
789,transformer_L64,phase5_matched,test,fixed_0_5,0.5,DDOS attack-HOIC,0,0,
789,transformer_L64,phase5_matched,test,fixed_0_5,0.5,DDOS attack-LOIC-UDP,0,0,
789,transformer_L64,phase5_matched,test,fixed_0_5,0.5,DDoS attacks-LOIC-HTTP,0,0,
789,transformer_L64,phase5_matched,test,fixed_0_5,0.5,DoS attacks-GoldenEye,0,0,
789,transformer_L64,phase5_matched,test,fixed_0_5,0.5,DoS attacks-Hulk,0,0,
789,transformer_L64,phase5_matched,test,fixed_0_5,0.5,DoS attacks-SlowHTTPTest,0,0,
789,transformer_L64,phase5_matched,test,fixed_0_5,0.5,DoS attacks-Slowloris,0,0,
789,transformer_L64,phase5_matched,test,fixed_0_5,0.5,FTP-BruteForce,0,0,
789,transformer_L64,phase5_matched,test,fixed_0_5,0.5,Infilteration,11632,929,0.0798658872077029
789,transformer_L64,phase5_matched,test,fixed_0_5,0.5,SQL Injection,0,0,
789,transformer_L64,phase5_matched,test,fixed_0_5,0.5,SSH-Bruteforce,0,0,
789,transformer_L64,phase5_matched,test,maximum_macro_f1,0.2663044333457947,Bot,35326,29,0.0008209250976617789
789,transformer_L64,phase5_matched,test,maximum_macro_f1,0.2663044333457947,Brute Force -Web,0,0,
789,transformer_L64,phase5_matched,test,maximum_macro_f1,0.2663044333457947,Brute Force -XSS,0,0,
789,transformer_L64,phase5_matched,test,maximum_macro_f1,0.2663044333457947,DDOS attack-HOIC,0,0,
789,transformer_L64,phase5_matched,test,maximum_macro_f1,0.2663044333457947,DDOS attack-LOIC-UDP,0,0,
789,transformer_L64,phase5_matched,test,maximum_macro_f1,0.2663044333457947,DDoS attacks-LOIC-HTTP,0,0,
789,transformer_L64,phase5_matched,test,maximum_macro_f1,0.2663044333457947,DoS attacks-GoldenEye,0,0,
789,transformer_L64,phase5_matched,test,maximum_macro_f1,0.2663044333457947,DoS attacks-Hulk,0,0,
789,transformer_L64,phase5_matched,test,maximum_macro_f1,0.2663044333457947,DoS attacks-SlowHTTPTest,0,0,
789,transformer_L64,phase5_matched,test,maximum_macro_f1,0.2663044333457947,DoS attacks-Slowloris,0,0,
789,transformer_L64,phase5_matched,test,maximum_macro_f1,0.2663044333457947,FTP-BruteForce,0,0,
789,transformer_L64,phase5_matched,test,maximum_macro_f1,0.2663044333457947,Infilteration,11632,963,0.0827888583218707
789,transformer_L64,phase5_matched,test,maximum_macro_f1,0.2663044333457947,SQL Injection,0,0,
789,transformer_L64,phase5_matched,test,maximum_macro_f1,0.2663044333457947,SSH-Bruteforce,0,0,
789,transformer_L64,phase5_matched,test,fpr_at_most_0.01,0.9785903692245483,Bot,35326,0,0.0
789,transformer_L64,phase5_matched,test,fpr_at_most_0.01,0.9785903692245483,Brute Force -Web,0,0,
789,transformer_L64,phase5_matched,test,fpr_at_most_0.01,0.9785903692245483,Brute Force -XSS,0,0,
789,transformer_L64,phase5_matched,test,fpr_at_most_0.01,0.9785903692245483,DDOS attack-HOIC,0,0,
789,transformer_L64,phase5_matched,test,fpr_at_most_0.01,0.9785903692245483,DDOS attack-LOIC-UDP,0,0,
789,transformer_L64,phase5_matched,test,fpr_at_most_0.01,0.9785903692245483,DDoS attacks-LOIC-HTTP,0,0,
789,transformer_L64,phase5_matched,test,fpr_at_most_0.01,0.9785903692245483,DoS attacks-GoldenEye,0,0,
789,transformer_L64,phase5_matched,test,fpr_at_most_0.01,0.9785903692245483,DoS attacks-Hulk,0,0,
789,transformer_L64,phase5_matched,test,fpr_at_most_0.01,0.9785903692245483,DoS attacks-SlowHTTPTest,0,0,
789,transformer_L64,phase5_matched,test,fpr_at_most_0.01,0.9785903692245483,DoS attacks-Slowloris,0,0,
789,transformer_L64,phase5_matched,test,fpr_at_most_0.01,0.9785903692245483,FTP-BruteForce,0,0,
789,transformer_L64,phase5_matched,test,fpr_at_most_0.01,0.9785903692245483,Infilteration,11632,639,0.054934662998624484
789,transformer_L64,phase5_matched,test,fpr_at_most_0.01,0.9785903692245483,SQL Injection,0,0,
789,transformer_L64,phase5_matched,test,fpr_at_most_0.01,0.9785903692245483,SSH-Bruteforce,0,0,
789,transformer_L64,phase5_matched,test,fpr_at_most_0.005,0.9845367074012756,Bot,35326,0,0.0
789,transformer_L64,phase5_matched,test,fpr_at_most_0.005,0.9845367074012756,Brute Force -Web,0,0,
789,transformer_L64,phase5_matched,test,fpr_at_most_0.005,0.9845367074012756,Brute Force -XSS,0,0,
789,transformer_L64,phase5_matched,test,fpr_at_most_0.005,0.9845367074012756,DDOS attack-HOIC,0,0,
789,transformer_L64,phase5_matched,test,fpr_at_most_0.005,0.9845367074012756,DDOS attack-LOIC-UDP,0,0,
789,transformer_L64,phase5_matched,test,fpr_at_most_0.005,0.9845367074012756,DDoS attacks-LOIC-HTTP,0,0,
789,transformer_L64,phase5_matched,test,fpr_at_most_0.005,0.9845367074012756,DoS attacks-GoldenEye,0,0,
789,transformer_L64,phase5_matched,test,fpr_at_most_0.005,0.9845367074012756,DoS attacks-Hulk,0,0,
789,transformer_L64,phase5_matched,test,fpr_at_most_0.005,0.9845367074012756,DoS attacks-SlowHTTPTest,0,0,
789,transformer_L64,phase5_matched,test,fpr_at_most_0.005,0.9845367074012756,DoS attacks-Slowloris,0,0,
789,transformer_L64,phase5_matched,test,fpr_at_most_0.005,0.9845367074012756,FTP-BruteForce,0,0,
789,transformer_L64,phase5_matched,test,fpr_at_most_0.005,0.9845367074012756,Infilteration,11632,277,0.023813617606602475
789,transformer_L64,phase5_matched,test,fpr_at_most_0.005,0.9845367074012756,SQL Injection,0,0,
789,transformer_L64,phase5_matched,test,fpr_at_most_0.005,0.9845367074012756,SSH-Bruteforce,0,0,
789,transformer_L64,phase5_matched,test,fpr_at_most_0.001,0.9887933135032654,Bot,35326,0,0.0
789,transformer_L64,phase5_matched,test,fpr_at_most_0.001,0.9887933135032654,Brute Force -Web,0,0,
789,transformer_L64,phase5_matched,test,fpr_at_most_0.001,0.9887933135032654,Brute Force -XSS,0,0,
789,transformer_L64,phase5_matched,test,fpr_at_most_0.001,0.9887933135032654,DDOS attack-HOIC,0,0,
789,transformer_L64,phase5_matched,test,fpr_at_most_0.001,0.9887933135032654,DDOS attack-LOIC-UDP,0,0,
789,transformer_L64,phase5_matched,test,fpr_at_most_0.001,0.9887933135032654,DDoS attacks-LOIC-HTTP,0,0,
789,transformer_L64,phase5_matched,test,fpr_at_most_0.001,0.9887933135032654,DoS attacks-GoldenEye,0,0,
789,transformer_L64,phase5_matched,test,fpr_at_most_0.001,0.9887933135032654,DoS attacks-Hulk,0,0,
789,transformer_L64,phase5_matched,test,fpr_at_most_0.001,0.9887933135032654,DoS attacks-SlowHTTPTest,0,0,
789,transformer_L64,phase5_matched,test,fpr_at_most_0.001,0.9887933135032654,DoS attacks-Slowloris,0,0,
789,transformer_L64,phase5_matched,test,fpr_at_most_0.001,0.9887933135032654,FTP-BruteForce,0,0,
789,transformer_L64,phase5_matched,test,fpr_at_most_0.001,0.9887933135032654,Infilteration,11632,44,0.003782668500687758
789,transformer_L64,phase5_matched,test,fpr_at_most_0.001,0.9887933135032654,SQL Injection,0,0,
789,transformer_L64,phase5_matched,test,fpr_at_most_0.001,0.9887933135032654,SSH-Bruteforce,0,0,
789,autoencoder_B,full_dataset,validation,benign_fpr_at_most_0.05,0.035488431494073776,Bot,0,0,
789,autoencoder_B,full_dataset,validation,benign_fpr_at_most_0.05,0.035488431494073776,Brute Force -Web,362,191,0.5276243093922652
789,autoencoder_B,full_dataset,validation,benign_fpr_at_most_0.05,0.035488431494073776,Brute Force -XSS,151,77,0.5099337748344371
789,autoencoder_B,full_dataset,validation,benign_fpr_at_most_0.05,0.035488431494073776,DDOS attack-HOIC,0,0,
789,autoencoder_B,full_dataset,validation,benign_fpr_at_most_0.05,0.035488431494073776,DDOS attack-LOIC-UDP,0,0,
789,autoencoder_B,full_dataset,validation,benign_fpr_at_most_0.05,0.035488431494073776,DDoS attacks-LOIC-HTTP,0,0,
789,autoencoder_B,full_dataset,validation,benign_fpr_at_most_0.05,0.035488431494073776,DoS attacks-GoldenEye,0,0,
789,autoencoder_B,full_dataset,validation,benign_fpr_at_most_0.05,0.035488431494073776,DoS attacks-Hulk,0,0,
789,autoencoder_B,full_dataset,validation,benign_fpr_at_most_0.05,0.035488431494073776,DoS attacks-SlowHTTPTest,0,0,
789,autoencoder_B,full_dataset,validation,benign_fpr_at_most_0.05,0.035488431494073776,DoS attacks-Slowloris,0,0,
789,autoencoder_B,full_dataset,validation,benign_fpr_at_most_0.05,0.035488431494073776,FTP-BruteForce,0,0,
789,autoencoder_B,full_dataset,validation,benign_fpr_at_most_0.05,0.035488431494073776,Infilteration,68857,8269,0.12008946076651611
789,autoencoder_B,full_dataset,validation,benign_fpr_at_most_0.05,0.035488431494073776,SQL Injection,53,11,0.20754716981132076
789,autoencoder_B,full_dataset,validation,benign_fpr_at_most_0.05,0.035488431494073776,SSH-Bruteforce,0,0,
789,autoencoder_B,full_dataset,validation,benign_fpr_at_most_0.01,0.18880740777299884,Bot,0,0,
789,autoencoder_B,full_dataset,validation,benign_fpr_at_most_0.01,0.18880740777299884,Brute Force -Web,362,130,0.35911602209944754
789,autoencoder_B,full_dataset,validation,benign_fpr_at_most_0.01,0.18880740777299884,Brute Force -XSS,151,77,0.5099337748344371
789,autoencoder_B,full_dataset,validation,benign_fpr_at_most_0.01,0.18880740777299884,DDOS attack-HOIC,0,0,
789,autoencoder_B,full_dataset,validation,benign_fpr_at_most_0.01,0.18880740777299884,DDOS attack-LOIC-UDP,0,0,
789,autoencoder_B,full_dataset,validation,benign_fpr_at_most_0.01,0.18880740777299884,DDoS attacks-LOIC-HTTP,0,0,
789,autoencoder_B,full_dataset,validation,benign_fpr_at_most_0.01,0.18880740777299884,DoS attacks-GoldenEye,0,0,
789,autoencoder_B,full_dataset,validation,benign_fpr_at_most_0.01,0.18880740777299884,DoS attacks-Hulk,0,0,
789,autoencoder_B,full_dataset,validation,benign_fpr_at_most_0.01,0.18880740777299884,DoS attacks-SlowHTTPTest,0,0,
789,autoencoder_B,full_dataset,validation,benign_fpr_at_most_0.01,0.18880740777299884,DoS attacks-Slowloris,0,0,
789,autoencoder_B,full_dataset,validation,benign_fpr_at_most_0.01,0.18880740777299884,FTP-BruteForce,0,0,
789,autoencoder_B,full_dataset,validation,benign_fpr_at_most_0.01,0.18880740777299884,Infilteration,68857,1994,0.028958566304079468
789,autoencoder_B,full_dataset,validation,benign_fpr_at_most_0.01,0.18880740777299884,SQL Injection,53,2,0.03773584905660377
789,autoencoder_B,full_dataset,validation,benign_fpr_at_most_0.01,0.18880740777299884,SSH-Bruteforce,0,0,
789,autoencoder_B,full_dataset,validation,benign_fpr_at_most_0.005,0.2835641301935873,Bot,0,0,
789,autoencoder_B,full_dataset,validation,benign_fpr_at_most_0.005,0.2835641301935873,Brute Force -Web,362,128,0.35359116022099446
789,autoencoder_B,full_dataset,validation,benign_fpr_at_most_0.005,0.2835641301935873,Brute Force -XSS,151,76,0.5033112582781457
789,autoencoder_B,full_dataset,validation,benign_fpr_at_most_0.005,0.2835641301935873,DDOS attack-HOIC,0,0,
789,autoencoder_B,full_dataset,validation,benign_fpr_at_most_0.005,0.2835641301935873,DDOS attack-LOIC-UDP,0,0,
789,autoencoder_B,full_dataset,validation,benign_fpr_at_most_0.005,0.2835641301935873,DDoS attacks-LOIC-HTTP,0,0,
789,autoencoder_B,full_dataset,validation,benign_fpr_at_most_0.005,0.2835641301935873,DoS attacks-GoldenEye,0,0,
789,autoencoder_B,full_dataset,validation,benign_fpr_at_most_0.005,0.2835641301935873,DoS attacks-Hulk,0,0,
789,autoencoder_B,full_dataset,validation,benign_fpr_at_most_0.005,0.2835641301935873,DoS attacks-SlowHTTPTest,0,0,
789,autoencoder_B,full_dataset,validation,benign_fpr_at_most_0.005,0.2835641301935873,DoS attacks-Slowloris,0,0,
789,autoencoder_B,full_dataset,validation,benign_fpr_at_most_0.005,0.2835641301935873,FTP-BruteForce,0,0,
789,autoencoder_B,full_dataset,validation,benign_fpr_at_most_0.005,0.2835641301935873,Infilteration,68857,781,0.011342347183292911
789,autoencoder_B,full_dataset,validation,benign_fpr_at_most_0.005,0.2835641301935873,SQL Injection,53,2,0.03773584905660377
789,autoencoder_B,full_dataset,validation,benign_fpr_at_most_0.005,0.2835641301935873,SSH-Bruteforce,0,0,
789,autoencoder_B,full_dataset,validation,benign_fpr_at_most_0.001,0.8171291243969404,Bot,0,0,
789,autoencoder_B,full_dataset,validation,benign_fpr_at_most_0.001,0.8171291243969404,Brute Force -Web,362,23,0.06353591160220995
789,autoencoder_B,full_dataset,validation,benign_fpr_at_most_0.001,0.8171291243969404,Brute Force -XSS,151,0,0.0
789,autoencoder_B,full_dataset,validation,benign_fpr_at_most_0.001,0.8171291243969404,DDOS attack-HOIC,0,0,
789,autoencoder_B,full_dataset,validation,benign_fpr_at_most_0.001,0.8171291243969404,DDOS attack-LOIC-UDP,0,0,
789,autoencoder_B,full_dataset,validation,benign_fpr_at_most_0.001,0.8171291243969404,DDoS attacks-LOIC-HTTP,0,0,
789,autoencoder_B,full_dataset,validation,benign_fpr_at_most_0.001,0.8171291243969404,DoS attacks-GoldenEye,0,0,
789,autoencoder_B,full_dataset,validation,benign_fpr_at_most_0.001,0.8171291243969404,DoS attacks-Hulk,0,0,
789,autoencoder_B,full_dataset,validation,benign_fpr_at_most_0.001,0.8171291243969404,DoS attacks-SlowHTTPTest,0,0,
789,autoencoder_B,full_dataset,validation,benign_fpr_at_most_0.001,0.8171291243969404,DoS attacks-Slowloris,0,0,
789,autoencoder_B,full_dataset,validation,benign_fpr_at_most_0.001,0.8171291243969404,FTP-BruteForce,0,0,
789,autoencoder_B,full_dataset,validation,benign_fpr_at_most_0.001,0.8171291243969404,Infilteration,68857,27,0.0003921169960933529
789,autoencoder_B,full_dataset,validation,benign_fpr_at_most_0.001,0.8171291243969404,SQL Injection,53,0,0.0
789,autoencoder_B,full_dataset,validation,benign_fpr_at_most_0.001,0.8171291243969404,SSH-Bruteforce,0,0,
789,autoencoder_B,full_dataset,test,benign_fpr_at_most_0.05,0.035488431494073776,Bot,282310,5321,0.018848074811377565
789,autoencoder_B,full_dataset,test,benign_fpr_at_most_0.05,0.035488431494073776,Brute Force -Web,0,0,
789,autoencoder_B,full_dataset,test,benign_fpr_at_most_0.05,0.035488431494073776,Brute Force -XSS,0,0,
789,autoencoder_B,full_dataset,test,benign_fpr_at_most_0.05,0.035488431494073776,DDOS attack-HOIC,0,0,
789,autoencoder_B,full_dataset,test,benign_fpr_at_most_0.05,0.035488431494073776,DDOS attack-LOIC-UDP,0,0,
789,autoencoder_B,full_dataset,test,benign_fpr_at_most_0.05,0.035488431494073776,DDoS attacks-LOIC-HTTP,0,0,
789,autoencoder_B,full_dataset,test,benign_fpr_at_most_0.05,0.035488431494073776,DoS attacks-GoldenEye,0,0,
789,autoencoder_B,full_dataset,test,benign_fpr_at_most_0.05,0.035488431494073776,DoS attacks-Hulk,0,0,
789,autoencoder_B,full_dataset,test,benign_fpr_at_most_0.05,0.035488431494073776,DoS attacks-SlowHTTPTest,0,0,
789,autoencoder_B,full_dataset,test,benign_fpr_at_most_0.05,0.035488431494073776,DoS attacks-Slowloris,0,0,
789,autoencoder_B,full_dataset,test,benign_fpr_at_most_0.05,0.035488431494073776,FTP-BruteForce,0,0,
789,autoencoder_B,full_dataset,test,benign_fpr_at_most_0.05,0.035488431494073776,Infilteration,93040,12869,0.13831685296646604
789,autoencoder_B,full_dataset,test,benign_fpr_at_most_0.05,0.035488431494073776,SQL Injection,0,0,
789,autoencoder_B,full_dataset,test,benign_fpr_at_most_0.05,0.035488431494073776,SSH-Bruteforce,0,0,
789,autoencoder_B,full_dataset,test,benign_fpr_at_most_0.01,0.18880740777299884,Bot,282310,187,0.0006623924055116716
789,autoencoder_B,full_dataset,test,benign_fpr_at_most_0.01,0.18880740777299884,Brute Force -Web,0,0,
789,autoencoder_B,full_dataset,test,benign_fpr_at_most_0.01,0.18880740777299884,Brute Force -XSS,0,0,
789,autoencoder_B,full_dataset,test,benign_fpr_at_most_0.01,0.18880740777299884,DDOS attack-HOIC,0,0,
789,autoencoder_B,full_dataset,test,benign_fpr_at_most_0.01,0.18880740777299884,DDOS attack-LOIC-UDP,0,0,
789,autoencoder_B,full_dataset,test,benign_fpr_at_most_0.01,0.18880740777299884,DDoS attacks-LOIC-HTTP,0,0,
789,autoencoder_B,full_dataset,test,benign_fpr_at_most_0.01,0.18880740777299884,DoS attacks-GoldenEye,0,0,
789,autoencoder_B,full_dataset,test,benign_fpr_at_most_0.01,0.18880740777299884,DoS attacks-Hulk,0,0,
789,autoencoder_B,full_dataset,test,benign_fpr_at_most_0.01,0.18880740777299884,DoS attacks-SlowHTTPTest,0,0,
789,autoencoder_B,full_dataset,test,benign_fpr_at_most_0.01,0.18880740777299884,DoS attacks-Slowloris,0,0,
789,autoencoder_B,full_dataset,test,benign_fpr_at_most_0.01,0.18880740777299884,FTP-BruteForce,0,0,
789,autoencoder_B,full_dataset,test,benign_fpr_at_most_0.01,0.18880740777299884,Infilteration,93040,2855,0.03068572656921754
789,autoencoder_B,full_dataset,test,benign_fpr_at_most_0.01,0.18880740777299884,SQL Injection,0,0,
789,autoencoder_B,full_dataset,test,benign_fpr_at_most_0.01,0.18880740777299884,SSH-Bruteforce,0,0,
789,autoencoder_B,full_dataset,test,benign_fpr_at_most_0.005,0.2835641301935873,Bot,282310,167,0.0005915482979703163
789,autoencoder_B,full_dataset,test,benign_fpr_at_most_0.005,0.2835641301935873,Brute Force -Web,0,0,
789,autoencoder_B,full_dataset,test,benign_fpr_at_most_0.005,0.2835641301935873,Brute Force -XSS,0,0,
789,autoencoder_B,full_dataset,test,benign_fpr_at_most_0.005,0.2835641301935873,DDOS attack-HOIC,0,0,
789,autoencoder_B,full_dataset,test,benign_fpr_at_most_0.005,0.2835641301935873,DDOS attack-LOIC-UDP,0,0,
789,autoencoder_B,full_dataset,test,benign_fpr_at_most_0.005,0.2835641301935873,DDoS attacks-LOIC-HTTP,0,0,
789,autoencoder_B,full_dataset,test,benign_fpr_at_most_0.005,0.2835641301935873,DoS attacks-GoldenEye,0,0,
789,autoencoder_B,full_dataset,test,benign_fpr_at_most_0.005,0.2835641301935873,DoS attacks-Hulk,0,0,
789,autoencoder_B,full_dataset,test,benign_fpr_at_most_0.005,0.2835641301935873,DoS attacks-SlowHTTPTest,0,0,
789,autoencoder_B,full_dataset,test,benign_fpr_at_most_0.005,0.2835641301935873,DoS attacks-Slowloris,0,0,
789,autoencoder_B,full_dataset,test,benign_fpr_at_most_0.005,0.2835641301935873,FTP-BruteForce,0,0,
789,autoencoder_B,full_dataset,test,benign_fpr_at_most_0.005,0.2835641301935873,Infilteration,93040,762,0.008190025795356836
789,autoencoder_B,full_dataset,test,benign_fpr_at_most_0.005,0.2835641301935873,SQL Injection,0,0,
789,autoencoder_B,full_dataset,test,benign_fpr_at_most_0.005,0.2835641301935873,SSH-Bruteforce,0,0,
789,autoencoder_B,full_dataset,test,benign_fpr_at_most_0.001,0.8171291243969404,Bot,282310,53,0.0001877368849845914
789,autoencoder_B,full_dataset,test,benign_fpr_at_most_0.001,0.8171291243969404,Brute Force -Web,0,0,
789,autoencoder_B,full_dataset,test,benign_fpr_at_most_0.001,0.8171291243969404,Brute Force -XSS,0,0,
789,autoencoder_B,full_dataset,test,benign_fpr_at_most_0.001,0.8171291243969404,DDOS attack-HOIC,0,0,
789,autoencoder_B,full_dataset,test,benign_fpr_at_most_0.001,0.8171291243969404,DDOS attack-LOIC-UDP,0,0,
789,autoencoder_B,full_dataset,test,benign_fpr_at_most_0.001,0.8171291243969404,DDoS attacks-LOIC-HTTP,0,0,
789,autoencoder_B,full_dataset,test,benign_fpr_at_most_0.001,0.8171291243969404,DoS attacks-GoldenEye,0,0,
789,autoencoder_B,full_dataset,test,benign_fpr_at_most_0.001,0.8171291243969404,DoS attacks-Hulk,0,0,
789,autoencoder_B,full_dataset,test,benign_fpr_at_most_0.001,0.8171291243969404,DoS attacks-SlowHTTPTest,0,0,
789,autoencoder_B,full_dataset,test,benign_fpr_at_most_0.001,0.8171291243969404,DoS attacks-Slowloris,0,0,
789,autoencoder_B,full_dataset,test,benign_fpr_at_most_0.001,0.8171291243969404,FTP-BruteForce,0,0,
789,autoencoder_B,full_dataset,test,benign_fpr_at_most_0.001,0.8171291243969404,Infilteration,93040,42,0.0004514187446259673
789,autoencoder_B,full_dataset,test,benign_fpr_at_most_0.001,0.8171291243969404,SQL Injection,0,0,
789,autoencoder_B,full_dataset,test,benign_fpr_at_most_0.001,0.8171291243969404,SSH-Bruteforce,0,0,
789,logistic_regression,phase5_matched,validation,fixed_0_5,0.5,Bot,0,0,
789,logistic_regression,phase5_matched,validation,fixed_0_5,0.5,Brute Force -Web,48,4,0.08333333333333333
789,logistic_regression,phase5_matched,validation,fixed_0_5,0.5,Brute Force -XSS,11,4,0.36363636363636365
789,logistic_regression,phase5_matched,validation,fixed_0_5,0.5,DDOS attack-HOIC,0,0,
789,logistic_regression,phase5_matched,validation,fixed_0_5,0.5,DDOS attack-LOIC-UDP,0,0,
789,logistic_regression,phase5_matched,validation,fixed_0_5,0.5,DDoS attacks-LOIC-HTTP,0,0,
789,logistic_regression,phase5_matched,validation,fixed_0_5,0.5,DoS attacks-GoldenEye,0,0,
789,logistic_regression,phase5_matched,validation,fixed_0_5,0.5,DoS attacks-Hulk,0,0,
789,logistic_regression,phase5_matched,validation,fixed_0_5,0.5,DoS attacks-SlowHTTPTest,0,0,
789,logistic_regression,phase5_matched,validation,fixed_0_5,0.5,DoS attacks-Slowloris,0,0,
789,logistic_regression,phase5_matched,validation,fixed_0_5,0.5,FTP-BruteForce,0,0,
789,logistic_regression,phase5_matched,validation,fixed_0_5,0.5,Infilteration,8551,616,0.07203835808677347
789,logistic_regression,phase5_matched,validation,fixed_0_5,0.5,SQL Injection,4,0,0.0
789,logistic_regression,phase5_matched,validation,fixed_0_5,0.5,SSH-Bruteforce,0,0,
789,logistic_regression,phase5_matched,validation,fpr_at_most_0.01,0.9831543564796448,Bot,0,0,
789,logistic_regression,phase5_matched,validation,fpr_at_most_0.01,0.9831543564796448,Brute Force -Web,48,0,0.0
789,logistic_regression,phase5_matched,validation,fpr_at_most_0.01,0.9831543564796448,Brute Force -XSS,11,0,0.0
789,logistic_regression,phase5_matched,validation,fpr_at_most_0.01,0.9831543564796448,DDOS attack-HOIC,0,0,
789,logistic_regression,phase5_matched,validation,fpr_at_most_0.01,0.9831543564796448,DDOS attack-LOIC-UDP,0,0,
789,logistic_regression,phase5_matched,validation,fpr_at_most_0.01,0.9831543564796448,DDoS attacks-LOIC-HTTP,0,0,
789,logistic_regression,phase5_matched,validation,fpr_at_most_0.01,0.9831543564796448,DoS attacks-GoldenEye,0,0,
789,logistic_regression,phase5_matched,validation,fpr_at_most_0.01,0.9831543564796448,DoS attacks-Hulk,0,0,
789,logistic_regression,phase5_matched,validation,fpr_at_most_0.01,0.9831543564796448,DoS attacks-SlowHTTPTest,0,0,
789,logistic_regression,phase5_matched,validation,fpr_at_most_0.01,0.9831543564796448,DoS attacks-Slowloris,0,0,
789,logistic_regression,phase5_matched,validation,fpr_at_most_0.01,0.9831543564796448,FTP-BruteForce,0,0,
789,logistic_regression,phase5_matched,validation,fpr_at_most_0.01,0.9831543564796448,Infilteration,8551,44,0.005145597006198105
789,logistic_regression,phase5_matched,validation,fpr_at_most_0.01,0.9831543564796448,SQL Injection,4,0,0.0
789,logistic_regression,phase5_matched,validation,fpr_at_most_0.01,0.9831543564796448,SSH-Bruteforce,0,0,
789,logistic_regression,phase5_matched,test,fixed_0_5,0.5,Bot,35326,0,0.0
789,logistic_regression,phase5_matched,test,fixed_0_5,0.5,Brute Force -Web,0,0,
789,logistic_regression,phase5_matched,test,fixed_0_5,0.5,Brute Force -XSS,0,0,
789,logistic_regression,phase5_matched,test,fixed_0_5,0.5,DDOS attack-HOIC,0,0,
789,logistic_regression,phase5_matched,test,fixed_0_5,0.5,DDOS attack-LOIC-UDP,0,0,
789,logistic_regression,phase5_matched,test,fixed_0_5,0.5,DDoS attacks-LOIC-HTTP,0,0,
789,logistic_regression,phase5_matched,test,fixed_0_5,0.5,DoS attacks-GoldenEye,0,0,
789,logistic_regression,phase5_matched,test,fixed_0_5,0.5,DoS attacks-Hulk,0,0,
789,logistic_regression,phase5_matched,test,fixed_0_5,0.5,DoS attacks-SlowHTTPTest,0,0,
789,logistic_regression,phase5_matched,test,fixed_0_5,0.5,DoS attacks-Slowloris,0,0,
789,logistic_regression,phase5_matched,test,fixed_0_5,0.5,FTP-BruteForce,0,0,
789,logistic_regression,phase5_matched,test,fixed_0_5,0.5,Infilteration,11632,394,0.03387207702888583
789,logistic_regression,phase5_matched,test,fixed_0_5,0.5,SQL Injection,0,0,
789,logistic_regression,phase5_matched,test,fixed_0_5,0.5,SSH-Bruteforce,0,0,
789,logistic_regression,phase5_matched,test,fpr_at_most_0.01,0.9831543564796448,Bot,35326,0,0.0
789,logistic_regression,phase5_matched,test,fpr_at_most_0.01,0.9831543564796448,Brute Force -Web,0,0,
789,logistic_regression,phase5_matched,test,fpr_at_most_0.01,0.9831543564796448,Brute Force -XSS,0,0,
789,logistic_regression,phase5_matched,test,fpr_at_most_0.01,0.9831543564796448,DDOS attack-HOIC,0,0,
789,logistic_regression,phase5_matched,test,fpr_at_most_0.01,0.9831543564796448,DDOS attack-LOIC-UDP,0,0,
789,logistic_regression,phase5_matched,test,fpr_at_most_0.01,0.9831543564796448,DDoS attacks-LOIC-HTTP,0,0,
789,logistic_regression,phase5_matched,test,fpr_at_most_0.01,0.9831543564796448,DoS attacks-GoldenEye,0,0,
789,logistic_regression,phase5_matched,test,fpr_at_most_0.01,0.9831543564796448,DoS attacks-Hulk,0,0,
789,logistic_regression,phase5_matched,test,fpr_at_most_0.01,0.9831543564796448,DoS attacks-SlowHTTPTest,0,0,
789,logistic_regression,phase5_matched,test,fpr_at_most_0.01,0.9831543564796448,DoS attacks-Slowloris,0,0,
789,logistic_regression,phase5_matched,test,fpr_at_most_0.01,0.9831543564796448,FTP-BruteForce,0,0,
789,logistic_regression,phase5_matched,test,fpr_at_most_0.01,0.9831543564796448,Infilteration,11632,59,0.005072214580467675
789,logistic_regression,phase5_matched,test,fpr_at_most_0.01,0.9831543564796448,SQL Injection,0,0,
789,logistic_regression,phase5_matched,test,fpr_at_most_0.01,0.9831543564796448,SSH-Bruteforce,0,0,
789,random_forest,phase5_matched,validation,fixed_0_5,0.5,Bot,0,0,
789,random_forest,phase5_matched,validation,fixed_0_5,0.5,Brute Force -Web,48,13,0.2708333333333333
789,random_forest,phase5_matched,validation,fixed_0_5,0.5,Brute Force -XSS,11,2,0.18181818181818182
789,random_forest,phase5_matched,validation,fixed_0_5,0.5,DDOS attack-HOIC,0,0,
789,random_forest,phase5_matched,validation,fixed_0_5,0.5,DDOS attack-LOIC-UDP,0,0,
789,random_forest,phase5_matched,validation,fixed_0_5,0.5,DDoS attacks-LOIC-HTTP,0,0,
789,random_forest,phase5_matched,validation,fixed_0_5,0.5,DoS attacks-GoldenEye,0,0,
789,random_forest,phase5_matched,validation,fixed_0_5,0.5,DoS attacks-Hulk,0,0,
789,random_forest,phase5_matched,validation,fixed_0_5,0.5,DoS attacks-SlowHTTPTest,0,0,
789,random_forest,phase5_matched,validation,fixed_0_5,0.5,DoS attacks-Slowloris,0,0,
789,random_forest,phase5_matched,validation,fixed_0_5,0.5,FTP-BruteForce,0,0,
789,random_forest,phase5_matched,validation,fixed_0_5,0.5,Infilteration,8551,18,0.0021050169570810432
789,random_forest,phase5_matched,validation,fixed_0_5,0.5,SQL Injection,4,0,0.0
789,random_forest,phase5_matched,validation,fixed_0_5,0.5,SSH-Bruteforce,0,0,
789,random_forest,phase5_matched,validation,fpr_at_most_0.01,0.18719766951777295,Bot,0,0,
789,random_forest,phase5_matched,validation,fpr_at_most_0.01,0.18719766951777295,Brute Force -Web,48,27,0.5625
789,random_forest,phase5_matched,validation,fpr_at_most_0.01,0.18719766951777295,Brute Force -XSS,11,9,0.8181818181818182
789,random_forest,phase5_matched,validation,fpr_at_most_0.01,0.18719766951777295,DDOS attack-HOIC,0,0,
789,random_forest,phase5_matched,validation,fpr_at_most_0.01,0.18719766951777295,DDOS attack-LOIC-UDP,0,0,
789,random_forest,phase5_matched,validation,fpr_at_most_0.01,0.18719766951777295,DDoS attacks-LOIC-HTTP,0,0,
789,random_forest,phase5_matched,validation,fpr_at_most_0.01,0.18719766951777295,DoS attacks-GoldenEye,0,0,
789,random_forest,phase5_matched,validation,fpr_at_most_0.01,0.18719766951777295,DoS attacks-Hulk,0,0,
789,random_forest,phase5_matched,validation,fpr_at_most_0.01,0.18719766951777295,DoS attacks-SlowHTTPTest,0,0,
789,random_forest,phase5_matched,validation,fpr_at_most_0.01,0.18719766951777295,DoS attacks-Slowloris,0,0,
789,random_forest,phase5_matched,validation,fpr_at_most_0.01,0.18719766951777295,FTP-BruteForce,0,0,
789,random_forest,phase5_matched,validation,fpr_at_most_0.01,0.18719766951777295,Infilteration,8551,160,0.018711261840720382
789,random_forest,phase5_matched,validation,fpr_at_most_0.01,0.18719766951777295,SQL Injection,4,3,0.75
789,random_forest,phase5_matched,validation,fpr_at_most_0.01,0.18719766951777295,SSH-Bruteforce,0,0,
789,random_forest,phase5_matched,test,fixed_0_5,0.5,Bot,35326,0,0.0
789,random_forest,phase5_matched,test,fixed_0_5,0.5,Brute Force -Web,0,0,
789,random_forest,phase5_matched,test,fixed_0_5,0.5,Brute Force -XSS,0,0,
789,random_forest,phase5_matched,test,fixed_0_5,0.5,DDOS attack-HOIC,0,0,
789,random_forest,phase5_matched,test,fixed_0_5,0.5,DDOS attack-LOIC-UDP,0,0,
789,random_forest,phase5_matched,test,fixed_0_5,0.5,DDoS attacks-LOIC-HTTP,0,0,
789,random_forest,phase5_matched,test,fixed_0_5,0.5,DoS attacks-GoldenEye,0,0,
789,random_forest,phase5_matched,test,fixed_0_5,0.5,DoS attacks-Hulk,0,0,
789,random_forest,phase5_matched,test,fixed_0_5,0.5,DoS attacks-SlowHTTPTest,0,0,
789,random_forest,phase5_matched,test,fixed_0_5,0.5,DoS attacks-Slowloris,0,0,
789,random_forest,phase5_matched,test,fixed_0_5,0.5,FTP-BruteForce,0,0,
789,random_forest,phase5_matched,test,fixed_0_5,0.5,Infilteration,11632,36,0.003094910591471802
789,random_forest,phase5_matched,test,fixed_0_5,0.5,SQL Injection,0,0,
789,random_forest,phase5_matched,test,fixed_0_5,0.5,SSH-Bruteforce,0,0,
789,random_forest,phase5_matched,test,fpr_at_most_0.01,0.18719766951777295,Bot,35326,15271,0.4322878333238974
789,random_forest,phase5_matched,test,fpr_at_most_0.01,0.18719766951777295,Brute Force -Web,0,0,
789,random_forest,phase5_matched,test,fpr_at_most_0.01,0.18719766951777295,Brute Force -XSS,0,0,
789,random_forest,phase5_matched,test,fpr_at_most_0.01,0.18719766951777295,DDOS attack-HOIC,0,0,
789,random_forest,phase5_matched,test,fpr_at_most_0.01,0.18719766951777295,DDOS attack-LOIC-UDP,0,0,
789,random_forest,phase5_matched,test,fpr_at_most_0.01,0.18719766951777295,DDoS attacks-LOIC-HTTP,0,0,
789,random_forest,phase5_matched,test,fpr_at_most_0.01,0.18719766951777295,DoS attacks-GoldenEye,0,0,
789,random_forest,phase5_matched,test,fpr_at_most_0.01,0.18719766951777295,DoS attacks-Hulk,0,0,
789,random_forest,phase5_matched,test,fpr_at_most_0.01,0.18719766951777295,DoS attacks-SlowHTTPTest,0,0,
789,random_forest,phase5_matched,test,fpr_at_most_0.01,0.18719766951777295,DoS attacks-Slowloris,0,0,
789,random_forest,phase5_matched,test,fpr_at_most_0.01,0.18719766951777295,FTP-BruteForce,0,0,
789,random_forest,phase5_matched,test,fpr_at_most_0.01,0.18719766951777295,Infilteration,11632,265,0.02278198074277854
789,random_forest,phase5_matched,test,fpr_at_most_0.01,0.18719766951777295,SQL Injection,0,0,
789,random_forest,phase5_matched,test,fpr_at_most_0.01,0.18719766951777295,SSH-Bruteforce,0,0,
789,xgboost,phase5_matched,validation,fixed_0_5,0.5,Bot,0,0,
789,xgboost,phase5_matched,validation,fixed_0_5,0.5,Brute Force -Web,48,11,0.22916666666666666
789,xgboost,phase5_matched,validation,fixed_0_5,0.5,Brute Force -XSS,11,7,0.6363636363636364
789,xgboost,phase5_matched,validation,fixed_0_5,0.5,DDOS attack-HOIC,0,0,
789,xgboost,phase5_matched,validation,fixed_0_5,0.5,DDOS attack-LOIC-UDP,0,0,
789,xgboost,phase5_matched,validation,fixed_0_5,0.5,DDoS attacks-LOIC-HTTP,0,0,
789,xgboost,phase5_matched,validation,fixed_0_5,0.5,DoS attacks-GoldenEye,0,0,
789,xgboost,phase5_matched,validation,fixed_0_5,0.5,DoS attacks-Hulk,0,0,
789,xgboost,phase5_matched,validation,fixed_0_5,0.5,DoS attacks-SlowHTTPTest,0,0,
789,xgboost,phase5_matched,validation,fixed_0_5,0.5,DoS attacks-Slowloris,0,0,
789,xgboost,phase5_matched,validation,fixed_0_5,0.5,FTP-BruteForce,0,0,
789,xgboost,phase5_matched,validation,fixed_0_5,0.5,Infilteration,8551,92,0.01075897555841422
789,xgboost,phase5_matched,validation,fixed_0_5,0.5,SQL Injection,4,0,0.0
789,xgboost,phase5_matched,validation,fixed_0_5,0.5,SSH-Bruteforce,0,0,
789,xgboost,phase5_matched,validation,fpr_at_most_0.01,0.10734809935092926,Bot,0,0,
789,xgboost,phase5_matched,validation,fpr_at_most_0.01,0.10734809935092926,Brute Force -Web,48,21,0.4375
789,xgboost,phase5_matched,validation,fpr_at_most_0.01,0.10734809935092926,Brute Force -XSS,11,8,0.7272727272727273
789,xgboost,phase5_matched,validation,fpr_at_most_0.01,0.10734809935092926,DDOS attack-HOIC,0,0,
789,xgboost,phase5_matched,validation,fpr_at_most_0.01,0.10734809935092926,DDOS attack-LOIC-UDP,0,0,
789,xgboost,phase5_matched,validation,fpr_at_most_0.01,0.10734809935092926,DDoS attacks-LOIC-HTTP,0,0,
789,xgboost,phase5_matched,validation,fpr_at_most_0.01,0.10734809935092926,DoS attacks-GoldenEye,0,0,
789,xgboost,phase5_matched,validation,fpr_at_most_0.01,0.10734809935092926,DoS attacks-Hulk,0,0,
789,xgboost,phase5_matched,validation,fpr_at_most_0.01,0.10734809935092926,DoS attacks-SlowHTTPTest,0,0,
789,xgboost,phase5_matched,validation,fpr_at_most_0.01,0.10734809935092926,DoS attacks-Slowloris,0,0,
789,xgboost,phase5_matched,validation,fpr_at_most_0.01,0.10734809935092926,FTP-BruteForce,0,0,
789,xgboost,phase5_matched,validation,fpr_at_most_0.01,0.10734809935092926,Infilteration,8551,112,0.013097883288504268
789,xgboost,phase5_matched,validation,fpr_at_most_0.01,0.10734809935092926,SQL Injection,4,1,0.25
789,xgboost,phase5_matched,validation,fpr_at_most_0.01,0.10734809935092926,SSH-Bruteforce,0,0,
789,xgboost,phase5_matched,test,fixed_0_5,0.5,Bot,35326,0,0.0
789,xgboost,phase5_matched,test,fixed_0_5,0.5,Brute Force -Web,0,0,
789,xgboost,phase5_matched,test,fixed_0_5,0.5,Brute Force -XSS,0,0,
789,xgboost,phase5_matched,test,fixed_0_5,0.5,DDOS attack-HOIC,0,0,
789,xgboost,phase5_matched,test,fixed_0_5,0.5,DDOS attack-LOIC-UDP,0,0,
789,xgboost,phase5_matched,test,fixed_0_5,0.5,DDoS attacks-LOIC-HTTP,0,0,
789,xgboost,phase5_matched,test,fixed_0_5,0.5,DoS attacks-GoldenEye,0,0,
789,xgboost,phase5_matched,test,fixed_0_5,0.5,DoS attacks-Hulk,0,0,
789,xgboost,phase5_matched,test,fixed_0_5,0.5,DoS attacks-SlowHTTPTest,0,0,
789,xgboost,phase5_matched,test,fixed_0_5,0.5,DoS attacks-Slowloris,0,0,
789,xgboost,phase5_matched,test,fixed_0_5,0.5,FTP-BruteForce,0,0,
789,xgboost,phase5_matched,test,fixed_0_5,0.5,Infilteration,11632,160,0.013755158184319119
789,xgboost,phase5_matched,test,fixed_0_5,0.5,SQL Injection,0,0,
789,xgboost,phase5_matched,test,fixed_0_5,0.5,SSH-Bruteforce,0,0,
789,xgboost,phase5_matched,test,fpr_at_most_0.01,0.10734809935092926,Bot,35326,0,0.0
789,xgboost,phase5_matched,test,fpr_at_most_0.01,0.10734809935092926,Brute Force -Web,0,0,
789,xgboost,phase5_matched,test,fpr_at_most_0.01,0.10734809935092926,Brute Force -XSS,0,0,
789,xgboost,phase5_matched,test,fpr_at_most_0.01,0.10734809935092926,DDOS attack-HOIC,0,0,
789,xgboost,phase5_matched,test,fpr_at_most_0.01,0.10734809935092926,DDOS attack-LOIC-UDP,0,0,
789,xgboost,phase5_matched,test,fpr_at_most_0.01,0.10734809935092926,DDoS attacks-LOIC-HTTP,0,0,
789,xgboost,phase5_matched,test,fpr_at_most_0.01,0.10734809935092926,DoS attacks-GoldenEye,0,0,
789,xgboost,phase5_matched,test,fpr_at_most_0.01,0.10734809935092926,DoS attacks-Hulk,0,0,
789,xgboost,phase5_matched,test,fpr_at_most_0.01,0.10734809935092926,DoS attacks-SlowHTTPTest,0,0,
789,xgboost,phase5_matched,test,fpr_at_most_0.01,0.10734809935092926,DoS attacks-Slowloris,0,0,
789,xgboost,phase5_matched,test,fpr_at_most_0.01,0.10734809935092926,FTP-BruteForce,0,0,
789,xgboost,phase5_matched,test,fpr_at_most_0.01,0.10734809935092926,Infilteration,11632,274,0.023555708390646492
789,xgboost,phase5_matched,test,fpr_at_most_0.01,0.10734809935092926,SQL Injection,0,0,
789,xgboost,phase5_matched,test,fpr_at_most_0.01,0.10734809935092926,SSH-Bruteforce,0,0,
789,mlp,phase5_matched,validation,fixed_0_5,0.5,Bot,0,0,
789,mlp,phase5_matched,validation,fixed_0_5,0.5,Brute Force -Web,48,11,0.22916666666666666
789,mlp,phase5_matched,validation,fixed_0_5,0.5,Brute Force -XSS,11,7,0.6363636363636364
789,mlp,phase5_matched,validation,fixed_0_5,0.5,DDOS attack-HOIC,0,0,
789,mlp,phase5_matched,validation,fixed_0_5,0.5,DDOS attack-LOIC-UDP,0,0,
789,mlp,phase5_matched,validation,fixed_0_5,0.5,DDoS attacks-LOIC-HTTP,0,0,
789,mlp,phase5_matched,validation,fixed_0_5,0.5,DoS attacks-GoldenEye,0,0,
789,mlp,phase5_matched,validation,fixed_0_5,0.5,DoS attacks-Hulk,0,0,
789,mlp,phase5_matched,validation,fixed_0_5,0.5,DoS attacks-SlowHTTPTest,0,0,
789,mlp,phase5_matched,validation,fixed_0_5,0.5,DoS attacks-Slowloris,0,0,
789,mlp,phase5_matched,validation,fixed_0_5,0.5,FTP-BruteForce,0,0,
789,mlp,phase5_matched,validation,fixed_0_5,0.5,Infilteration,8551,23,0.002689743889603555
789,mlp,phase5_matched,validation,fixed_0_5,0.5,SQL Injection,4,0,0.0
789,mlp,phase5_matched,validation,fixed_0_5,0.5,SSH-Bruteforce,0,0,
789,mlp,phase5_matched,validation,fpr_at_most_0.01,0.05121999606490135,Bot,0,0,
789,mlp,phase5_matched,validation,fpr_at_most_0.01,0.05121999606490135,Brute Force -Web,48,24,0.5
789,mlp,phase5_matched,validation,fpr_at_most_0.01,0.05121999606490135,Brute Force -XSS,11,9,0.8181818181818182
789,mlp,phase5_matched,validation,fpr_at_most_0.01,0.05121999606490135,DDOS attack-HOIC,0,0,
789,mlp,phase5_matched,validation,fpr_at_most_0.01,0.05121999606490135,DDOS attack-LOIC-UDP,0,0,
789,mlp,phase5_matched,validation,fpr_at_most_0.01,0.05121999606490135,DDoS attacks-LOIC-HTTP,0,0,
789,mlp,phase5_matched,validation,fpr_at_most_0.01,0.05121999606490135,DoS attacks-GoldenEye,0,0,
789,mlp,phase5_matched,validation,fpr_at_most_0.01,0.05121999606490135,DoS attacks-Hulk,0,0,
789,mlp,phase5_matched,validation,fpr_at_most_0.01,0.05121999606490135,DoS attacks-SlowHTTPTest,0,0,
789,mlp,phase5_matched,validation,fpr_at_most_0.01,0.05121999606490135,DoS attacks-Slowloris,0,0,
789,mlp,phase5_matched,validation,fpr_at_most_0.01,0.05121999606490135,FTP-BruteForce,0,0,
789,mlp,phase5_matched,validation,fpr_at_most_0.01,0.05121999606490135,Infilteration,8551,121,0.01415039176704479
789,mlp,phase5_matched,validation,fpr_at_most_0.01,0.05121999606490135,SQL Injection,4,2,0.5
789,mlp,phase5_matched,validation,fpr_at_most_0.01,0.05121999606490135,SSH-Bruteforce,0,0,
789,mlp,phase5_matched,test,fixed_0_5,0.5,Bot,35326,0,0.0
789,mlp,phase5_matched,test,fixed_0_5,0.5,Brute Force -Web,0,0,
789,mlp,phase5_matched,test,fixed_0_5,0.5,Brute Force -XSS,0,0,
789,mlp,phase5_matched,test,fixed_0_5,0.5,DDOS attack-HOIC,0,0,
789,mlp,phase5_matched,test,fixed_0_5,0.5,DDOS attack-LOIC-UDP,0,0,
789,mlp,phase5_matched,test,fixed_0_5,0.5,DDoS attacks-LOIC-HTTP,0,0,
789,mlp,phase5_matched,test,fixed_0_5,0.5,DoS attacks-GoldenEye,0,0,
789,mlp,phase5_matched,test,fixed_0_5,0.5,DoS attacks-Hulk,0,0,
789,mlp,phase5_matched,test,fixed_0_5,0.5,DoS attacks-SlowHTTPTest,0,0,
789,mlp,phase5_matched,test,fixed_0_5,0.5,DoS attacks-Slowloris,0,0,
789,mlp,phase5_matched,test,fixed_0_5,0.5,FTP-BruteForce,0,0,
789,mlp,phase5_matched,test,fixed_0_5,0.5,Infilteration,11632,76,0.006533700137551582
789,mlp,phase5_matched,test,fixed_0_5,0.5,SQL Injection,0,0,
789,mlp,phase5_matched,test,fixed_0_5,0.5,SSH-Bruteforce,0,0,
789,mlp,phase5_matched,test,fpr_at_most_0.01,0.05121999606490135,Bot,35326,0,0.0
789,mlp,phase5_matched,test,fpr_at_most_0.01,0.05121999606490135,Brute Force -Web,0,0,
789,mlp,phase5_matched,test,fpr_at_most_0.01,0.05121999606490135,Brute Force -XSS,0,0,
789,mlp,phase5_matched,test,fpr_at_most_0.01,0.05121999606490135,DDOS attack-HOIC,0,0,
789,mlp,phase5_matched,test,fpr_at_most_0.01,0.05121999606490135,DDOS attack-LOIC-UDP,0,0,
789,mlp,phase5_matched,test,fpr_at_most_0.01,0.05121999606490135,DDoS attacks-LOIC-HTTP,0,0,
789,mlp,phase5_matched,test,fpr_at_most_0.01,0.05121999606490135,DoS attacks-GoldenEye,0,0,
789,mlp,phase5_matched,test,fpr_at_most_0.01,0.05121999606490135,DoS attacks-Hulk,0,0,
789,mlp,phase5_matched,test,fpr_at_most_0.01,0.05121999606490135,DoS attacks-SlowHTTPTest,0,0,
789,mlp,phase5_matched,test,fpr_at_most_0.01,0.05121999606490135,DoS attacks-Slowloris,0,0,
789,mlp,phase5_matched,test,fpr_at_most_0.01,0.05121999606490135,FTP-BruteForce,0,0,
789,mlp,phase5_matched,test,fpr_at_most_0.01,0.05121999606490135,Infilteration,11632,164,0.014099037138927097
789,mlp,phase5_matched,test,fpr_at_most_0.01,0.05121999606490135,SQL Injection,0,0,
789,mlp,phase5_matched,test,fpr_at_most_0.01,0.05121999606490135,SSH-Bruteforce,0,0,
789,rf_or_ae,full_dataset,validation,component_1_percent,0.5,Benign,1583520,29342,0.01852960493078711
789,rf_or_ae,full_dataset,validation,component_1_percent,0.5,Bot,0,0,
789,rf_or_ae,full_dataset,validation,component_1_percent,0.5,Brute Force -Web,362,285,0.787292817679558
789,rf_or_ae,full_dataset,validation,component_1_percent,0.5,Brute Force -XSS,151,119,0.7880794701986755
789,rf_or_ae,full_dataset,validation,component_1_percent,0.5,DDOS attack-HOIC,0,0,
789,rf_or_ae,full_dataset,validation,component_1_percent,0.5,DDOS attack-LOIC-UDP,0,0,
789,rf_or_ae,full_dataset,validation,component_1_percent,0.5,DDoS attacks-LOIC-HTTP,0,0,
789,rf_or_ae,full_dataset,validation,component_1_percent,0.5,DoS attacks-GoldenEye,0,0,
789,rf_or_ae,full_dataset,validation,component_1_percent,0.5,DoS attacks-Hulk,0,0,
789,rf_or_ae,full_dataset,validation,component_1_percent,0.5,DoS attacks-SlowHTTPTest,0,0,
789,rf_or_ae,full_dataset,validation,component_1_percent,0.5,DoS attacks-Slowloris,0,0,
789,rf_or_ae,full_dataset,validation,component_1_percent,0.5,FTP-BruteForce,0,0,
789,rf_or_ae,full_dataset,validation,component_1_percent,0.5,Infilteration,68857,2706,0.039298836719578255
789,rf_or_ae,full_dataset,validation,component_1_percent,0.5,SQL Injection,53,25,0.4716981132075472
789,rf_or_ae,full_dataset,validation,component_1_percent,0.5,SSH-Bruteforce,0,0,
789,rf_or_ae,full_dataset,test,component_1_percent,0.5,Benign,998793,16133,0.016152496062747736
789,rf_or_ae,full_dataset,test,component_1_percent,0.5,Bot,282310,121991,0.4321171761538734
789,rf_or_ae,full_dataset,test,component_1_percent,0.5,Brute Force -Web,0,0,
789,rf_or_ae,full_dataset,test,component_1_percent,0.5,Brute Force -XSS,0,0,
789,rf_or_ae,full_dataset,test,component_1_percent,0.5,DDOS attack-HOIC,0,0,
789,rf_or_ae,full_dataset,test,component_1_percent,0.5,DDOS attack-LOIC-UDP,0,0,
789,rf_or_ae,full_dataset,test,component_1_percent,0.5,DDoS attacks-LOIC-HTTP,0,0,
789,rf_or_ae,full_dataset,test,component_1_percent,0.5,DoS attacks-GoldenEye,0,0,
789,rf_or_ae,full_dataset,test,component_1_percent,0.5,DoS attacks-Hulk,0,0,
789,rf_or_ae,full_dataset,test,component_1_percent,0.5,DoS attacks-SlowHTTPTest,0,0,
789,rf_or_ae,full_dataset,test,component_1_percent,0.5,DoS attacks-Slowloris,0,0,
789,rf_or_ae,full_dataset,test,component_1_percent,0.5,FTP-BruteForce,0,0,
789,rf_or_ae,full_dataset,test,component_1_percent,0.5,Infilteration,93040,4224,0.04539982803095443
789,rf_or_ae,full_dataset,test,component_1_percent,0.5,SQL Injection,0,0,
789,rf_or_ae,full_dataset,test,component_1_percent,0.5,SSH-Bruteforce,0,0,
1024,logistic_regression,full_dataset,validation,fixed_0_5,0.5,Bot,0,0,
1024,logistic_regression,full_dataset,validation,fixed_0_5,0.5,Brute Force -Web,362,62,0.1712707182320442
1024,logistic_regression,full_dataset,validation,fixed_0_5,0.5,Brute Force -XSS,151,66,0.4370860927152318
1024,logistic_regression,full_dataset,validation,fixed_0_5,0.5,DDOS attack-HOIC,0,0,
1024,logistic_regression,full_dataset,validation,fixed_0_5,0.5,DDOS attack-LOIC-UDP,0,0,
1024,logistic_regression,full_dataset,validation,fixed_0_5,0.5,DDoS attacks-LOIC-HTTP,0,0,
1024,logistic_regression,full_dataset,validation,fixed_0_5,0.5,DoS attacks-GoldenEye,0,0,
1024,logistic_regression,full_dataset,validation,fixed_0_5,0.5,DoS attacks-Hulk,0,0,
1024,logistic_regression,full_dataset,validation,fixed_0_5,0.5,DoS attacks-SlowHTTPTest,0,0,
1024,logistic_regression,full_dataset,validation,fixed_0_5,0.5,DoS attacks-Slowloris,0,0,
1024,logistic_regression,full_dataset,validation,fixed_0_5,0.5,FTP-BruteForce,0,0,
1024,logistic_regression,full_dataset,validation,fixed_0_5,0.5,Infilteration,68857,5001,0.07262878138751325
1024,logistic_regression,full_dataset,validation,fixed_0_5,0.5,SQL Injection,53,21,0.39622641509433965
1024,logistic_regression,full_dataset,validation,fixed_0_5,0.5,SSH-Bruteforce,0,0,
1024,logistic_regression,full_dataset,validation,fpr_at_most_0.01,0.983165979385376,Bot,0,0,
1024,logistic_regression,full_dataset,validation,fpr_at_most_0.01,0.983165979385376,Brute Force -Web,362,0,0.0
1024,logistic_regression,full_dataset,validation,fpr_at_most_0.01,0.983165979385376,Brute Force -XSS,151,0,0.0
1024,logistic_regression,full_dataset,validation,fpr_at_most_0.01,0.983165979385376,DDOS attack-HOIC,0,0,
1024,logistic_regression,full_dataset,validation,fpr_at_most_0.01,0.983165979385376,DDOS attack-LOIC-UDP,0,0,
1024,logistic_regression,full_dataset,validation,fpr_at_most_0.01,0.983165979385376,DDoS attacks-LOIC-HTTP,0,0,
1024,logistic_regression,full_dataset,validation,fpr_at_most_0.01,0.983165979385376,DoS attacks-GoldenEye,0,0,
1024,logistic_regression,full_dataset,validation,fpr_at_most_0.01,0.983165979385376,DoS attacks-Hulk,0,0,
1024,logistic_regression,full_dataset,validation,fpr_at_most_0.01,0.983165979385376,DoS attacks-SlowHTTPTest,0,0,
1024,logistic_regression,full_dataset,validation,fpr_at_most_0.01,0.983165979385376,DoS attacks-Slowloris,0,0,
1024,logistic_regression,full_dataset,validation,fpr_at_most_0.01,0.983165979385376,FTP-BruteForce,0,0,
1024,logistic_regression,full_dataset,validation,fpr_at_most_0.01,0.983165979385376,Infilteration,68857,311,0.004516606880927139
1024,logistic_regression,full_dataset,validation,fpr_at_most_0.01,0.983165979385376,SQL Injection,53,10,0.18867924528301888
1024,logistic_regression,full_dataset,validation,fpr_at_most_0.01,0.983165979385376,SSH-Bruteforce,0,0,
1024,logistic_regression,full_dataset,test,fixed_0_5,0.5,Bot,282310,0,0.0
1024,logistic_regression,full_dataset,test,fixed_0_5,0.5,Brute Force -Web,0,0,
1024,logistic_regression,full_dataset,test,fixed_0_5,0.5,Brute Force -XSS,0,0,
1024,logistic_regression,full_dataset,test,fixed_0_5,0.5,DDOS attack-HOIC,0,0,
1024,logistic_regression,full_dataset,test,fixed_0_5,0.5,DDOS attack-LOIC-UDP,0,0,
1024,logistic_regression,full_dataset,test,fixed_0_5,0.5,DDoS attacks-LOIC-HTTP,0,0,
1024,logistic_regression,full_dataset,test,fixed_0_5,0.5,DoS attacks-GoldenEye,0,0,
1024,logistic_regression,full_dataset,test,fixed_0_5,0.5,DoS attacks-Hulk,0,0,
1024,logistic_regression,full_dataset,test,fixed_0_5,0.5,DoS attacks-SlowHTTPTest,0,0,
1024,logistic_regression,full_dataset,test,fixed_0_5,0.5,DoS attacks-Slowloris,0,0,
1024,logistic_regression,full_dataset,test,fixed_0_5,0.5,FTP-BruteForce,0,0,
1024,logistic_regression,full_dataset,test,fixed_0_5,0.5,Infilteration,93040,3044,0.032717110920034397
1024,logistic_regression,full_dataset,test,fixed_0_5,0.5,SQL Injection,0,0,
1024,logistic_regression,full_dataset,test,fixed_0_5,0.5,SSH-Bruteforce,0,0,
1024,logistic_regression,full_dataset,test,fpr_at_most_0.01,0.983165979385376,Bot,282310,0,0.0
1024,logistic_regression,full_dataset,test,fpr_at_most_0.01,0.983165979385376,Brute Force -Web,0,0,
1024,logistic_regression,full_dataset,test,fpr_at_most_0.01,0.983165979385376,Brute Force -XSS,0,0,
1024,logistic_regression,full_dataset,test,fpr_at_most_0.01,0.983165979385376,DDOS attack-HOIC,0,0,
1024,logistic_regression,full_dataset,test,fpr_at_most_0.01,0.983165979385376,DDOS attack-LOIC-UDP,0,0,
1024,logistic_regression,full_dataset,test,fpr_at_most_0.01,0.983165979385376,DDoS attacks-LOIC-HTTP,0,0,
1024,logistic_regression,full_dataset,test,fpr_at_most_0.01,0.983165979385376,DoS attacks-GoldenEye,0,0,
1024,logistic_regression,full_dataset,test,fpr_at_most_0.01,0.983165979385376,DoS attacks-Hulk,0,0,
1024,logistic_regression,full_dataset,test,fpr_at_most_0.01,0.983165979385376,DoS attacks-SlowHTTPTest,0,0,
1024,logistic_regression,full_dataset,test,fpr_at_most_0.01,0.983165979385376,DoS attacks-Slowloris,0,0,
1024,logistic_regression,full_dataset,test,fpr_at_most_0.01,0.983165979385376,FTP-BruteForce,0,0,
1024,logistic_regression,full_dataset,test,fpr_at_most_0.01,0.983165979385376,Infilteration,93040,433,0.0046539122957867584
1024,logistic_regression,full_dataset,test,fpr_at_most_0.01,0.983165979385376,SQL Injection,0,0,
1024,logistic_regression,full_dataset,test,fpr_at_most_0.01,0.983165979385376,SSH-Bruteforce,0,0,
1024,random_forest,full_dataset,validation,fixed_0_5,0.5,Bot,0,0,
1024,random_forest,full_dataset,validation,fixed_0_5,0.5,Brute Force -Web,362,70,0.19337016574585636
1024,random_forest,full_dataset,validation,fixed_0_5,0.5,Brute Force -XSS,151,22,0.1456953642384106
1024,random_forest,full_dataset,validation,fixed_0_5,0.5,DDOS attack-HOIC,0,0,
1024,random_forest,full_dataset,validation,fixed_0_5,0.5,DDOS attack-LOIC-UDP,0,0,
1024,random_forest,full_dataset,validation,fixed_0_5,0.5,DDoS attacks-LOIC-HTTP,0,0,
1024,random_forest,full_dataset,validation,fixed_0_5,0.5,DoS attacks-GoldenEye,0,0,
1024,random_forest,full_dataset,validation,fixed_0_5,0.5,DoS attacks-Hulk,0,0,
1024,random_forest,full_dataset,validation,fixed_0_5,0.5,DoS attacks-SlowHTTPTest,0,0,
1024,random_forest,full_dataset,validation,fixed_0_5,0.5,DoS attacks-Slowloris,0,0,
1024,random_forest,full_dataset,validation,fixed_0_5,0.5,FTP-BruteForce,0,0,
1024,random_forest,full_dataset,validation,fixed_0_5,0.5,Infilteration,68857,147,0.002134859200952699
1024,random_forest,full_dataset,validation,fixed_0_5,0.5,SQL Injection,53,3,0.05660377358490566
1024,random_forest,full_dataset,validation,fixed_0_5,0.5,SSH-Bruteforce,0,0,
1024,random_forest,full_dataset,validation,fpr_at_most_0.01,0.1748055922870122,Bot,0,0,
1024,random_forest,full_dataset,validation,fpr_at_most_0.01,0.1748055922870122,Brute Force -Web,362,156,0.430939226519337
1024,random_forest,full_dataset,validation,fpr_at_most_0.01,0.1748055922870122,Brute Force -XSS,151,115,0.7615894039735099
1024,random_forest,full_dataset,validation,fpr_at_most_0.01,0.1748055922870122,DDOS attack-HOIC,0,0,
1024,random_forest,full_dataset,validation,fpr_at_most_0.01,0.1748055922870122,DDOS attack-LOIC-UDP,0,0,
1024,random_forest,full_dataset,validation,fpr_at_most_0.01,0.1748055922870122,DDoS attacks-LOIC-HTTP,0,0,
1024,random_forest,full_dataset,validation,fpr_at_most_0.01,0.1748055922870122,DoS attacks-GoldenEye,0,0,
1024,random_forest,full_dataset,validation,fpr_at_most_0.01,0.1748055922870122,DoS attacks-Hulk,0,0,
1024,random_forest,full_dataset,validation,fpr_at_most_0.01,0.1748055922870122,DoS attacks-SlowHTTPTest,0,0,
1024,random_forest,full_dataset,validation,fpr_at_most_0.01,0.1748055922870122,DoS attacks-Slowloris,0,0,
1024,random_forest,full_dataset,validation,fpr_at_most_0.01,0.1748055922870122,FTP-BruteForce,0,0,
1024,random_forest,full_dataset,validation,fpr_at_most_0.01,0.1748055922870122,Infilteration,68857,831,0.012068489768650973
1024,random_forest,full_dataset,validation,fpr_at_most_0.01,0.1748055922870122,SQL Injection,53,27,0.5094339622641509
1024,random_forest,full_dataset,validation,fpr_at_most_0.01,0.1748055922870122,SSH-Bruteforce,0,0,
1024,random_forest,full_dataset,test,fixed_0_5,0.5,Bot,282310,0,0.0
1024,random_forest,full_dataset,test,fixed_0_5,0.5,Brute Force -Web,0,0,
1024,random_forest,full_dataset,test,fixed_0_5,0.5,Brute Force -XSS,0,0,
1024,random_forest,full_dataset,test,fixed_0_5,0.5,DDOS attack-HOIC,0,0,
1024,random_forest,full_dataset,test,fixed_0_5,0.5,DDOS attack-LOIC-UDP,0,0,
1024,random_forest,full_dataset,test,fixed_0_5,0.5,DDoS attacks-LOIC-HTTP,0,0,
1024,random_forest,full_dataset,test,fixed_0_5,0.5,DoS attacks-GoldenEye,0,0,
1024,random_forest,full_dataset,test,fixed_0_5,0.5,DoS attacks-Hulk,0,0,
1024,random_forest,full_dataset,test,fixed_0_5,0.5,DoS attacks-SlowHTTPTest,0,0,
1024,random_forest,full_dataset,test,fixed_0_5,0.5,DoS attacks-Slowloris,0,0,
1024,random_forest,full_dataset,test,fixed_0_5,0.5,FTP-BruteForce,0,0,
1024,random_forest,full_dataset,test,fixed_0_5,0.5,Infilteration,93040,227,0.002439810834049871
1024,random_forest,full_dataset,test,fixed_0_5,0.5,SQL Injection,0,0,
1024,random_forest,full_dataset,test,fixed_0_5,0.5,SSH-Bruteforce,0,0,
1024,random_forest,full_dataset,test,fpr_at_most_0.01,0.1748055922870122,Bot,282310,116054,0.4110871028302221
1024,random_forest,full_dataset,test,fpr_at_most_0.01,0.1748055922870122,Brute Force -Web,0,0,
1024,random_forest,full_dataset,test,fpr_at_most_0.01,0.1748055922870122,Brute Force -XSS,0,0,
1024,random_forest,full_dataset,test,fpr_at_most_0.01,0.1748055922870122,DDOS attack-HOIC,0,0,
1024,random_forest,full_dataset,test,fpr_at_most_0.01,0.1748055922870122,DDOS attack-LOIC-UDP,0,0,
1024,random_forest,full_dataset,test,fpr_at_most_0.01,0.1748055922870122,DDoS attacks-LOIC-HTTP,0,0,
1024,random_forest,full_dataset,test,fpr_at_most_0.01,0.1748055922870122,DoS attacks-GoldenEye,0,0,
1024,random_forest,full_dataset,test,fpr_at_most_0.01,0.1748055922870122,DoS attacks-Hulk,0,0,
1024,random_forest,full_dataset,test,fpr_at_most_0.01,0.1748055922870122,DoS attacks-SlowHTTPTest,0,0,
1024,random_forest,full_dataset,test,fpr_at_most_0.01,0.1748055922870122,DoS attacks-Slowloris,0,0,
1024,random_forest,full_dataset,test,fpr_at_most_0.01,0.1748055922870122,FTP-BruteForce,0,0,
1024,random_forest,full_dataset,test,fpr_at_most_0.01,0.1748055922870122,Infilteration,93040,1549,0.016648753224419603
1024,random_forest,full_dataset,test,fpr_at_most_0.01,0.1748055922870122,SQL Injection,0,0,
1024,random_forest,full_dataset,test,fpr_at_most_0.01,0.1748055922870122,SSH-Bruteforce,0,0,
1024,xgboost,full_dataset,validation,fixed_0_5,0.5,Bot,0,0,
1024,xgboost,full_dataset,validation,fixed_0_5,0.5,Brute Force -Web,362,70,0.19337016574585636
1024,xgboost,full_dataset,validation,fixed_0_5,0.5,Brute Force -XSS,151,99,0.6556291390728477
1024,xgboost,full_dataset,validation,fixed_0_5,0.5,DDOS attack-HOIC,0,0,
1024,xgboost,full_dataset,validation,fixed_0_5,0.5,DDOS attack-LOIC-UDP,0,0,
1024,xgboost,full_dataset,validation,fixed_0_5,0.5,DDoS attacks-LOIC-HTTP,0,0,
1024,xgboost,full_dataset,validation,fixed_0_5,0.5,DoS attacks-GoldenEye,0,0,
1024,xgboost,full_dataset,validation,fixed_0_5,0.5,DoS attacks-Hulk,0,0,
1024,xgboost,full_dataset,validation,fixed_0_5,0.5,DoS attacks-SlowHTTPTest,0,0,
1024,xgboost,full_dataset,validation,fixed_0_5,0.5,DoS attacks-Slowloris,0,0,
1024,xgboost,full_dataset,validation,fixed_0_5,0.5,FTP-BruteForce,0,0,
1024,xgboost,full_dataset,validation,fixed_0_5,0.5,Infilteration,68857,784,0.011385915738414396
1024,xgboost,full_dataset,validation,fixed_0_5,0.5,SQL Injection,53,2,0.03773584905660377
1024,xgboost,full_dataset,validation,fixed_0_5,0.5,SSH-Bruteforce,0,0,
1024,xgboost,full_dataset,validation,fpr_at_most_0.01,0.11304504424333572,Bot,0,0,
1024,xgboost,full_dataset,validation,fpr_at_most_0.01,0.11304504424333572,Brute Force -Web,362,106,0.292817679558011
1024,xgboost,full_dataset,validation,fpr_at_most_0.01,0.11304504424333572,Brute Force -XSS,151,106,0.7019867549668874
1024,xgboost,full_dataset,validation,fpr_at_most_0.01,0.11304504424333572,DDOS attack-HOIC,0,0,
1024,xgboost,full_dataset,validation,fpr_at_most_0.01,0.11304504424333572,DDOS attack-LOIC-UDP,0,0,
1024,xgboost,full_dataset,validation,fpr_at_most_0.01,0.11304504424333572,DDoS attacks-LOIC-HTTP,0,0,
1024,xgboost,full_dataset,validation,fpr_at_most_0.01,0.11304504424333572,DoS attacks-GoldenEye,0,0,
1024,xgboost,full_dataset,validation,fpr_at_most_0.01,0.11304504424333572,DoS attacks-Hulk,0,0,
1024,xgboost,full_dataset,validation,fpr_at_most_0.01,0.11304504424333572,DoS attacks-SlowHTTPTest,0,0,
1024,xgboost,full_dataset,validation,fpr_at_most_0.01,0.11304504424333572,DoS attacks-Slowloris,0,0,
1024,xgboost,full_dataset,validation,fpr_at_most_0.01,0.11304504424333572,FTP-BruteForce,0,0,
1024,xgboost,full_dataset,validation,fpr_at_most_0.01,0.11304504424333572,Infilteration,68857,964,0.014000029045703414
1024,xgboost,full_dataset,validation,fpr_at_most_0.01,0.11304504424333572,SQL Injection,53,10,0.18867924528301888
1024,xgboost,full_dataset,validation,fpr_at_most_0.01,0.11304504424333572,SSH-Bruteforce,0,0,
1024,xgboost,full_dataset,test,fixed_0_5,0.5,Bot,282310,0,0.0
1024,xgboost,full_dataset,test,fixed_0_5,0.5,Brute Force -Web,0,0,
1024,xgboost,full_dataset,test,fixed_0_5,0.5,Brute Force -XSS,0,0,
1024,xgboost,full_dataset,test,fixed_0_5,0.5,DDOS attack-HOIC,0,0,
1024,xgboost,full_dataset,test,fixed_0_5,0.5,DDOS attack-LOIC-UDP,0,0,
1024,xgboost,full_dataset,test,fixed_0_5,0.5,DDoS attacks-LOIC-HTTP,0,0,
1024,xgboost,full_dataset,test,fixed_0_5,0.5,DoS attacks-GoldenEye,0,0,
1024,xgboost,full_dataset,test,fixed_0_5,0.5,DoS attacks-Hulk,0,0,
1024,xgboost,full_dataset,test,fixed_0_5,0.5,DoS attacks-SlowHTTPTest,0,0,
1024,xgboost,full_dataset,test,fixed_0_5,0.5,DoS attacks-Slowloris,0,0,
1024,xgboost,full_dataset,test,fixed_0_5,0.5,FTP-BruteForce,0,0,
1024,xgboost,full_dataset,test,fixed_0_5,0.5,Infilteration,93040,1617,0.017379621668099744
1024,xgboost,full_dataset,test,fixed_0_5,0.5,SQL Injection,0,0,
1024,xgboost,full_dataset,test,fixed_0_5,0.5,SSH-Bruteforce,0,0,
1024,xgboost,full_dataset,test,fpr_at_most_0.01,0.11304504424333572,Bot,282310,0,0.0
1024,xgboost,full_dataset,test,fpr_at_most_0.01,0.11304504424333572,Brute Force -Web,0,0,
1024,xgboost,full_dataset,test,fpr_at_most_0.01,0.11304504424333572,Brute Force -XSS,0,0,
1024,xgboost,full_dataset,test,fpr_at_most_0.01,0.11304504424333572,DDOS attack-HOIC,0,0,
1024,xgboost,full_dataset,test,fpr_at_most_0.01,0.11304504424333572,DDOS attack-LOIC-UDP,0,0,
1024,xgboost,full_dataset,test,fpr_at_most_0.01,0.11304504424333572,DDoS attacks-LOIC-HTTP,0,0,
1024,xgboost,full_dataset,test,fpr_at_most_0.01,0.11304504424333572,DoS attacks-GoldenEye,0,0,
1024,xgboost,full_dataset,test,fpr_at_most_0.01,0.11304504424333572,DoS attacks-Hulk,0,0,
1024,xgboost,full_dataset,test,fpr_at_most_0.01,0.11304504424333572,DoS attacks-SlowHTTPTest,0,0,
1024,xgboost,full_dataset,test,fpr_at_most_0.01,0.11304504424333572,DoS attacks-Slowloris,0,0,
1024,xgboost,full_dataset,test,fpr_at_most_0.01,0.11304504424333572,FTP-BruteForce,0,0,
1024,xgboost,full_dataset,test,fpr_at_most_0.01,0.11304504424333572,Infilteration,93040,2111,0.022689165950128976
1024,xgboost,full_dataset,test,fpr_at_most_0.01,0.11304504424333572,SQL Injection,0,0,
1024,xgboost,full_dataset,test,fpr_at_most_0.01,0.11304504424333572,SSH-Bruteforce,0,0,
1024,mlp,full_dataset,validation,fixed_0_5,0.5,Bot,0,0,
1024,mlp,full_dataset,validation,fixed_0_5,0.5,Brute Force -Web,362,129,0.356353591160221
1024,mlp,full_dataset,validation,fixed_0_5,0.5,Brute Force -XSS,151,79,0.5231788079470199
1024,mlp,full_dataset,validation,fixed_0_5,0.5,DDOS attack-HOIC,0,0,
1024,mlp,full_dataset,validation,fixed_0_5,0.5,DDOS attack-LOIC-UDP,0,0,
1024,mlp,full_dataset,validation,fixed_0_5,0.5,DDoS attacks-LOIC-HTTP,0,0,
1024,mlp,full_dataset,validation,fixed_0_5,0.5,DoS attacks-GoldenEye,0,0,
1024,mlp,full_dataset,validation,fixed_0_5,0.5,DoS attacks-Hulk,0,0,
1024,mlp,full_dataset,validation,fixed_0_5,0.5,DoS attacks-SlowHTTPTest,0,0,
1024,mlp,full_dataset,validation,fixed_0_5,0.5,DoS attacks-Slowloris,0,0,
1024,mlp,full_dataset,validation,fixed_0_5,0.5,FTP-BruteForce,0,0,
1024,mlp,full_dataset,validation,fixed_0_5,0.5,Infilteration,68857,279,0.0040518756262979795
1024,mlp,full_dataset,validation,fixed_0_5,0.5,SQL Injection,53,28,0.5283018867924528
1024,mlp,full_dataset,validation,fixed_0_5,0.5,SSH-Bruteforce,0,0,
1024,mlp,full_dataset,validation,fpr_at_most_0.01,0.0076504843309521675,Bot,0,0,
1024,mlp,full_dataset,validation,fpr_at_most_0.01,0.0076504843309521675,Brute Force -Web,362,198,0.5469613259668509
1024,mlp,full_dataset,validation,fpr_at_most_0.01,0.0076504843309521675,Brute Force -XSS,151,130,0.8609271523178808
1024,mlp,full_dataset,validation,fpr_at_most_0.01,0.0076504843309521675,DDOS attack-HOIC,0,0,
1024,mlp,full_dataset,validation,fpr_at_most_0.01,0.0076504843309521675,DDOS attack-LOIC-UDP,0,0,
1024,mlp,full_dataset,validation,fpr_at_most_0.01,0.0076504843309521675,DDoS attacks-LOIC-HTTP,0,0,
1024,mlp,full_dataset,validation,fpr_at_most_0.01,0.0076504843309521675,DoS attacks-GoldenEye,0,0,
1024,mlp,full_dataset,validation,fpr_at_most_0.01,0.0076504843309521675,DoS attacks-Hulk,0,0,
1024,mlp,full_dataset,validation,fpr_at_most_0.01,0.0076504843309521675,DoS attacks-SlowHTTPTest,0,0,
1024,mlp,full_dataset,validation,fpr_at_most_0.01,0.0076504843309521675,DoS attacks-Slowloris,0,0,
1024,mlp,full_dataset,validation,fpr_at_most_0.01,0.0076504843309521675,FTP-BruteForce,0,0,
1024,mlp,full_dataset,validation,fpr_at_most_0.01,0.0076504843309521675,Infilteration,68857,1091,0.01584443121251289
1024,mlp,full_dataset,validation,fpr_at_most_0.01,0.0076504843309521675,SQL Injection,53,40,0.7547169811320755
1024,mlp,full_dataset,validation,fpr_at_most_0.01,0.0076504843309521675,SSH-Bruteforce,0,0,
1024,mlp,full_dataset,test,fixed_0_5,0.5,Bot,282310,0,0.0
1024,mlp,full_dataset,test,fixed_0_5,0.5,Brute Force -Web,0,0,
1024,mlp,full_dataset,test,fixed_0_5,0.5,Brute Force -XSS,0,0,
1024,mlp,full_dataset,test,fixed_0_5,0.5,DDOS attack-HOIC,0,0,
1024,mlp,full_dataset,test,fixed_0_5,0.5,DDOS attack-LOIC-UDP,0,0,
1024,mlp,full_dataset,test,fixed_0_5,0.5,DDoS attacks-LOIC-HTTP,0,0,
1024,mlp,full_dataset,test,fixed_0_5,0.5,DoS attacks-GoldenEye,0,0,
1024,mlp,full_dataset,test,fixed_0_5,0.5,DoS attacks-Hulk,0,0,
1024,mlp,full_dataset,test,fixed_0_5,0.5,DoS attacks-SlowHTTPTest,0,0,
1024,mlp,full_dataset,test,fixed_0_5,0.5,DoS attacks-Slowloris,0,0,
1024,mlp,full_dataset,test,fixed_0_5,0.5,FTP-BruteForce,0,0,
1024,mlp,full_dataset,test,fixed_0_5,0.5,Infilteration,93040,596,0.0064058469475494415
1024,mlp,full_dataset,test,fixed_0_5,0.5,SQL Injection,0,0,
1024,mlp,full_dataset,test,fixed_0_5,0.5,SSH-Bruteforce,0,0,
1024,mlp,full_dataset,test,fpr_at_most_0.01,0.0076504843309521675,Bot,282310,0,0.0
1024,mlp,full_dataset,test,fpr_at_most_0.01,0.0076504843309521675,Brute Force -Web,0,0,
1024,mlp,full_dataset,test,fpr_at_most_0.01,0.0076504843309521675,Brute Force -XSS,0,0,
1024,mlp,full_dataset,test,fpr_at_most_0.01,0.0076504843309521675,DDOS attack-HOIC,0,0,
1024,mlp,full_dataset,test,fpr_at_most_0.01,0.0076504843309521675,DDOS attack-LOIC-UDP,0,0,
1024,mlp,full_dataset,test,fpr_at_most_0.01,0.0076504843309521675,DDoS attacks-LOIC-HTTP,0,0,
1024,mlp,full_dataset,test,fpr_at_most_0.01,0.0076504843309521675,DoS attacks-GoldenEye,0,0,
1024,mlp,full_dataset,test,fpr_at_most_0.01,0.0076504843309521675,DoS attacks-Hulk,0,0,
1024,mlp,full_dataset,test,fpr_at_most_0.01,0.0076504843309521675,DoS attacks-SlowHTTPTest,0,0,
1024,mlp,full_dataset,test,fpr_at_most_0.01,0.0076504843309521675,DoS attacks-Slowloris,0,0,
1024,mlp,full_dataset,test,fpr_at_most_0.01,0.0076504843309521675,FTP-BruteForce,0,0,
1024,mlp,full_dataset,test,fpr_at_most_0.01,0.0076504843309521675,Infilteration,93040,1420,0.015262252794496991
1024,mlp,full_dataset,test,fpr_at_most_0.01,0.0076504843309521675,SQL Injection,0,0,
1024,mlp,full_dataset,test,fpr_at_most_0.01,0.0076504843309521675,SSH-Bruteforce,0,0,
1024,transformer_L1,phase5_matched,validation,fixed_0_5,0.5,Bot,0,0,
1024,transformer_L1,phase5_matched,validation,fixed_0_5,0.5,Brute Force -Web,48,0,0.0
1024,transformer_L1,phase5_matched,validation,fixed_0_5,0.5,Brute Force -XSS,11,0,0.0
1024,transformer_L1,phase5_matched,validation,fixed_0_5,0.5,DDOS attack-HOIC,0,0,
1024,transformer_L1,phase5_matched,validation,fixed_0_5,0.5,DDOS attack-LOIC-UDP,0,0,
1024,transformer_L1,phase5_matched,validation,fixed_0_5,0.5,DDoS attacks-LOIC-HTTP,0,0,
1024,transformer_L1,phase5_matched,validation,fixed_0_5,0.5,DoS attacks-GoldenEye,0,0,
1024,transformer_L1,phase5_matched,validation,fixed_0_5,0.5,DoS attacks-Hulk,0,0,
1024,transformer_L1,phase5_matched,validation,fixed_0_5,0.5,DoS attacks-SlowHTTPTest,0,0,
1024,transformer_L1,phase5_matched,validation,fixed_0_5,0.5,DoS attacks-Slowloris,0,0,
1024,transformer_L1,phase5_matched,validation,fixed_0_5,0.5,FTP-BruteForce,0,0,
1024,transformer_L1,phase5_matched,validation,fixed_0_5,0.5,Infilteration,8551,635,0.07426032043035902
1024,transformer_L1,phase5_matched,validation,fixed_0_5,0.5,SQL Injection,4,0,0.0
1024,transformer_L1,phase5_matched,validation,fixed_0_5,0.5,SSH-Bruteforce,0,0,
1024,transformer_L1,phase5_matched,validation,maximum_macro_f1,0.47700658440589905,Bot,0,0,
1024,transformer_L1,phase5_matched,validation,maximum_macro_f1,0.47700658440589905,Brute Force -Web,48,0,0.0
1024,transformer_L1,phase5_matched,validation,maximum_macro_f1,0.47700658440589905,Brute Force -XSS,11,0,0.0
1024,transformer_L1,phase5_matched,validation,maximum_macro_f1,0.47700658440589905,DDOS attack-HOIC,0,0,
1024,transformer_L1,phase5_matched,validation,maximum_macro_f1,0.47700658440589905,DDOS attack-LOIC-UDP,0,0,
1024,transformer_L1,phase5_matched,validation,maximum_macro_f1,0.47700658440589905,DDoS attacks-LOIC-HTTP,0,0,
1024,transformer_L1,phase5_matched,validation,maximum_macro_f1,0.47700658440589905,DoS attacks-GoldenEye,0,0,
1024,transformer_L1,phase5_matched,validation,maximum_macro_f1,0.47700658440589905,DoS attacks-Hulk,0,0,
1024,transformer_L1,phase5_matched,validation,maximum_macro_f1,0.47700658440589905,DoS attacks-SlowHTTPTest,0,0,
1024,transformer_L1,phase5_matched,validation,maximum_macro_f1,0.47700658440589905,DoS attacks-Slowloris,0,0,
1024,transformer_L1,phase5_matched,validation,maximum_macro_f1,0.47700658440589905,FTP-BruteForce,0,0,
1024,transformer_L1,phase5_matched,validation,maximum_macro_f1,0.47700658440589905,Infilteration,8551,644,0.07531282890889954
1024,transformer_L1,phase5_matched,validation,maximum_macro_f1,0.47700658440589905,SQL Injection,4,0,0.0
1024,transformer_L1,phase5_matched,validation,maximum_macro_f1,0.47700658440589905,SSH-Bruteforce,0,0,
1024,transformer_L1,phase5_matched,validation,fpr_at_most_0.01,0.9254818558692932,Bot,0,0,
1024,transformer_L1,phase5_matched,validation,fpr_at_most_0.01,0.9254818558692932,Brute Force -Web,48,0,0.0
1024,transformer_L1,phase5_matched,validation,fpr_at_most_0.01,0.9254818558692932,Brute Force -XSS,11,0,0.0
1024,transformer_L1,phase5_matched,validation,fpr_at_most_0.01,0.9254818558692932,DDOS attack-HOIC,0,0,
1024,transformer_L1,phase5_matched,validation,fpr_at_most_0.01,0.9254818558692932,DDOS attack-LOIC-UDP,0,0,
1024,transformer_L1,phase5_matched,validation,fpr_at_most_0.01,0.9254818558692932,DDoS attacks-LOIC-HTTP,0,0,
1024,transformer_L1,phase5_matched,validation,fpr_at_most_0.01,0.9254818558692932,DoS attacks-GoldenEye,0,0,
1024,transformer_L1,phase5_matched,validation,fpr_at_most_0.01,0.9254818558692932,DoS attacks-Hulk,0,0,
1024,transformer_L1,phase5_matched,validation,fpr_at_most_0.01,0.9254818558692932,DoS attacks-SlowHTTPTest,0,0,
1024,transformer_L1,phase5_matched,validation,fpr_at_most_0.01,0.9254818558692932,DoS attacks-Slowloris,0,0,
1024,transformer_L1,phase5_matched,validation,fpr_at_most_0.01,0.9254818558692932,FTP-BruteForce,0,0,
1024,transformer_L1,phase5_matched,validation,fpr_at_most_0.01,0.9254818558692932,Infilteration,8551,404,0.04724593614781897
1024,transformer_L1,phase5_matched,validation,fpr_at_most_0.01,0.9254818558692932,SQL Injection,4,0,0.0
1024,transformer_L1,phase5_matched,validation,fpr_at_most_0.01,0.9254818558692932,SSH-Bruteforce,0,0,
1024,transformer_L1,phase5_matched,validation,fpr_at_most_0.005,0.9492107033729553,Bot,0,0,
1024,transformer_L1,phase5_matched,validation,fpr_at_most_0.005,0.9492107033729553,Brute Force -Web,48,0,0.0
1024,transformer_L1,phase5_matched,validation,fpr_at_most_0.005,0.9492107033729553,Brute Force -XSS,11,0,0.0
1024,transformer_L1,phase5_matched,validation,fpr_at_most_0.005,0.9492107033729553,DDOS attack-HOIC,0,0,
1024,transformer_L1,phase5_matched,validation,fpr_at_most_0.005,0.9492107033729553,DDOS attack-LOIC-UDP,0,0,
1024,transformer_L1,phase5_matched,validation,fpr_at_most_0.005,0.9492107033729553,DDoS attacks-LOIC-HTTP,0,0,
1024,transformer_L1,phase5_matched,validation,fpr_at_most_0.005,0.9492107033729553,DoS attacks-GoldenEye,0,0,
1024,transformer_L1,phase5_matched,validation,fpr_at_most_0.005,0.9492107033729553,DoS attacks-Hulk,0,0,
1024,transformer_L1,phase5_matched,validation,fpr_at_most_0.005,0.9492107033729553,DoS attacks-SlowHTTPTest,0,0,
1024,transformer_L1,phase5_matched,validation,fpr_at_most_0.005,0.9492107033729553,DoS attacks-Slowloris,0,0,
1024,transformer_L1,phase5_matched,validation,fpr_at_most_0.005,0.9492107033729553,FTP-BruteForce,0,0,
1024,transformer_L1,phase5_matched,validation,fpr_at_most_0.005,0.9492107033729553,Infilteration,8551,175,0.02046544263828792
1024,transformer_L1,phase5_matched,validation,fpr_at_most_0.005,0.9492107033729553,SQL Injection,4,0,0.0
1024,transformer_L1,phase5_matched,validation,fpr_at_most_0.005,0.9492107033729553,SSH-Bruteforce,0,0,
1024,transformer_L1,phase5_matched,validation,fpr_at_most_0.001,0.999222993850708,Bot,0,0,
1024,transformer_L1,phase5_matched,validation,fpr_at_most_0.001,0.999222993850708,Brute Force -Web,48,0,0.0
1024,transformer_L1,phase5_matched,validation,fpr_at_most_0.001,0.999222993850708,Brute Force -XSS,11,0,0.0
1024,transformer_L1,phase5_matched,validation,fpr_at_most_0.001,0.999222993850708,DDOS attack-HOIC,0,0,
1024,transformer_L1,phase5_matched,validation,fpr_at_most_0.001,0.999222993850708,DDOS attack-LOIC-UDP,0,0,
1024,transformer_L1,phase5_matched,validation,fpr_at_most_0.001,0.999222993850708,DDoS attacks-LOIC-HTTP,0,0,
1024,transformer_L1,phase5_matched,validation,fpr_at_most_0.001,0.999222993850708,DoS attacks-GoldenEye,0,0,
1024,transformer_L1,phase5_matched,validation,fpr_at_most_0.001,0.999222993850708,DoS attacks-Hulk,0,0,
1024,transformer_L1,phase5_matched,validation,fpr_at_most_0.001,0.999222993850708,DoS attacks-SlowHTTPTest,0,0,
1024,transformer_L1,phase5_matched,validation,fpr_at_most_0.001,0.999222993850708,DoS attacks-Slowloris,0,0,
1024,transformer_L1,phase5_matched,validation,fpr_at_most_0.001,0.999222993850708,FTP-BruteForce,0,0,
1024,transformer_L1,phase5_matched,validation,fpr_at_most_0.001,0.999222993850708,Infilteration,8551,15,0.001754180797567536
1024,transformer_L1,phase5_matched,validation,fpr_at_most_0.001,0.999222993850708,SQL Injection,4,0,0.0
1024,transformer_L1,phase5_matched,validation,fpr_at_most_0.001,0.999222993850708,SSH-Bruteforce,0,0,
1024,transformer_L1,phase5_matched,test,fixed_0_5,0.5,Bot,35326,0,0.0
1024,transformer_L1,phase5_matched,test,fixed_0_5,0.5,Brute Force -Web,0,0,
1024,transformer_L1,phase5_matched,test,fixed_0_5,0.5,Brute Force -XSS,0,0,
1024,transformer_L1,phase5_matched,test,fixed_0_5,0.5,DDOS attack-HOIC,0,0,
1024,transformer_L1,phase5_matched,test,fixed_0_5,0.5,DDOS attack-LOIC-UDP,0,0,
1024,transformer_L1,phase5_matched,test,fixed_0_5,0.5,DDoS attacks-LOIC-HTTP,0,0,
1024,transformer_L1,phase5_matched,test,fixed_0_5,0.5,DoS attacks-GoldenEye,0,0,
1024,transformer_L1,phase5_matched,test,fixed_0_5,0.5,DoS attacks-Hulk,0,0,
1024,transformer_L1,phase5_matched,test,fixed_0_5,0.5,DoS attacks-SlowHTTPTest,0,0,
1024,transformer_L1,phase5_matched,test,fixed_0_5,0.5,DoS attacks-Slowloris,0,0,
1024,transformer_L1,phase5_matched,test,fixed_0_5,0.5,FTP-BruteForce,0,0,
1024,transformer_L1,phase5_matched,test,fixed_0_5,0.5,Infilteration,11632,887,0.07625515818431912
1024,transformer_L1,phase5_matched,test,fixed_0_5,0.5,SQL Injection,0,0,
1024,transformer_L1,phase5_matched,test,fixed_0_5,0.5,SSH-Bruteforce,0,0,
1024,transformer_L1,phase5_matched,test,maximum_macro_f1,0.47700658440589905,Bot,35326,0,0.0
1024,transformer_L1,phase5_matched,test,maximum_macro_f1,0.47700658440589905,Brute Force -Web,0,0,
1024,transformer_L1,phase5_matched,test,maximum_macro_f1,0.47700658440589905,Brute Force -XSS,0,0,
1024,transformer_L1,phase5_matched,test,maximum_macro_f1,0.47700658440589905,DDOS attack-HOIC,0,0,
1024,transformer_L1,phase5_matched,test,maximum_macro_f1,0.47700658440589905,DDOS attack-LOIC-UDP,0,0,
1024,transformer_L1,phase5_matched,test,maximum_macro_f1,0.47700658440589905,DDoS attacks-LOIC-HTTP,0,0,
1024,transformer_L1,phase5_matched,test,maximum_macro_f1,0.47700658440589905,DoS attacks-GoldenEye,0,0,
1024,transformer_L1,phase5_matched,test,maximum_macro_f1,0.47700658440589905,DoS attacks-Hulk,0,0,
1024,transformer_L1,phase5_matched,test,maximum_macro_f1,0.47700658440589905,DoS attacks-SlowHTTPTest,0,0,
1024,transformer_L1,phase5_matched,test,maximum_macro_f1,0.47700658440589905,DoS attacks-Slowloris,0,0,
1024,transformer_L1,phase5_matched,test,maximum_macro_f1,0.47700658440589905,FTP-BruteForce,0,0,
1024,transformer_L1,phase5_matched,test,maximum_macro_f1,0.47700658440589905,Infilteration,11632,897,0.07711485557083907
1024,transformer_L1,phase5_matched,test,maximum_macro_f1,0.47700658440589905,SQL Injection,0,0,
1024,transformer_L1,phase5_matched,test,maximum_macro_f1,0.47700658440589905,SSH-Bruteforce,0,0,
1024,transformer_L1,phase5_matched,test,fpr_at_most_0.01,0.9254818558692932,Bot,35326,0,0.0
1024,transformer_L1,phase5_matched,test,fpr_at_most_0.01,0.9254818558692932,Brute Force -Web,0,0,
1024,transformer_L1,phase5_matched,test,fpr_at_most_0.01,0.9254818558692932,Brute Force -XSS,0,0,
1024,transformer_L1,phase5_matched,test,fpr_at_most_0.01,0.9254818558692932,DDOS attack-HOIC,0,0,
1024,transformer_L1,phase5_matched,test,fpr_at_most_0.01,0.9254818558692932,DDOS attack-LOIC-UDP,0,0,
1024,transformer_L1,phase5_matched,test,fpr_at_most_0.01,0.9254818558692932,DDoS attacks-LOIC-HTTP,0,0,
1024,transformer_L1,phase5_matched,test,fpr_at_most_0.01,0.9254818558692932,DoS attacks-GoldenEye,0,0,
1024,transformer_L1,phase5_matched,test,fpr_at_most_0.01,0.9254818558692932,DoS attacks-Hulk,0,0,
1024,transformer_L1,phase5_matched,test,fpr_at_most_0.01,0.9254818558692932,DoS attacks-SlowHTTPTest,0,0,
1024,transformer_L1,phase5_matched,test,fpr_at_most_0.01,0.9254818558692932,DoS attacks-Slowloris,0,0,
1024,transformer_L1,phase5_matched,test,fpr_at_most_0.01,0.9254818558692932,FTP-BruteForce,0,0,
1024,transformer_L1,phase5_matched,test,fpr_at_most_0.01,0.9254818558692932,Infilteration,11632,606,0.052097661623108665
1024,transformer_L1,phase5_matched,test,fpr_at_most_0.01,0.9254818558692932,SQL Injection,0,0,
1024,transformer_L1,phase5_matched,test,fpr_at_most_0.01,0.9254818558692932,SSH-Bruteforce,0,0,
1024,transformer_L1,phase5_matched,test,fpr_at_most_0.005,0.9492107033729553,Bot,35326,0,0.0
1024,transformer_L1,phase5_matched,test,fpr_at_most_0.005,0.9492107033729553,Brute Force -Web,0,0,
1024,transformer_L1,phase5_matched,test,fpr_at_most_0.005,0.9492107033729553,Brute Force -XSS,0,0,
1024,transformer_L1,phase5_matched,test,fpr_at_most_0.005,0.9492107033729553,DDOS attack-HOIC,0,0,
1024,transformer_L1,phase5_matched,test,fpr_at_most_0.005,0.9492107033729553,DDOS attack-LOIC-UDP,0,0,
1024,transformer_L1,phase5_matched,test,fpr_at_most_0.005,0.9492107033729553,DDoS attacks-LOIC-HTTP,0,0,
1024,transformer_L1,phase5_matched,test,fpr_at_most_0.005,0.9492107033729553,DoS attacks-GoldenEye,0,0,
1024,transformer_L1,phase5_matched,test,fpr_at_most_0.005,0.9492107033729553,DoS attacks-Hulk,0,0,
1024,transformer_L1,phase5_matched,test,fpr_at_most_0.005,0.9492107033729553,DoS attacks-SlowHTTPTest,0,0,
1024,transformer_L1,phase5_matched,test,fpr_at_most_0.005,0.9492107033729553,DoS attacks-Slowloris,0,0,
1024,transformer_L1,phase5_matched,test,fpr_at_most_0.005,0.9492107033729553,FTP-BruteForce,0,0,
1024,transformer_L1,phase5_matched,test,fpr_at_most_0.005,0.9492107033729553,Infilteration,11632,270,0.023211829436038514
1024,transformer_L1,phase5_matched,test,fpr_at_most_0.005,0.9492107033729553,SQL Injection,0,0,
1024,transformer_L1,phase5_matched,test,fpr_at_most_0.005,0.9492107033729553,SSH-Bruteforce,0,0,
1024,transformer_L1,phase5_matched,test,fpr_at_most_0.001,0.999222993850708,Bot,35326,0,0.0
1024,transformer_L1,phase5_matched,test,fpr_at_most_0.001,0.999222993850708,Brute Force -Web,0,0,
1024,transformer_L1,phase5_matched,test,fpr_at_most_0.001,0.999222993850708,Brute Force -XSS,0,0,
1024,transformer_L1,phase5_matched,test,fpr_at_most_0.001,0.999222993850708,DDOS attack-HOIC,0,0,
1024,transformer_L1,phase5_matched,test,fpr_at_most_0.001,0.999222993850708,DDOS attack-LOIC-UDP,0,0,
1024,transformer_L1,phase5_matched,test,fpr_at_most_0.001,0.999222993850708,DDoS attacks-LOIC-HTTP,0,0,
1024,transformer_L1,phase5_matched,test,fpr_at_most_0.001,0.999222993850708,DoS attacks-GoldenEye,0,0,
1024,transformer_L1,phase5_matched,test,fpr_at_most_0.001,0.999222993850708,DoS attacks-Hulk,0,0,
1024,transformer_L1,phase5_matched,test,fpr_at_most_0.001,0.999222993850708,DoS attacks-SlowHTTPTest,0,0,
1024,transformer_L1,phase5_matched,test,fpr_at_most_0.001,0.999222993850708,DoS attacks-Slowloris,0,0,
1024,transformer_L1,phase5_matched,test,fpr_at_most_0.001,0.999222993850708,FTP-BruteForce,0,0,
1024,transformer_L1,phase5_matched,test,fpr_at_most_0.001,0.999222993850708,Infilteration,11632,45,0.003868638239339752
1024,transformer_L1,phase5_matched,test,fpr_at_most_0.001,0.999222993850708,SQL Injection,0,0,
1024,transformer_L1,phase5_matched,test,fpr_at_most_0.001,0.999222993850708,SSH-Bruteforce,0,0,
1024,transformer_L64,phase5_matched,validation,fixed_0_5,0.5,Bot,0,0,
1024,transformer_L64,phase5_matched,validation,fixed_0_5,0.5,Brute Force -Web,48,0,0.0
1024,transformer_L64,phase5_matched,validation,fixed_0_5,0.5,Brute Force -XSS,11,0,0.0
1024,transformer_L64,phase5_matched,validation,fixed_0_5,0.5,DDOS attack-HOIC,0,0,
1024,transformer_L64,phase5_matched,validation,fixed_0_5,0.5,DDOS attack-LOIC-UDP,0,0,
1024,transformer_L64,phase5_matched,validation,fixed_0_5,0.5,DDoS attacks-LOIC-HTTP,0,0,
1024,transformer_L64,phase5_matched,validation,fixed_0_5,0.5,DoS attacks-GoldenEye,0,0,
1024,transformer_L64,phase5_matched,validation,fixed_0_5,0.5,DoS attacks-Hulk,0,0,
1024,transformer_L64,phase5_matched,validation,fixed_0_5,0.5,DoS attacks-SlowHTTPTest,0,0,
1024,transformer_L64,phase5_matched,validation,fixed_0_5,0.5,DoS attacks-Slowloris,0,0,
1024,transformer_L64,phase5_matched,validation,fixed_0_5,0.5,FTP-BruteForce,0,0,
1024,transformer_L64,phase5_matched,validation,fixed_0_5,0.5,Infilteration,8551,663,0.0775347912524851
1024,transformer_L64,phase5_matched,validation,fixed_0_5,0.5,SQL Injection,4,0,0.0
1024,transformer_L64,phase5_matched,validation,fixed_0_5,0.5,SSH-Bruteforce,0,0,
1024,transformer_L64,phase5_matched,validation,maximum_macro_f1,0.019680673256516457,Bot,0,0,
1024,transformer_L64,phase5_matched,validation,maximum_macro_f1,0.019680673256516457,Brute Force -Web,48,16,0.3333333333333333
1024,transformer_L64,phase5_matched,validation,maximum_macro_f1,0.019680673256516457,Brute Force -XSS,11,0,0.0
1024,transformer_L64,phase5_matched,validation,maximum_macro_f1,0.019680673256516457,DDOS attack-HOIC,0,0,
1024,transformer_L64,phase5_matched,validation,maximum_macro_f1,0.019680673256516457,DDOS attack-LOIC-UDP,0,0,
1024,transformer_L64,phase5_matched,validation,maximum_macro_f1,0.019680673256516457,DDoS attacks-LOIC-HTTP,0,0,
1024,transformer_L64,phase5_matched,validation,maximum_macro_f1,0.019680673256516457,DoS attacks-GoldenEye,0,0,
1024,transformer_L64,phase5_matched,validation,maximum_macro_f1,0.019680673256516457,DoS attacks-Hulk,0,0,
1024,transformer_L64,phase5_matched,validation,maximum_macro_f1,0.019680673256516457,DoS attacks-SlowHTTPTest,0,0,
1024,transformer_L64,phase5_matched,validation,maximum_macro_f1,0.019680673256516457,DoS attacks-Slowloris,0,0,
1024,transformer_L64,phase5_matched,validation,maximum_macro_f1,0.019680673256516457,FTP-BruteForce,0,0,
1024,transformer_L64,phase5_matched,validation,maximum_macro_f1,0.019680673256516457,Infilteration,8551,811,0.09484270845515144
1024,transformer_L64,phase5_matched,validation,maximum_macro_f1,0.019680673256516457,SQL Injection,4,0,0.0
1024,transformer_L64,phase5_matched,validation,maximum_macro_f1,0.019680673256516457,SSH-Bruteforce,0,0,
1024,transformer_L64,phase5_matched,validation,fpr_at_most_0.01,0.958543598651886,Bot,0,0,
1024,transformer_L64,phase5_matched,validation,fpr_at_most_0.01,0.958543598651886,Brute Force -Web,48,0,0.0
1024,transformer_L64,phase5_matched,validation,fpr_at_most_0.01,0.958543598651886,Brute Force -XSS,11,0,0.0
1024,transformer_L64,phase5_matched,validation,fpr_at_most_0.01,0.958543598651886,DDOS attack-HOIC,0,0,
1024,transformer_L64,phase5_matched,validation,fpr_at_most_0.01,0.958543598651886,DDOS attack-LOIC-UDP,0,0,
1024,transformer_L64,phase5_matched,validation,fpr_at_most_0.01,0.958543598651886,DDoS attacks-LOIC-HTTP,0,0,
1024,transformer_L64,phase5_matched,validation,fpr_at_most_0.01,0.958543598651886,DoS attacks-GoldenEye,0,0,
1024,transformer_L64,phase5_matched,validation,fpr_at_most_0.01,0.958543598651886,DoS attacks-Hulk,0,0,
1024,transformer_L64,phase5_matched,validation,fpr_at_most_0.01,0.958543598651886,DoS attacks-SlowHTTPTest,0,0,
1024,transformer_L64,phase5_matched,validation,fpr_at_most_0.01,0.958543598651886,DoS attacks-Slowloris,0,0,
1024,transformer_L64,phase5_matched,validation,fpr_at_most_0.01,0.958543598651886,FTP-BruteForce,0,0,
1024,transformer_L64,phase5_matched,validation,fpr_at_most_0.01,0.958543598651886,Infilteration,8551,480,0.05613378552216115
1024,transformer_L64,phase5_matched,validation,fpr_at_most_0.01,0.958543598651886,SQL Injection,4,0,0.0
1024,transformer_L64,phase5_matched,validation,fpr_at_most_0.01,0.958543598651886,SSH-Bruteforce,0,0,
1024,transformer_L64,phase5_matched,validation,fpr_at_most_0.005,0.9766219258308411,Bot,0,0,
1024,transformer_L64,phase5_matched,validation,fpr_at_most_0.005,0.9766219258308411,Brute Force -Web,48,0,0.0
1024,transformer_L64,phase5_matched,validation,fpr_at_most_0.005,0.9766219258308411,Brute Force -XSS,11,0,0.0
1024,transformer_L64,phase5_matched,validation,fpr_at_most_0.005,0.9766219258308411,DDOS attack-HOIC,0,0,
1024,transformer_L64,phase5_matched,validation,fpr_at_most_0.005,0.9766219258308411,DDOS attack-LOIC-UDP,0,0,
1024,transformer_L64,phase5_matched,validation,fpr_at_most_0.005,0.9766219258308411,DDoS attacks-LOIC-HTTP,0,0,
1024,transformer_L64,phase5_matched,validation,fpr_at_most_0.005,0.9766219258308411,DoS attacks-GoldenEye,0,0,
1024,transformer_L64,phase5_matched,validation,fpr_at_most_0.005,0.9766219258308411,DoS attacks-Hulk,0,0,
1024,transformer_L64,phase5_matched,validation,fpr_at_most_0.005,0.9766219258308411,DoS attacks-SlowHTTPTest,0,0,
1024,transformer_L64,phase5_matched,validation,fpr_at_most_0.005,0.9766219258308411,DoS attacks-Slowloris,0,0,
1024,transformer_L64,phase5_matched,validation,fpr_at_most_0.005,0.9766219258308411,FTP-BruteForce,0,0,
1024,transformer_L64,phase5_matched,validation,fpr_at_most_0.005,0.9766219258308411,Infilteration,8551,277,0.03239387206174717
1024,transformer_L64,phase5_matched,validation,fpr_at_most_0.005,0.9766219258308411,SQL Injection,4,0,0.0
1024,transformer_L64,phase5_matched,validation,fpr_at_most_0.005,0.9766219258308411,SSH-Bruteforce,0,0,
1024,transformer_L64,phase5_matched,validation,fpr_at_most_0.001,0.9843770265579224,Bot,0,0,
1024,transformer_L64,phase5_matched,validation,fpr_at_most_0.001,0.9843770265579224,Brute Force -Web,48,0,0.0
1024,transformer_L64,phase5_matched,validation,fpr_at_most_0.001,0.9843770265579224,Brute Force -XSS,11,0,0.0
1024,transformer_L64,phase5_matched,validation,fpr_at_most_0.001,0.9843770265579224,DDOS attack-HOIC,0,0,
1024,transformer_L64,phase5_matched,validation,fpr_at_most_0.001,0.9843770265579224,DDOS attack-LOIC-UDP,0,0,
1024,transformer_L64,phase5_matched,validation,fpr_at_most_0.001,0.9843770265579224,DDoS attacks-LOIC-HTTP,0,0,
1024,transformer_L64,phase5_matched,validation,fpr_at_most_0.001,0.9843770265579224,DoS attacks-GoldenEye,0,0,
1024,transformer_L64,phase5_matched,validation,fpr_at_most_0.001,0.9843770265579224,DoS attacks-Hulk,0,0,
1024,transformer_L64,phase5_matched,validation,fpr_at_most_0.001,0.9843770265579224,DoS attacks-SlowHTTPTest,0,0,
1024,transformer_L64,phase5_matched,validation,fpr_at_most_0.001,0.9843770265579224,DoS attacks-Slowloris,0,0,
1024,transformer_L64,phase5_matched,validation,fpr_at_most_0.001,0.9843770265579224,FTP-BruteForce,0,0,
1024,transformer_L64,phase5_matched,validation,fpr_at_most_0.001,0.9843770265579224,Infilteration,8551,55,0.006431996257747632
1024,transformer_L64,phase5_matched,validation,fpr_at_most_0.001,0.9843770265579224,SQL Injection,4,0,0.0
1024,transformer_L64,phase5_matched,validation,fpr_at_most_0.001,0.9843770265579224,SSH-Bruteforce,0,0,
1024,transformer_L64,phase5_matched,test,fixed_0_5,0.5,Bot,35326,0,0.0
1024,transformer_L64,phase5_matched,test,fixed_0_5,0.5,Brute Force -Web,0,0,
1024,transformer_L64,phase5_matched,test,fixed_0_5,0.5,Brute Force -XSS,0,0,
1024,transformer_L64,phase5_matched,test,fixed_0_5,0.5,DDOS attack-HOIC,0,0,
1024,transformer_L64,phase5_matched,test,fixed_0_5,0.5,DDOS attack-LOIC-UDP,0,0,
1024,transformer_L64,phase5_matched,test,fixed_0_5,0.5,DDoS attacks-LOIC-HTTP,0,0,
1024,transformer_L64,phase5_matched,test,fixed_0_5,0.5,DoS attacks-GoldenEye,0,0,
1024,transformer_L64,phase5_matched,test,fixed_0_5,0.5,DoS attacks-Hulk,0,0,
1024,transformer_L64,phase5_matched,test,fixed_0_5,0.5,DoS attacks-SlowHTTPTest,0,0,
1024,transformer_L64,phase5_matched,test,fixed_0_5,0.5,DoS attacks-Slowloris,0,0,
1024,transformer_L64,phase5_matched,test,fixed_0_5,0.5,FTP-BruteForce,0,0,
1024,transformer_L64,phase5_matched,test,fixed_0_5,0.5,Infilteration,11632,910,0.07823246217331499
1024,transformer_L64,phase5_matched,test,fixed_0_5,0.5,SQL Injection,0,0,
1024,transformer_L64,phase5_matched,test,fixed_0_5,0.5,SSH-Bruteforce,0,0,
1024,transformer_L64,phase5_matched,test,maximum_macro_f1,0.019680673256516457,Bot,35326,22,0.0006227707637434185
1024,transformer_L64,phase5_matched,test,maximum_macro_f1,0.019680673256516457,Brute Force -Web,0,0,
1024,transformer_L64,phase5_matched,test,maximum_macro_f1,0.019680673256516457,Brute Force -XSS,0,0,
1024,transformer_L64,phase5_matched,test,maximum_macro_f1,0.019680673256516457,DDOS attack-HOIC,0,0,
1024,transformer_L64,phase5_matched,test,maximum_macro_f1,0.019680673256516457,DDOS attack-LOIC-UDP,0,0,
1024,transformer_L64,phase5_matched,test,maximum_macro_f1,0.019680673256516457,DDoS attacks-LOIC-HTTP,0,0,
1024,transformer_L64,phase5_matched,test,maximum_macro_f1,0.019680673256516457,DoS attacks-GoldenEye,0,0,
1024,transformer_L64,phase5_matched,test,maximum_macro_f1,0.019680673256516457,DoS attacks-Hulk,0,0,
1024,transformer_L64,phase5_matched,test,maximum_macro_f1,0.019680673256516457,DoS attacks-SlowHTTPTest,0,0,
1024,transformer_L64,phase5_matched,test,maximum_macro_f1,0.019680673256516457,DoS attacks-Slowloris,0,0,
1024,transformer_L64,phase5_matched,test,maximum_macro_f1,0.019680673256516457,FTP-BruteForce,0,0,
1024,transformer_L64,phase5_matched,test,maximum_macro_f1,0.019680673256516457,Infilteration,11632,1087,0.09344910591471801
1024,transformer_L64,phase5_matched,test,maximum_macro_f1,0.019680673256516457,SQL Injection,0,0,
1024,transformer_L64,phase5_matched,test,maximum_macro_f1,0.019680673256516457,SSH-Bruteforce,0,0,
1024,transformer_L64,phase5_matched,test,fpr_at_most_0.01,0.958543598651886,Bot,35326,0,0.0
1024,transformer_L64,phase5_matched,test,fpr_at_most_0.01,0.958543598651886,Brute Force -Web,0,0,
1024,transformer_L64,phase5_matched,test,fpr_at_most_0.01,0.958543598651886,Brute Force -XSS,0,0,
1024,transformer_L64,phase5_matched,test,fpr_at_most_0.01,0.958543598651886,DDOS attack-HOIC,0,0,
1024,transformer_L64,phase5_matched,test,fpr_at_most_0.01,0.958543598651886,DDOS attack-LOIC-UDP,0,0,
1024,transformer_L64,phase5_matched,test,fpr_at_most_0.01,0.958543598651886,DDoS attacks-LOIC-HTTP,0,0,
1024,transformer_L64,phase5_matched,test,fpr_at_most_0.01,0.958543598651886,DoS attacks-GoldenEye,0,0,
1024,transformer_L64,phase5_matched,test,fpr_at_most_0.01,0.958543598651886,DoS attacks-Hulk,0,0,
1024,transformer_L64,phase5_matched,test,fpr_at_most_0.01,0.958543598651886,DoS attacks-SlowHTTPTest,0,0,
1024,transformer_L64,phase5_matched,test,fpr_at_most_0.01,0.958543598651886,DoS attacks-Slowloris,0,0,
1024,transformer_L64,phase5_matched,test,fpr_at_most_0.01,0.958543598651886,FTP-BruteForce,0,0,
1024,transformer_L64,phase5_matched,test,fpr_at_most_0.01,0.958543598651886,Infilteration,11632,659,0.05665405777166437
1024,transformer_L64,phase5_matched,test,fpr_at_most_0.01,0.958543598651886,SQL Injection,0,0,
1024,transformer_L64,phase5_matched,test,fpr_at_most_0.01,0.958543598651886,SSH-Bruteforce,0,0,
1024,transformer_L64,phase5_matched,test,fpr_at_most_0.005,0.9766219258308411,Bot,35326,0,0.0
1024,transformer_L64,phase5_matched,test,fpr_at_most_0.005,0.9766219258308411,Brute Force -Web,0,0,
1024,transformer_L64,phase5_matched,test,fpr_at_most_0.005,0.9766219258308411,Brute Force -XSS,0,0,
1024,transformer_L64,phase5_matched,test,fpr_at_most_0.005,0.9766219258308411,DDOS attack-HOIC,0,0,
1024,transformer_L64,phase5_matched,test,fpr_at_most_0.005,0.9766219258308411,DDOS attack-LOIC-UDP,0,0,
1024,transformer_L64,phase5_matched,test,fpr_at_most_0.005,0.9766219258308411,DDoS attacks-LOIC-HTTP,0,0,
1024,transformer_L64,phase5_matched,test,fpr_at_most_0.005,0.9766219258308411,DoS attacks-GoldenEye,0,0,
1024,transformer_L64,phase5_matched,test,fpr_at_most_0.005,0.9766219258308411,DoS attacks-Hulk,0,0,
1024,transformer_L64,phase5_matched,test,fpr_at_most_0.005,0.9766219258308411,DoS attacks-SlowHTTPTest,0,0,
1024,transformer_L64,phase5_matched,test,fpr_at_most_0.005,0.9766219258308411,DoS attacks-Slowloris,0,0,
1024,transformer_L64,phase5_matched,test,fpr_at_most_0.005,0.9766219258308411,FTP-BruteForce,0,0,
1024,transformer_L64,phase5_matched,test,fpr_at_most_0.005,0.9766219258308411,Infilteration,11632,296,0.02544704264099037
1024,transformer_L64,phase5_matched,test,fpr_at_most_0.005,0.9766219258308411,SQL Injection,0,0,
1024,transformer_L64,phase5_matched,test,fpr_at_most_0.005,0.9766219258308411,SSH-Bruteforce,0,0,
1024,transformer_L64,phase5_matched,test,fpr_at_most_0.001,0.9843770265579224,Bot,35326,0,0.0
1024,transformer_L64,phase5_matched,test,fpr_at_most_0.001,0.9843770265579224,Brute Force -Web,0,0,
1024,transformer_L64,phase5_matched,test,fpr_at_most_0.001,0.9843770265579224,Brute Force -XSS,0,0,
1024,transformer_L64,phase5_matched,test,fpr_at_most_0.001,0.9843770265579224,DDOS attack-HOIC,0,0,
1024,transformer_L64,phase5_matched,test,fpr_at_most_0.001,0.9843770265579224,DDOS attack-LOIC-UDP,0,0,
1024,transformer_L64,phase5_matched,test,fpr_at_most_0.001,0.9843770265579224,DDoS attacks-LOIC-HTTP,0,0,
1024,transformer_L64,phase5_matched,test,fpr_at_most_0.001,0.9843770265579224,DoS attacks-GoldenEye,0,0,
1024,transformer_L64,phase5_matched,test,fpr_at_most_0.001,0.9843770265579224,DoS attacks-Hulk,0,0,
1024,transformer_L64,phase5_matched,test,fpr_at_most_0.001,0.9843770265579224,DoS attacks-SlowHTTPTest,0,0,
1024,transformer_L64,phase5_matched,test,fpr_at_most_0.001,0.9843770265579224,DoS attacks-Slowloris,0,0,
1024,transformer_L64,phase5_matched,test,fpr_at_most_0.001,0.9843770265579224,FTP-BruteForce,0,0,
1024,transformer_L64,phase5_matched,test,fpr_at_most_0.001,0.9843770265579224,Infilteration,11632,53,0.004556396148555708
1024,transformer_L64,phase5_matched,test,fpr_at_most_0.001,0.9843770265579224,SQL Injection,0,0,
1024,transformer_L64,phase5_matched,test,fpr_at_most_0.001,0.9843770265579224,SSH-Bruteforce,0,0,
1024,autoencoder_B,full_dataset,validation,benign_fpr_at_most_0.05,0.029894702574636854,Bot,0,0,
1024,autoencoder_B,full_dataset,validation,benign_fpr_at_most_0.05,0.029894702574636854,Brute Force -Web,362,191,0.5276243093922652
1024,autoencoder_B,full_dataset,validation,benign_fpr_at_most_0.05,0.029894702574636854,Brute Force -XSS,151,77,0.5099337748344371
1024,autoencoder_B,full_dataset,validation,benign_fpr_at_most_0.05,0.029894702574636854,DDOS attack-HOIC,0,0,
1024,autoencoder_B,full_dataset,validation,benign_fpr_at_most_0.05,0.029894702574636854,DDOS attack-LOIC-UDP,0,0,
1024,autoencoder_B,full_dataset,validation,benign_fpr_at_most_0.05,0.029894702574636854,DDoS attacks-LOIC-HTTP,0,0,
1024,autoencoder_B,full_dataset,validation,benign_fpr_at_most_0.05,0.029894702574636854,DoS attacks-GoldenEye,0,0,
1024,autoencoder_B,full_dataset,validation,benign_fpr_at_most_0.05,0.029894702574636854,DoS attacks-Hulk,0,0,
1024,autoencoder_B,full_dataset,validation,benign_fpr_at_most_0.05,0.029894702574636854,DoS attacks-SlowHTTPTest,0,0,
1024,autoencoder_B,full_dataset,validation,benign_fpr_at_most_0.05,0.029894702574636854,DoS attacks-Slowloris,0,0,
1024,autoencoder_B,full_dataset,validation,benign_fpr_at_most_0.05,0.029894702574636854,FTP-BruteForce,0,0,
1024,autoencoder_B,full_dataset,validation,benign_fpr_at_most_0.05,0.029894702574636854,Infilteration,68857,7859,0.11413509156658001
1024,autoencoder_B,full_dataset,validation,benign_fpr_at_most_0.05,0.029894702574636854,SQL Injection,53,8,0.1509433962264151
1024,autoencoder_B,full_dataset,validation,benign_fpr_at_most_0.05,0.029894702574636854,SSH-Bruteforce,0,0,
1024,autoencoder_B,full_dataset,validation,benign_fpr_at_most_0.01,0.1542897726514918,Bot,0,0,
1024,autoencoder_B,full_dataset,validation,benign_fpr_at_most_0.01,0.1542897726514918,Brute Force -Web,362,128,0.35359116022099446
1024,autoencoder_B,full_dataset,validation,benign_fpr_at_most_0.01,0.1542897726514918,Brute Force -XSS,151,76,0.5033112582781457
1024,autoencoder_B,full_dataset,validation,benign_fpr_at_most_0.01,0.1542897726514918,DDOS attack-HOIC,0,0,
1024,autoencoder_B,full_dataset,validation,benign_fpr_at_most_0.01,0.1542897726514918,DDOS attack-LOIC-UDP,0,0,
1024,autoencoder_B,full_dataset,validation,benign_fpr_at_most_0.01,0.1542897726514918,DDoS attacks-LOIC-HTTP,0,0,
1024,autoencoder_B,full_dataset,validation,benign_fpr_at_most_0.01,0.1542897726514918,DoS attacks-GoldenEye,0,0,
1024,autoencoder_B,full_dataset,validation,benign_fpr_at_most_0.01,0.1542897726514918,DoS attacks-Hulk,0,0,
1024,autoencoder_B,full_dataset,validation,benign_fpr_at_most_0.01,0.1542897726514918,DoS attacks-SlowHTTPTest,0,0,
1024,autoencoder_B,full_dataset,validation,benign_fpr_at_most_0.01,0.1542897726514918,DoS attacks-Slowloris,0,0,
1024,autoencoder_B,full_dataset,validation,benign_fpr_at_most_0.01,0.1542897726514918,FTP-BruteForce,0,0,
1024,autoencoder_B,full_dataset,validation,benign_fpr_at_most_0.01,0.1542897726514918,Infilteration,68857,2328,0.03380919877427132
1024,autoencoder_B,full_dataset,validation,benign_fpr_at_most_0.01,0.1542897726514918,SQL Injection,53,2,0.03773584905660377
1024,autoencoder_B,full_dataset,validation,benign_fpr_at_most_0.01,0.1542897726514918,SSH-Bruteforce,0,0,
1024,autoencoder_B,full_dataset,validation,benign_fpr_at_most_0.005,0.21284566949700034,Bot,0,0,
1024,autoencoder_B,full_dataset,validation,benign_fpr_at_most_0.005,0.21284566949700034,Brute Force -Web,362,128,0.35359116022099446
1024,autoencoder_B,full_dataset,validation,benign_fpr_at_most_0.005,0.21284566949700034,Brute Force -XSS,151,76,0.5033112582781457
1024,autoencoder_B,full_dataset,validation,benign_fpr_at_most_0.005,0.21284566949700034,DDOS attack-HOIC,0,0,
1024,autoencoder_B,full_dataset,validation,benign_fpr_at_most_0.005,0.21284566949700034,DDOS attack-LOIC-UDP,0,0,
1024,autoencoder_B,full_dataset,validation,benign_fpr_at_most_0.005,0.21284566949700034,DDoS attacks-LOIC-HTTP,0,0,
1024,autoencoder_B,full_dataset,validation,benign_fpr_at_most_0.005,0.21284566949700034,DoS attacks-GoldenEye,0,0,
1024,autoencoder_B,full_dataset,validation,benign_fpr_at_most_0.005,0.21284566949700034,DoS attacks-Hulk,0,0,
1024,autoencoder_B,full_dataset,validation,benign_fpr_at_most_0.005,0.21284566949700034,DoS attacks-SlowHTTPTest,0,0,
1024,autoencoder_B,full_dataset,validation,benign_fpr_at_most_0.005,0.21284566949700034,DoS attacks-Slowloris,0,0,
1024,autoencoder_B,full_dataset,validation,benign_fpr_at_most_0.005,0.21284566949700034,FTP-BruteForce,0,0,
1024,autoencoder_B,full_dataset,validation,benign_fpr_at_most_0.005,0.21284566949700034,Infilteration,68857,827,0.012010398361822328
1024,autoencoder_B,full_dataset,validation,benign_fpr_at_most_0.005,0.21284566949700034,SQL Injection,53,2,0.03773584905660377
1024,autoencoder_B,full_dataset,validation,benign_fpr_at_most_0.005,0.21284566949700034,SSH-Bruteforce,0,0,
1024,autoencoder_B,full_dataset,validation,benign_fpr_at_most_0.001,0.9798018423709862,Bot,0,0,
1024,autoencoder_B,full_dataset,validation,benign_fpr_at_most_0.001,0.9798018423709862,Brute Force -Web,362,41,0.1132596685082873
1024,autoencoder_B,full_dataset,validation,benign_fpr_at_most_0.001,0.9798018423709862,Brute Force -XSS,151,0,0.0
1024,autoencoder_B,full_dataset,validation,benign_fpr_at_most_0.001,0.9798018423709862,DDOS attack-HOIC,0,0,
1024,autoencoder_B,full_dataset,validation,benign_fpr_at_most_0.001,0.9798018423709862,DDOS attack-LOIC-UDP,0,0,
1024,autoencoder_B,full_dataset,validation,benign_fpr_at_most_0.001,0.9798018423709862,DDoS attacks-LOIC-HTTP,0,0,
1024,autoencoder_B,full_dataset,validation,benign_fpr_at_most_0.001,0.9798018423709862,DoS attacks-GoldenEye,0,0,
1024,autoencoder_B,full_dataset,validation,benign_fpr_at_most_0.001,0.9798018423709862,DoS attacks-Hulk,0,0,
1024,autoencoder_B,full_dataset,validation,benign_fpr_at_most_0.001,0.9798018423709862,DoS attacks-SlowHTTPTest,0,0,
1024,autoencoder_B,full_dataset,validation,benign_fpr_at_most_0.001,0.9798018423709862,DoS attacks-Slowloris,0,0,
1024,autoencoder_B,full_dataset,validation,benign_fpr_at_most_0.001,0.9798018423709862,FTP-BruteForce,0,0,
1024,autoencoder_B,full_dataset,validation,benign_fpr_at_most_0.001,0.9798018423709862,Infilteration,68857,12,0.0001742742204859346
1024,autoencoder_B,full_dataset,validation,benign_fpr_at_most_0.001,0.9798018423709862,SQL Injection,53,0,0.0
1024,autoencoder_B,full_dataset,validation,benign_fpr_at_most_0.001,0.9798018423709862,SSH-Bruteforce,0,0,
1024,autoencoder_B,full_dataset,test,benign_fpr_at_most_0.05,0.029894702574636854,Bot,282310,5322,0.01885161701675463
1024,autoencoder_B,full_dataset,test,benign_fpr_at_most_0.05,0.029894702574636854,Brute Force -Web,0,0,
1024,autoencoder_B,full_dataset,test,benign_fpr_at_most_0.05,0.029894702574636854,Brute Force -XSS,0,0,
1024,autoencoder_B,full_dataset,test,benign_fpr_at_most_0.05,0.029894702574636854,DDOS attack-HOIC,0,0,
1024,autoencoder_B,full_dataset,test,benign_fpr_at_most_0.05,0.029894702574636854,DDOS attack-LOIC-UDP,0,0,
1024,autoencoder_B,full_dataset,test,benign_fpr_at_most_0.05,0.029894702574636854,DDoS attacks-LOIC-HTTP,0,0,
1024,autoencoder_B,full_dataset,test,benign_fpr_at_most_0.05,0.029894702574636854,DoS attacks-GoldenEye,0,0,
1024,autoencoder_B,full_dataset,test,benign_fpr_at_most_0.05,0.029894702574636854,DoS attacks-Hulk,0,0,
1024,autoencoder_B,full_dataset,test,benign_fpr_at_most_0.05,0.029894702574636854,DoS attacks-SlowHTTPTest,0,0,
1024,autoencoder_B,full_dataset,test,benign_fpr_at_most_0.05,0.029894702574636854,DoS attacks-Slowloris,0,0,
1024,autoencoder_B,full_dataset,test,benign_fpr_at_most_0.05,0.029894702574636854,FTP-BruteForce,0,0,
1024,autoencoder_B,full_dataset,test,benign_fpr_at_most_0.05,0.029894702574636854,Infilteration,93040,12308,0.1322871883061049
1024,autoencoder_B,full_dataset,test,benign_fpr_at_most_0.05,0.029894702574636854,SQL Injection,0,0,
1024,autoencoder_B,full_dataset,test,benign_fpr_at_most_0.05,0.029894702574636854,SSH-Bruteforce,0,0,
1024,autoencoder_B,full_dataset,test,benign_fpr_at_most_0.01,0.1542897726514918,Bot,282310,181,0.000641139173249265
1024,autoencoder_B,full_dataset,test,benign_fpr_at_most_0.01,0.1542897726514918,Brute Force -Web,0,0,
1024,autoencoder_B,full_dataset,test,benign_fpr_at_most_0.01,0.1542897726514918,Brute Force -XSS,0,0,
1024,autoencoder_B,full_dataset,test,benign_fpr_at_most_0.01,0.1542897726514918,DDOS attack-HOIC,0,0,
1024,autoencoder_B,full_dataset,test,benign_fpr_at_most_0.01,0.1542897726514918,DDOS attack-LOIC-UDP,0,0,
1024,autoencoder_B,full_dataset,test,benign_fpr_at_most_0.01,0.1542897726514918,DDoS attacks-LOIC-HTTP,0,0,
1024,autoencoder_B,full_dataset,test,benign_fpr_at_most_0.01,0.1542897726514918,DoS attacks-GoldenEye,0,0,
1024,autoencoder_B,full_dataset,test,benign_fpr_at_most_0.01,0.1542897726514918,DoS attacks-Hulk,0,0,
1024,autoencoder_B,full_dataset,test,benign_fpr_at_most_0.01,0.1542897726514918,DoS attacks-SlowHTTPTest,0,0,
1024,autoencoder_B,full_dataset,test,benign_fpr_at_most_0.01,0.1542897726514918,DoS attacks-Slowloris,0,0,
1024,autoencoder_B,full_dataset,test,benign_fpr_at_most_0.01,0.1542897726514918,FTP-BruteForce,0,0,
1024,autoencoder_B,full_dataset,test,benign_fpr_at_most_0.01,0.1542897726514918,Infilteration,93040,3311,0.03558684436801376
1024,autoencoder_B,full_dataset,test,benign_fpr_at_most_0.01,0.1542897726514918,SQL Injection,0,0,
1024,autoencoder_B,full_dataset,test,benign_fpr_at_most_0.01,0.1542897726514918,SSH-Bruteforce,0,0,
1024,autoencoder_B,full_dataset,test,benign_fpr_at_most_0.005,0.21284566949700034,Bot,282310,164,0.000580921681839113
1024,autoencoder_B,full_dataset,test,benign_fpr_at_most_0.005,0.21284566949700034,Brute Force -Web,0,0,
1024,autoencoder_B,full_dataset,test,benign_fpr_at_most_0.005,0.21284566949700034,Brute Force -XSS,0,0,
1024,autoencoder_B,full_dataset,test,benign_fpr_at_most_0.005,0.21284566949700034,DDOS attack-HOIC,0,0,
1024,autoencoder_B,full_dataset,test,benign_fpr_at_most_0.005,0.21284566949700034,DDOS attack-LOIC-UDP,0,0,
1024,autoencoder_B,full_dataset,test,benign_fpr_at_most_0.005,0.21284566949700034,DDoS attacks-LOIC-HTTP,0,0,
1024,autoencoder_B,full_dataset,test,benign_fpr_at_most_0.005,0.21284566949700034,DoS attacks-GoldenEye,0,0,
1024,autoencoder_B,full_dataset,test,benign_fpr_at_most_0.005,0.21284566949700034,DoS attacks-Hulk,0,0,
1024,autoencoder_B,full_dataset,test,benign_fpr_at_most_0.005,0.21284566949700034,DoS attacks-SlowHTTPTest,0,0,
1024,autoencoder_B,full_dataset,test,benign_fpr_at_most_0.005,0.21284566949700034,DoS attacks-Slowloris,0,0,
1024,autoencoder_B,full_dataset,test,benign_fpr_at_most_0.005,0.21284566949700034,FTP-BruteForce,0,0,
1024,autoencoder_B,full_dataset,test,benign_fpr_at_most_0.005,0.21284566949700034,Infilteration,93040,903,0.009705503009458298
1024,autoencoder_B,full_dataset,test,benign_fpr_at_most_0.005,0.21284566949700034,SQL Injection,0,0,
1024,autoencoder_B,full_dataset,test,benign_fpr_at_most_0.005,0.21284566949700034,SSH-Bruteforce,0,0,
1024,autoencoder_B,full_dataset,test,benign_fpr_at_most_0.001,0.9798018423709862,Bot,282310,7,2.4795437639474338e-05
1024,autoencoder_B,full_dataset,test,benign_fpr_at_most_0.001,0.9798018423709862,Brute Force -Web,0,0,
1024,autoencoder_B,full_dataset,test,benign_fpr_at_most_0.001,0.9798018423709862,Brute Force -XSS,0,0,
1024,autoencoder_B,full_dataset,test,benign_fpr_at_most_0.001,0.9798018423709862,DDOS attack-HOIC,0,0,
1024,autoencoder_B,full_dataset,test,benign_fpr_at_most_0.001,0.9798018423709862,DDOS attack-LOIC-UDP,0,0,
1024,autoencoder_B,full_dataset,test,benign_fpr_at_most_0.001,0.9798018423709862,DDoS attacks-LOIC-HTTP,0,0,
1024,autoencoder_B,full_dataset,test,benign_fpr_at_most_0.001,0.9798018423709862,DoS attacks-GoldenEye,0,0,
1024,autoencoder_B,full_dataset,test,benign_fpr_at_most_0.001,0.9798018423709862,DoS attacks-Hulk,0,0,
1024,autoencoder_B,full_dataset,test,benign_fpr_at_most_0.001,0.9798018423709862,DoS attacks-SlowHTTPTest,0,0,
1024,autoencoder_B,full_dataset,test,benign_fpr_at_most_0.001,0.9798018423709862,DoS attacks-Slowloris,0,0,
1024,autoencoder_B,full_dataset,test,benign_fpr_at_most_0.001,0.9798018423709862,FTP-BruteForce,0,0,
1024,autoencoder_B,full_dataset,test,benign_fpr_at_most_0.001,0.9798018423709862,Infilteration,93040,37,0.00039767841788478076
1024,autoencoder_B,full_dataset,test,benign_fpr_at_most_0.001,0.9798018423709862,SQL Injection,0,0,
1024,autoencoder_B,full_dataset,test,benign_fpr_at_most_0.001,0.9798018423709862,SSH-Bruteforce,0,0,
1024,logistic_regression,phase5_matched,validation,fixed_0_5,0.5,Bot,0,0,
1024,logistic_regression,phase5_matched,validation,fixed_0_5,0.5,Brute Force -Web,48,4,0.08333333333333333
1024,logistic_regression,phase5_matched,validation,fixed_0_5,0.5,Brute Force -XSS,11,4,0.36363636363636365
1024,logistic_regression,phase5_matched,validation,fixed_0_5,0.5,DDOS attack-HOIC,0,0,
1024,logistic_regression,phase5_matched,validation,fixed_0_5,0.5,DDOS attack-LOIC-UDP,0,0,
1024,logistic_regression,phase5_matched,validation,fixed_0_5,0.5,DDoS attacks-LOIC-HTTP,0,0,
1024,logistic_regression,phase5_matched,validation,fixed_0_5,0.5,DoS attacks-GoldenEye,0,0,
1024,logistic_regression,phase5_matched,validation,fixed_0_5,0.5,DoS attacks-Hulk,0,0,
1024,logistic_regression,phase5_matched,validation,fixed_0_5,0.5,DoS attacks-SlowHTTPTest,0,0,
1024,logistic_regression,phase5_matched,validation,fixed_0_5,0.5,DoS attacks-Slowloris,0,0,
1024,logistic_regression,phase5_matched,validation,fixed_0_5,0.5,FTP-BruteForce,0,0,
1024,logistic_regression,phase5_matched,validation,fixed_0_5,0.5,Infilteration,8551,616,0.07203835808677347
1024,logistic_regression,phase5_matched,validation,fixed_0_5,0.5,SQL Injection,4,0,0.0
1024,logistic_regression,phase5_matched,validation,fixed_0_5,0.5,SSH-Bruteforce,0,0,
1024,logistic_regression,phase5_matched,validation,fpr_at_most_0.01,0.983165979385376,Bot,0,0,
1024,logistic_regression,phase5_matched,validation,fpr_at_most_0.01,0.983165979385376,Brute Force -Web,48,0,0.0
1024,logistic_regression,phase5_matched,validation,fpr_at_most_0.01,0.983165979385376,Brute Force -XSS,11,0,0.0
1024,logistic_regression,phase5_matched,validation,fpr_at_most_0.01,0.983165979385376,DDOS attack-HOIC,0,0,
1024,logistic_regression,phase5_matched,validation,fpr_at_most_0.01,0.983165979385376,DDOS attack-LOIC-UDP,0,0,
1024,logistic_regression,phase5_matched,validation,fpr_at_most_0.01,0.983165979385376,DDoS attacks-LOIC-HTTP,0,0,
1024,logistic_regression,phase5_matched,validation,fpr_at_most_0.01,0.983165979385376,DoS attacks-GoldenEye,0,0,
1024,logistic_regression,phase5_matched,validation,fpr_at_most_0.01,0.983165979385376,DoS attacks-Hulk,0,0,
1024,logistic_regression,phase5_matched,validation,fpr_at_most_0.01,0.983165979385376,DoS attacks-SlowHTTPTest,0,0,
1024,logistic_regression,phase5_matched,validation,fpr_at_most_0.01,0.983165979385376,DoS attacks-Slowloris,0,0,
1024,logistic_regression,phase5_matched,validation,fpr_at_most_0.01,0.983165979385376,FTP-BruteForce,0,0,
1024,logistic_regression,phase5_matched,validation,fpr_at_most_0.01,0.983165979385376,Infilteration,8551,44,0.005145597006198105
1024,logistic_regression,phase5_matched,validation,fpr_at_most_0.01,0.983165979385376,SQL Injection,4,0,0.0
1024,logistic_regression,phase5_matched,validation,fpr_at_most_0.01,0.983165979385376,SSH-Bruteforce,0,0,
1024,logistic_regression,phase5_matched,test,fixed_0_5,0.5,Bot,35326,0,0.0
1024,logistic_regression,phase5_matched,test,fixed_0_5,0.5,Brute Force -Web,0,0,
1024,logistic_regression,phase5_matched,test,fixed_0_5,0.5,Brute Force -XSS,0,0,
1024,logistic_regression,phase5_matched,test,fixed_0_5,0.5,DDOS attack-HOIC,0,0,
1024,logistic_regression,phase5_matched,test,fixed_0_5,0.5,DDOS attack-LOIC-UDP,0,0,
1024,logistic_regression,phase5_matched,test,fixed_0_5,0.5,DDoS attacks-LOIC-HTTP,0,0,
1024,logistic_regression,phase5_matched,test,fixed_0_5,0.5,DoS attacks-GoldenEye,0,0,
1024,logistic_regression,phase5_matched,test,fixed_0_5,0.5,DoS attacks-Hulk,0,0,
1024,logistic_regression,phase5_matched,test,fixed_0_5,0.5,DoS attacks-SlowHTTPTest,0,0,
1024,logistic_regression,phase5_matched,test,fixed_0_5,0.5,DoS attacks-Slowloris,0,0,
1024,logistic_regression,phase5_matched,test,fixed_0_5,0.5,FTP-BruteForce,0,0,
1024,logistic_regression,phase5_matched,test,fixed_0_5,0.5,Infilteration,11632,394,0.03387207702888583
1024,logistic_regression,phase5_matched,test,fixed_0_5,0.5,SQL Injection,0,0,
1024,logistic_regression,phase5_matched,test,fixed_0_5,0.5,SSH-Bruteforce,0,0,
1024,logistic_regression,phase5_matched,test,fpr_at_most_0.01,0.983165979385376,Bot,35326,0,0.0
1024,logistic_regression,phase5_matched,test,fpr_at_most_0.01,0.983165979385376,Brute Force -Web,0,0,
1024,logistic_regression,phase5_matched,test,fpr_at_most_0.01,0.983165979385376,Brute Force -XSS,0,0,
1024,logistic_regression,phase5_matched,test,fpr_at_most_0.01,0.983165979385376,DDOS attack-HOIC,0,0,
1024,logistic_regression,phase5_matched,test,fpr_at_most_0.01,0.983165979385376,DDOS attack-LOIC-UDP,0,0,
1024,logistic_regression,phase5_matched,test,fpr_at_most_0.01,0.983165979385376,DDoS attacks-LOIC-HTTP,0,0,
1024,logistic_regression,phase5_matched,test,fpr_at_most_0.01,0.983165979385376,DoS attacks-GoldenEye,0,0,
1024,logistic_regression,phase5_matched,test,fpr_at_most_0.01,0.983165979385376,DoS attacks-Hulk,0,0,
1024,logistic_regression,phase5_matched,test,fpr_at_most_0.01,0.983165979385376,DoS attacks-SlowHTTPTest,0,0,
1024,logistic_regression,phase5_matched,test,fpr_at_most_0.01,0.983165979385376,DoS attacks-Slowloris,0,0,
1024,logistic_regression,phase5_matched,test,fpr_at_most_0.01,0.983165979385376,FTP-BruteForce,0,0,
1024,logistic_regression,phase5_matched,test,fpr_at_most_0.01,0.983165979385376,Infilteration,11632,59,0.005072214580467675
1024,logistic_regression,phase5_matched,test,fpr_at_most_0.01,0.983165979385376,SQL Injection,0,0,
1024,logistic_regression,phase5_matched,test,fpr_at_most_0.01,0.983165979385376,SSH-Bruteforce,0,0,
1024,random_forest,phase5_matched,validation,fixed_0_5,0.5,Bot,0,0,
1024,random_forest,phase5_matched,validation,fixed_0_5,0.5,Brute Force -Web,48,12,0.25
1024,random_forest,phase5_matched,validation,fixed_0_5,0.5,Brute Force -XSS,11,1,0.09090909090909091
1024,random_forest,phase5_matched,validation,fixed_0_5,0.5,DDOS attack-HOIC,0,0,
1024,random_forest,phase5_matched,validation,fixed_0_5,0.5,DDOS attack-LOIC-UDP,0,0,
1024,random_forest,phase5_matched,validation,fixed_0_5,0.5,DDoS attacks-LOIC-HTTP,0,0,
1024,random_forest,phase5_matched,validation,fixed_0_5,0.5,DoS attacks-GoldenEye,0,0,
1024,random_forest,phase5_matched,validation,fixed_0_5,0.5,DoS attacks-Hulk,0,0,
1024,random_forest,phase5_matched,validation,fixed_0_5,0.5,DoS attacks-SlowHTTPTest,0,0,
1024,random_forest,phase5_matched,validation,fixed_0_5,0.5,DoS attacks-Slowloris,0,0,
1024,random_forest,phase5_matched,validation,fixed_0_5,0.5,FTP-BruteForce,0,0,
1024,random_forest,phase5_matched,validation,fixed_0_5,0.5,Infilteration,8551,18,0.0021050169570810432
1024,random_forest,phase5_matched,validation,fixed_0_5,0.5,SQL Injection,4,0,0.0
1024,random_forest,phase5_matched,validation,fixed_0_5,0.5,SSH-Bruteforce,0,0,
1024,random_forest,phase5_matched,validation,fpr_at_most_0.01,0.17445130173426815,Bot,0,0,
1024,random_forest,phase5_matched,validation,fpr_at_most_0.01,0.17445130173426815,Brute Force -Web,48,27,0.5625
1024,random_forest,phase5_matched,validation,fpr_at_most_0.01,0.17445130173426815,Brute Force -XSS,11,9,0.8181818181818182
1024,random_forest,phase5_matched,validation,fpr_at_most_0.01,0.17445130173426815,DDOS attack-HOIC,0,0,
1024,random_forest,phase5_matched,validation,fpr_at_most_0.01,0.17445130173426815,DDOS attack-LOIC-UDP,0,0,
1024,random_forest,phase5_matched,validation,fpr_at_most_0.01,0.17445130173426815,DDoS attacks-LOIC-HTTP,0,0,
1024,random_forest,phase5_matched,validation,fpr_at_most_0.01,0.17445130173426815,DoS attacks-GoldenEye,0,0,
1024,random_forest,phase5_matched,validation,fpr_at_most_0.01,0.17445130173426815,DoS attacks-Hulk,0,0,
1024,random_forest,phase5_matched,validation,fpr_at_most_0.01,0.17445130173426815,DoS attacks-SlowHTTPTest,0,0,
1024,random_forest,phase5_matched,validation,fpr_at_most_0.01,0.17445130173426815,DoS attacks-Slowloris,0,0,
1024,random_forest,phase5_matched,validation,fpr_at_most_0.01,0.17445130173426815,FTP-BruteForce,0,0,
1024,random_forest,phase5_matched,validation,fpr_at_most_0.01,0.17445130173426815,Infilteration,8551,86,0.010057303239387206
1024,random_forest,phase5_matched,validation,fpr_at_most_0.01,0.17445130173426815,SQL Injection,4,3,0.75
1024,random_forest,phase5_matched,validation,fpr_at_most_0.01,0.17445130173426815,SSH-Bruteforce,0,0,
1024,random_forest,phase5_matched,test,fixed_0_5,0.5,Bot,35326,0,0.0
1024,random_forest,phase5_matched,test,fixed_0_5,0.5,Brute Force -Web,0,0,
1024,random_forest,phase5_matched,test,fixed_0_5,0.5,Brute Force -XSS,0,0,
1024,random_forest,phase5_matched,test,fixed_0_5,0.5,DDOS attack-HOIC,0,0,
1024,random_forest,phase5_matched,test,fixed_0_5,0.5,DDOS attack-LOIC-UDP,0,0,
1024,random_forest,phase5_matched,test,fixed_0_5,0.5,DDoS attacks-LOIC-HTTP,0,0,
1024,random_forest,phase5_matched,test,fixed_0_5,0.5,DoS attacks-GoldenEye,0,0,
1024,random_forest,phase5_matched,test,fixed_0_5,0.5,DoS attacks-Hulk,0,0,
1024,random_forest,phase5_matched,test,fixed_0_5,0.5,DoS attacks-SlowHTTPTest,0,0,
1024,random_forest,phase5_matched,test,fixed_0_5,0.5,DoS attacks-Slowloris,0,0,
1024,random_forest,phase5_matched,test,fixed_0_5,0.5,FTP-BruteForce,0,0,
1024,random_forest,phase5_matched,test,fixed_0_5,0.5,Infilteration,11632,37,0.0031808803301237964
1024,random_forest,phase5_matched,test,fixed_0_5,0.5,SQL Injection,0,0,
1024,random_forest,phase5_matched,test,fixed_0_5,0.5,SSH-Bruteforce,0,0,
1024,random_forest,phase5_matched,test,fpr_at_most_0.01,0.17445130173426815,Bot,35326,14604,0.4134065560776765
1024,random_forest,phase5_matched,test,fpr_at_most_0.01,0.17445130173426815,Brute Force -Web,0,0,
1024,random_forest,phase5_matched,test,fpr_at_most_0.01,0.17445130173426815,Brute Force -XSS,0,0,
1024,random_forest,phase5_matched,test,fpr_at_most_0.01,0.17445130173426815,DDOS attack-HOIC,0,0,
1024,random_forest,phase5_matched,test,fpr_at_most_0.01,0.17445130173426815,DDOS attack-LOIC-UDP,0,0,
1024,random_forest,phase5_matched,test,fpr_at_most_0.01,0.17445130173426815,DDoS attacks-LOIC-HTTP,0,0,
1024,random_forest,phase5_matched,test,fpr_at_most_0.01,0.17445130173426815,DoS attacks-GoldenEye,0,0,
1024,random_forest,phase5_matched,test,fpr_at_most_0.01,0.17445130173426815,DoS attacks-Hulk,0,0,
1024,random_forest,phase5_matched,test,fpr_at_most_0.01,0.17445130173426815,DoS attacks-SlowHTTPTest,0,0,
1024,random_forest,phase5_matched,test,fpr_at_most_0.01,0.17445130173426815,DoS attacks-Slowloris,0,0,
1024,random_forest,phase5_matched,test,fpr_at_most_0.01,0.17445130173426815,FTP-BruteForce,0,0,
1024,random_forest,phase5_matched,test,fpr_at_most_0.01,0.17445130173426815,Infilteration,11632,213,0.01831155433287483
1024,random_forest,phase5_matched,test,fpr_at_most_0.01,0.17445130173426815,SQL Injection,0,0,
1024,random_forest,phase5_matched,test,fpr_at_most_0.01,0.17445130173426815,SSH-Bruteforce,0,0,
1024,xgboost,phase5_matched,validation,fixed_0_5,0.5,Bot,0,0,
1024,xgboost,phase5_matched,validation,fixed_0_5,0.5,Brute Force -Web,48,11,0.22916666666666666
1024,xgboost,phase5_matched,validation,fixed_0_5,0.5,Brute Force -XSS,11,7,0.6363636363636364
1024,xgboost,phase5_matched,validation,fixed_0_5,0.5,DDOS attack-HOIC,0,0,
1024,xgboost,phase5_matched,validation,fixed_0_5,0.5,DDOS attack-LOIC-UDP,0,0,
1024,xgboost,phase5_matched,validation,fixed_0_5,0.5,DDoS attacks-LOIC-HTTP,0,0,
1024,xgboost,phase5_matched,validation,fixed_0_5,0.5,DoS attacks-GoldenEye,0,0,
1024,xgboost,phase5_matched,validation,fixed_0_5,0.5,DoS attacks-Hulk,0,0,
1024,xgboost,phase5_matched,validation,fixed_0_5,0.5,DoS attacks-SlowHTTPTest,0,0,
1024,xgboost,phase5_matched,validation,fixed_0_5,0.5,DoS attacks-Slowloris,0,0,
1024,xgboost,phase5_matched,validation,fixed_0_5,0.5,FTP-BruteForce,0,0,
1024,xgboost,phase5_matched,validation,fixed_0_5,0.5,Infilteration,8551,94,0.010992866331423226
1024,xgboost,phase5_matched,validation,fixed_0_5,0.5,SQL Injection,4,0,0.0
1024,xgboost,phase5_matched,validation,fixed_0_5,0.5,SSH-Bruteforce,0,0,
1024,xgboost,phase5_matched,validation,fpr_at_most_0.01,0.15651251375675201,Bot,0,0,
1024,xgboost,phase5_matched,validation,fpr_at_most_0.01,0.15651251375675201,Brute Force -Web,48,18,0.375
1024,xgboost,phase5_matched,validation,fpr_at_most_0.01,0.15651251375675201,Brute Force -XSS,11,8,0.7272727272727273
1024,xgboost,phase5_matched,validation,fpr_at_most_0.01,0.15651251375675201,DDOS attack-HOIC,0,0,
1024,xgboost,phase5_matched,validation,fpr_at_most_0.01,0.15651251375675201,DDOS attack-LOIC-UDP,0,0,
1024,xgboost,phase5_matched,validation,fpr_at_most_0.01,0.15651251375675201,DDoS attacks-LOIC-HTTP,0,0,
1024,xgboost,phase5_matched,validation,fpr_at_most_0.01,0.15651251375675201,DoS attacks-GoldenEye,0,0,
1024,xgboost,phase5_matched,validation,fpr_at_most_0.01,0.15651251375675201,DoS attacks-Hulk,0,0,
1024,xgboost,phase5_matched,validation,fpr_at_most_0.01,0.15651251375675201,DoS attacks-SlowHTTPTest,0,0,
1024,xgboost,phase5_matched,validation,fpr_at_most_0.01,0.15651251375675201,DoS attacks-Slowloris,0,0,
1024,xgboost,phase5_matched,validation,fpr_at_most_0.01,0.15651251375675201,FTP-BruteForce,0,0,
1024,xgboost,phase5_matched,validation,fpr_at_most_0.01,0.15651251375675201,Infilteration,8551,117,0.01368261022102678
1024,xgboost,phase5_matched,validation,fpr_at_most_0.01,0.15651251375675201,SQL Injection,4,1,0.25
1024,xgboost,phase5_matched,validation,fpr_at_most_0.01,0.15651251375675201,SSH-Bruteforce,0,0,
1024,xgboost,phase5_matched,test,fixed_0_5,0.5,Bot,35326,0,0.0
1024,xgboost,phase5_matched,test,fixed_0_5,0.5,Brute Force -Web,0,0,
1024,xgboost,phase5_matched,test,fixed_0_5,0.5,Brute Force -XSS,0,0,
1024,xgboost,phase5_matched,test,fixed_0_5,0.5,DDOS attack-HOIC,0,0,
1024,xgboost,phase5_matched,test,fixed_0_5,0.5,DDOS attack-LOIC-UDP,0,0,
1024,xgboost,phase5_matched,test,fixed_0_5,0.5,DDoS attacks-LOIC-HTTP,0,0,
1024,xgboost,phase5_matched,test,fixed_0_5,0.5,DoS attacks-GoldenEye,0,0,
1024,xgboost,phase5_matched,test,fixed_0_5,0.5,DoS attacks-Hulk,0,0,
1024,xgboost,phase5_matched,test,fixed_0_5,0.5,DoS attacks-SlowHTTPTest,0,0,
1024,xgboost,phase5_matched,test,fixed_0_5,0.5,DoS attacks-Slowloris,0,0,
1024,xgboost,phase5_matched,test,fixed_0_5,0.5,FTP-BruteForce,0,0,
1024,xgboost,phase5_matched,test,fixed_0_5,0.5,Infilteration,11632,214,0.01839752407152682
1024,xgboost,phase5_matched,test,fixed_0_5,0.5,SQL Injection,0,0,
1024,xgboost,phase5_matched,test,fixed_0_5,0.5,SSH-Bruteforce,0,0,
1024,xgboost,phase5_matched,test,fpr_at_most_0.01,0.15651251375675201,Bot,35326,0,0.0
1024,xgboost,phase5_matched,test,fpr_at_most_0.01,0.15651251375675201,Brute Force -Web,0,0,
1024,xgboost,phase5_matched,test,fpr_at_most_0.01,0.15651251375675201,Brute Force -XSS,0,0,
1024,xgboost,phase5_matched,test,fpr_at_most_0.01,0.15651251375675201,DDOS attack-HOIC,0,0,
1024,xgboost,phase5_matched,test,fpr_at_most_0.01,0.15651251375675201,DDOS attack-LOIC-UDP,0,0,
1024,xgboost,phase5_matched,test,fpr_at_most_0.01,0.15651251375675201,DDoS attacks-LOIC-HTTP,0,0,
1024,xgboost,phase5_matched,test,fpr_at_most_0.01,0.15651251375675201,DoS attacks-GoldenEye,0,0,
1024,xgboost,phase5_matched,test,fpr_at_most_0.01,0.15651251375675201,DoS attacks-Hulk,0,0,
1024,xgboost,phase5_matched,test,fpr_at_most_0.01,0.15651251375675201,DoS attacks-SlowHTTPTest,0,0,
1024,xgboost,phase5_matched,test,fpr_at_most_0.01,0.15651251375675201,DoS attacks-Slowloris,0,0,
1024,xgboost,phase5_matched,test,fpr_at_most_0.01,0.15651251375675201,FTP-BruteForce,0,0,
1024,xgboost,phase5_matched,test,fpr_at_most_0.01,0.15651251375675201,Infilteration,11632,281,0.024157496561210454
1024,xgboost,phase5_matched,test,fpr_at_most_0.01,0.15651251375675201,SQL Injection,0,0,
1024,xgboost,phase5_matched,test,fpr_at_most_0.01,0.15651251375675201,SSH-Bruteforce,0,0,
1024,mlp,phase5_matched,validation,fixed_0_5,0.5,Bot,0,0,
1024,mlp,phase5_matched,validation,fixed_0_5,0.5,Brute Force -Web,48,22,0.4583333333333333
1024,mlp,phase5_matched,validation,fixed_0_5,0.5,Brute Force -XSS,11,6,0.5454545454545454
1024,mlp,phase5_matched,validation,fixed_0_5,0.5,DDOS attack-HOIC,0,0,
1024,mlp,phase5_matched,validation,fixed_0_5,0.5,DDOS attack-LOIC-UDP,0,0,
1024,mlp,phase5_matched,validation,fixed_0_5,0.5,DDoS attacks-LOIC-HTTP,0,0,
1024,mlp,phase5_matched,validation,fixed_0_5,0.5,DoS attacks-GoldenEye,0,0,
1024,mlp,phase5_matched,validation,fixed_0_5,0.5,DoS attacks-Hulk,0,0,
1024,mlp,phase5_matched,validation,fixed_0_5,0.5,DoS attacks-SlowHTTPTest,0,0,
1024,mlp,phase5_matched,validation,fixed_0_5,0.5,DoS attacks-Slowloris,0,0,
1024,mlp,phase5_matched,validation,fixed_0_5,0.5,FTP-BruteForce,0,0,
1024,mlp,phase5_matched,validation,fixed_0_5,0.5,Infilteration,8551,33,0.0038591977546485793
1024,mlp,phase5_matched,validation,fixed_0_5,0.5,SQL Injection,4,2,0.5
1024,mlp,phase5_matched,validation,fixed_0_5,0.5,SSH-Bruteforce,0,0,
1024,mlp,phase5_matched,validation,fpr_at_most_0.01,0.00829916913062334,Bot,0,0,
1024,mlp,phase5_matched,validation,fpr_at_most_0.01,0.00829916913062334,Brute Force -Web,48,27,0.5625
1024,mlp,phase5_matched,validation,fpr_at_most_0.01,0.00829916913062334,Brute Force -XSS,11,10,0.9090909090909091
1024,mlp,phase5_matched,validation,fpr_at_most_0.01,0.00829916913062334,DDOS attack-HOIC,0,0,
1024,mlp,phase5_matched,validation,fpr_at_most_0.01,0.00829916913062334,DDOS attack-LOIC-UDP,0,0,
1024,mlp,phase5_matched,validation,fpr_at_most_0.01,0.00829916913062334,DDoS attacks-LOIC-HTTP,0,0,
1024,mlp,phase5_matched,validation,fpr_at_most_0.01,0.00829916913062334,DoS attacks-GoldenEye,0,0,
1024,mlp,phase5_matched,validation,fpr_at_most_0.01,0.00829916913062334,DoS attacks-Hulk,0,0,
1024,mlp,phase5_matched,validation,fpr_at_most_0.01,0.00829916913062334,DoS attacks-SlowHTTPTest,0,0,
1024,mlp,phase5_matched,validation,fpr_at_most_0.01,0.00829916913062334,DoS attacks-Slowloris,0,0,
1024,mlp,phase5_matched,validation,fpr_at_most_0.01,0.00829916913062334,FTP-BruteForce,0,0,
1024,mlp,phase5_matched,validation,fpr_at_most_0.01,0.00829916913062334,Infilteration,8551,130,0.01520290024558531
1024,mlp,phase5_matched,validation,fpr_at_most_0.01,0.00829916913062334,SQL Injection,4,4,1.0
1024,mlp,phase5_matched,validation,fpr_at_most_0.01,0.00829916913062334,SSH-Bruteforce,0,0,
1024,mlp,phase5_matched,test,fixed_0_5,0.5,Bot,35326,0,0.0
1024,mlp,phase5_matched,test,fixed_0_5,0.5,Brute Force -Web,0,0,
1024,mlp,phase5_matched,test,fixed_0_5,0.5,Brute Force -XSS,0,0,
1024,mlp,phase5_matched,test,fixed_0_5,0.5,DDOS attack-HOIC,0,0,
1024,mlp,phase5_matched,test,fixed_0_5,0.5,DDOS attack-LOIC-UDP,0,0,
1024,mlp,phase5_matched,test,fixed_0_5,0.5,DDoS attacks-LOIC-HTTP,0,0,
1024,mlp,phase5_matched,test,fixed_0_5,0.5,DoS attacks-GoldenEye,0,0,
1024,mlp,phase5_matched,test,fixed_0_5,0.5,DoS attacks-Hulk,0,0,
1024,mlp,phase5_matched,test,fixed_0_5,0.5,DoS attacks-SlowHTTPTest,0,0,
1024,mlp,phase5_matched,test,fixed_0_5,0.5,DoS attacks-Slowloris,0,0,
1024,mlp,phase5_matched,test,fixed_0_5,0.5,FTP-BruteForce,0,0,
1024,mlp,phase5_matched,test,fixed_0_5,0.5,Infilteration,11632,89,0.007651306740027511
1024,mlp,phase5_matched,test,fixed_0_5,0.5,SQL Injection,0,0,
1024,mlp,phase5_matched,test,fixed_0_5,0.5,SSH-Bruteforce,0,0,
1024,mlp,phase5_matched,test,fpr_at_most_0.01,0.00829916913062334,Bot,35326,0,0.0
1024,mlp,phase5_matched,test,fpr_at_most_0.01,0.00829916913062334,Brute Force -Web,0,0,
1024,mlp,phase5_matched,test,fpr_at_most_0.01,0.00829916913062334,Brute Force -XSS,0,0,
1024,mlp,phase5_matched,test,fpr_at_most_0.01,0.00829916913062334,DDOS attack-HOIC,0,0,
1024,mlp,phase5_matched,test,fpr_at_most_0.01,0.00829916913062334,DDOS attack-LOIC-UDP,0,0,
1024,mlp,phase5_matched,test,fpr_at_most_0.01,0.00829916913062334,DDoS attacks-LOIC-HTTP,0,0,
1024,mlp,phase5_matched,test,fpr_at_most_0.01,0.00829916913062334,DoS attacks-GoldenEye,0,0,
1024,mlp,phase5_matched,test,fpr_at_most_0.01,0.00829916913062334,DoS attacks-Hulk,0,0,
1024,mlp,phase5_matched,test,fpr_at_most_0.01,0.00829916913062334,DoS attacks-SlowHTTPTest,0,0,
1024,mlp,phase5_matched,test,fpr_at_most_0.01,0.00829916913062334,DoS attacks-Slowloris,0,0,
1024,mlp,phase5_matched,test,fpr_at_most_0.01,0.00829916913062334,FTP-BruteForce,0,0,
1024,mlp,phase5_matched,test,fpr_at_most_0.01,0.00829916913062334,Infilteration,11632,183,0.015732462173314993
1024,mlp,phase5_matched,test,fpr_at_most_0.01,0.00829916913062334,SQL Injection,0,0,
1024,mlp,phase5_matched,test,fpr_at_most_0.01,0.00829916913062334,SSH-Bruteforce,0,0,
1024,rf_or_ae,full_dataset,validation,component_1_percent,0.5,Benign,1583520,30548,0.019291199353339394
1024,rf_or_ae,full_dataset,validation,component_1_percent,0.5,Bot,0,0,
1024,rf_or_ae,full_dataset,validation,component_1_percent,0.5,Brute Force -Web,362,283,0.7817679558011049
1024,rf_or_ae,full_dataset,validation,component_1_percent,0.5,Brute Force -XSS,151,119,0.7880794701986755
1024,rf_or_ae,full_dataset,validation,component_1_percent,0.5,DDOS attack-HOIC,0,0,
1024,rf_or_ae,full_dataset,validation,component_1_percent,0.5,DDOS attack-LOIC-UDP,0,0,
1024,rf_or_ae,full_dataset,validation,component_1_percent,0.5,DDoS attacks-LOIC-HTTP,0,0,
1024,rf_or_ae,full_dataset,validation,component_1_percent,0.5,DoS attacks-GoldenEye,0,0,
1024,rf_or_ae,full_dataset,validation,component_1_percent,0.5,DoS attacks-Hulk,0,0,
1024,rf_or_ae,full_dataset,validation,component_1_percent,0.5,DoS attacks-SlowHTTPTest,0,0,
1024,rf_or_ae,full_dataset,validation,component_1_percent,0.5,DoS attacks-Slowloris,0,0,
1024,rf_or_ae,full_dataset,validation,component_1_percent,0.5,FTP-BruteForce,0,0,
1024,rf_or_ae,full_dataset,validation,component_1_percent,0.5,Infilteration,68857,3016,0.04380092074879823
1024,rf_or_ae,full_dataset,validation,component_1_percent,0.5,SQL Injection,53,27,0.5094339622641509
1024,rf_or_ae,full_dataset,validation,component_1_percent,0.5,SSH-Bruteforce,0,0,
1024,rf_or_ae,full_dataset,test,component_1_percent,0.5,Benign,998793,17685,0.017706371590509744
1024,rf_or_ae,full_dataset,test,component_1_percent,0.5,Bot,282310,116235,0.41172824200347136
1024,rf_or_ae,full_dataset,test,component_1_percent,0.5,Brute Force -Web,0,0,
1024,rf_or_ae,full_dataset,test,component_1_percent,0.5,Brute Force -XSS,0,0,
1024,rf_or_ae,full_dataset,test,component_1_percent,0.5,DDOS attack-HOIC,0,0,
1024,rf_or_ae,full_dataset,test,component_1_percent,0.5,DDOS attack-LOIC-UDP,0,0,
1024,rf_or_ae,full_dataset,test,component_1_percent,0.5,DDoS attacks-LOIC-HTTP,0,0,
1024,rf_or_ae,full_dataset,test,component_1_percent,0.5,DoS attacks-GoldenEye,0,0,
1024,rf_or_ae,full_dataset,test,component_1_percent,0.5,DoS attacks-Hulk,0,0,
1024,rf_or_ae,full_dataset,test,component_1_percent,0.5,DoS attacks-SlowHTTPTest,0,0,
1024,rf_or_ae,full_dataset,test,component_1_percent,0.5,DoS attacks-Slowloris,0,0,
1024,rf_or_ae,full_dataset,test,component_1_percent,0.5,FTP-BruteForce,0,0,
1024,rf_or_ae,full_dataset,test,component_1_percent,0.5,Infilteration,93040,4559,0.04900042992261393
1024,rf_or_ae,full_dataset,test,component_1_percent,0.5,SQL Injection,0,0,
1024,rf_or_ae,full_dataset,test,component_1_percent,0.5,SSH-Bruteforce,0,0,
